solid OpenSCAD_Model
  facet normal 0.997865 0 -0.0653156
    outer loop
      vertex 17.5 3 23.4
      vertex 17.4701 9 22.9432
      vertex 17.5 9 23.4
    endloop
  endfacet
  facet normal 0.997865 0 -0.0653156
    outer loop
      vertex 17.4701 9 22.9432
      vertex 17.5 3 23.4
      vertex 17.4701 3 22.9432
    endloop
  endfacet
  facet normal -0.0653156 0 -0.997865
    outer loop
      vertex 13.5432 3 19.9299
      vertex 14 9 19.9
      vertex 14 3 19.9
    endloop
  endfacet
  facet normal -0.0653156 0 -0.997865
    outer loop
      vertex 14 9 19.9
      vertex 13.5432 3 19.9299
      vertex 13.5432 9 19.9299
    endloop
  endfacet
  facet normal 0.0653156 0 0.997865
    outer loop
      vertex 14 9 26.9
      vertex 14.4568 3 26.8701
      vertex 14.4568 9 26.8701
    endloop
  endfacet
  facet normal 0.0653156 0 0.997865
    outer loop
      vertex 14.4568 3 26.8701
      vertex 14 9 26.9
      vertex 14 3 26.9
    endloop
  endfacet
  facet normal 0.659278 0 -0.7519
    outer loop
      vertex 16.1307 3 20.6233
      vertex 16.4749 9 20.9251
      vertex 16.4749 3 20.9251
    endloop
  endfacet
  facet normal 0.659278 0 -0.7519
    outer loop
      vertex 16.4749 9 20.9251
      vertex 16.1307 3 20.6233
      vertex 16.1307 9 20.6233
    endloop
  endfacet
  facet normal -0.7519 0 -0.659278
    outer loop
      vertex 11.5251 3 20.9251
      vertex 11.2233 9 21.2693
      vertex 11.5251 9 20.9251
    endloop
  endfacet
  facet normal -0.7519 -0 -0.659278
    outer loop
      vertex 11.2233 9 21.2693
      vertex 11.5251 3 20.9251
      vertex 11.2233 3 21.2693
    endloop
  endfacet
  facet normal -0.442314 0 -0.89686
    outer loop
      vertex 12.25 3 20.3689
      vertex 12.6606 9 20.1664
      vertex 12.6606 3 20.1664
    endloop
  endfacet
  facet normal -0.442314 0 -0.89686
    outer loop
      vertex 12.6606 9 20.1664
      vertex 12.25 3 20.3689
      vertex 12.25 9 20.3689
    endloop
  endfacet
  facet normal 0.946966 -0 0.321335
    outer loop
      vertex 17.2336 3 24.7394
      vertex 17.3807 9 24.3059
      vertex 17.2336 9 24.7394
    endloop
  endfacet
  facet normal 0.946966 0 0.321335
    outer loop
      vertex 17.3807 9 24.3059
      vertex 17.2336 3 24.7394
      vertex 17.3807 3 24.3059
    endloop
  endfacet
  facet normal 0.89686 0 -0.442314
    outer loop
      vertex 17.2336 3 22.0606
      vertex 17.0311 9 21.65
      vertex 17.2336 9 22.0606
    endloop
  endfacet
  facet normal 0.89686 0 -0.442314
    outer loop
      vertex 17.0311 9 21.65
      vertex 17.2336 3 22.0606
      vertex 17.0311 3 21.65
    endloop
  endfacet
  facet normal 0.980757 0 -0.195234
    outer loop
      vertex 17.4701 3 22.9432
      vertex 17.3807 9 22.4941
      vertex 17.4701 9 22.9432
    endloop
  endfacet
  facet normal 0.980757 0 -0.195234
    outer loop
      vertex 17.3807 9 22.4941
      vertex 17.4701 3 22.9432
      vertex 17.3807 3 22.4941
    endloop
  endfacet
  facet normal 0.321335 0 -0.946966
    outer loop
      vertex 14.9059 3 20.0193
      vertex 15.3394 9 20.1664
      vertex 15.3394 3 20.1664
    endloop
  endfacet
  facet normal 0.321335 0 -0.946966
    outer loop
      vertex 15.3394 9 20.1664
      vertex 14.9059 3 20.0193
      vertex 14.9059 9 20.0193
    endloop
  endfacet
  facet normal 0.195234 0 -0.980757
    outer loop
      vertex 14.4568 3 19.9299
      vertex 14.9059 9 20.0193
      vertex 14.9059 3 20.0193
    endloop
  endfacet
  facet normal 0.195234 0 -0.980757
    outer loop
      vertex 14.9059 9 20.0193
      vertex 14.4568 3 19.9299
      vertex 14.4568 9 19.9299
    endloop
  endfacet
  facet normal 0.442314 0 -0.89686
    outer loop
      vertex 15.3394 3 20.1664
      vertex 15.75 9 20.3689
      vertex 15.75 3 20.3689
    endloop
  endfacet
  facet normal 0.442314 0 -0.89686
    outer loop
      vertex 15.75 9 20.3689
      vertex 15.3394 3 20.1664
      vertex 15.3394 9 20.1664
    endloop
  endfacet
  facet normal -0.946966 0 -0.321335
    outer loop
      vertex 10.7664 3 22.0606
      vertex 10.6193 9 22.4941
      vertex 10.7664 9 22.0606
    endloop
  endfacet
  facet normal -0.946966 -0 -0.321335
    outer loop
      vertex 10.6193 9 22.4941
      vertex 10.7664 3 22.0606
      vertex 10.6193 3 22.4941
    endloop
  endfacet
  facet normal -0.831445 0 -0.555607
    outer loop
      vertex 11.2233 3 21.2693
      vertex 10.9689 9 21.65
      vertex 11.2233 9 21.2693
    endloop
  endfacet
  facet normal -0.831445 -0 -0.555607
    outer loop
      vertex 10.9689 9 21.65
      vertex 11.2233 3 21.2693
      vertex 10.9689 3 21.65
    endloop
  endfacet
  facet normal -0.980757 0 -0.195234
    outer loop
      vertex 10.6193 3 22.4941
      vertex 10.5299 9 22.9432
      vertex 10.6193 9 22.4941
    endloop
  endfacet
  facet normal -0.980757 -0 -0.195234
    outer loop
      vertex 10.5299 9 22.9432
      vertex 10.6193 3 22.4941
      vertex 10.5299 3 22.9432
    endloop
  endfacet
  facet normal -0.555607 0 -0.831445
    outer loop
      vertex 11.8693 3 20.6233
      vertex 12.25 9 20.3689
      vertex 12.25 3 20.3689
    endloop
  endfacet
  facet normal -0.555607 0 -0.831445
    outer loop
      vertex 12.25 9 20.3689
      vertex 11.8693 3 20.6233
      vertex 11.8693 9 20.6233
    endloop
  endfacet
  facet normal -0.321335 0 -0.946966
    outer loop
      vertex 12.6606 3 20.1664
      vertex 13.0941 9 20.0193
      vertex 13.0941 3 20.0193
    endloop
  endfacet
  facet normal -0.321335 0 -0.946966
    outer loop
      vertex 13.0941 9 20.0193
      vertex 12.6606 3 20.1664
      vertex 12.6606 9 20.1664
    endloop
  endfacet
  facet normal -0.831445 0 0.555607
    outer loop
      vertex 10.9689 3 25.15
      vertex 11.2233 9 25.5307
      vertex 10.9689 9 25.15
    endloop
  endfacet
  facet normal -0.831445 0 0.555607
    outer loop
      vertex 11.2233 9 25.5307
      vertex 10.9689 3 25.15
      vertex 11.2233 3 25.5307
    endloop
  endfacet
  facet normal 0.195234 0 0.980757
    outer loop
      vertex 14.4568 9 26.8701
      vertex 14.9059 3 26.7807
      vertex 14.9059 9 26.7807
    endloop
  endfacet
  facet normal 0.195234 0 0.980757
    outer loop
      vertex 14.9059 3 26.7807
      vertex 14.4568 9 26.8701
      vertex 14.4568 3 26.8701
    endloop
  endfacet
  facet normal 0.442314 0 0.89686
    outer loop
      vertex 15.3394 9 26.6336
      vertex 15.75 3 26.4311
      vertex 15.75 9 26.4311
    endloop
  endfacet
  facet normal 0.442314 0 0.89686
    outer loop
      vertex 15.75 3 26.4311
      vertex 15.3394 9 26.6336
      vertex 15.3394 3 26.6336
    endloop
  endfacet
  facet normal 0.946966 0 -0.321335
    outer loop
      vertex 17.3807 3 22.4941
      vertex 17.2336 9 22.0606
      vertex 17.3807 9 22.4941
    endloop
  endfacet
  facet normal 0.946966 0 -0.321335
    outer loop
      vertex 17.2336 9 22.0606
      vertex 17.3807 3 22.4941
      vertex 17.2336 3 22.0606
    endloop
  endfacet
  facet normal 0.7519 0 -0.659278
    outer loop
      vertex 16.7767 3 21.2693
      vertex 16.4749 9 20.9251
      vertex 16.7767 9 21.2693
    endloop
  endfacet
  facet normal 0.7519 0 -0.659278
    outer loop
      vertex 16.4749 9 20.9251
      vertex 16.7767 3 21.2693
      vertex 16.4749 3 20.9251
    endloop
  endfacet
  facet normal 0.831445 0 -0.555607
    outer loop
      vertex 17.0311 3 21.65
      vertex 16.7767 9 21.2693
      vertex 17.0311 9 21.65
    endloop
  endfacet
  facet normal 0.831445 0 -0.555607
    outer loop
      vertex 16.7767 9 21.2693
      vertex 17.0311 3 21.65
      vertex 16.7767 3 21.2693
    endloop
  endfacet
  facet normal 0.0653156 0 -0.997865
    outer loop
      vertex 14 3 19.9
      vertex 14.4568 9 19.9299
      vertex 14.4568 3 19.9299
    endloop
  endfacet
  facet normal 0.0653156 0 -0.997865
    outer loop
      vertex 14.4568 9 19.9299
      vertex 14 3 19.9
      vertex 14 9 19.9
    endloop
  endfacet
  facet normal 0.555607 0 -0.831445
    outer loop
      vertex 15.75 3 20.3689
      vertex 16.1307 9 20.6233
      vertex 16.1307 3 20.6233
    endloop
  endfacet
  facet normal 0.555607 0 -0.831445
    outer loop
      vertex 16.1307 9 20.6233
      vertex 15.75 3 20.3689
      vertex 15.75 9 20.3689
    endloop
  endfacet
  facet normal 0 1 -0
    outer loop
      vertex 112.694 3 26.7807
      vertex 4 3 31.8
      vertex 113.143 3 26.8701
    endloop
  endfacet
  facet normal 0 1 0
    outer loop
      vertex 4 3 31.8
      vertex 14.4568 3 26.8701
      vertex 14 3 26.9
    endloop
  endfacet
  facet normal 0 1 -0
    outer loop
      vertex 112.261 3 26.6336
      vertex 4 3 31.8
      vertex 112.694 3 26.7807
    endloop
  endfacet
  facet normal 0 1 0
    outer loop
      vertex 4 3 31.8
      vertex 14.9059 3 26.7807
      vertex 14.4568 3 26.8701
    endloop
  endfacet
  facet normal 0 1 -0
    outer loop
      vertex 15.3394 3 26.6336
      vertex 4 3 31.8
      vertex 112.261 3 26.6336
    endloop
  endfacet
  facet normal 0 1 0
    outer loop
      vertex 4 3 31.8
      vertex 15.3394 3 26.6336
      vertex 14.9059 3 26.7807
    endloop
  endfacet
  facet normal 0 1 -0
    outer loop
      vertex 111.85 3 26.4311
      vertex 15.3394 3 26.6336
      vertex 112.261 3 26.6336
    endloop
  endfacet
  facet normal 0 1 0
    outer loop
      vertex 111.85 3 26.4311
      vertex 15.75 3 26.4311
      vertex 15.3394 3 26.6336
    endloop
  endfacet
  facet normal 0 1 -0
    outer loop
      vertex 111.469 3 26.1767
      vertex 15.75 3 26.4311
      vertex 111.85 3 26.4311
    endloop
  endfacet
  facet normal 0 1 0
    outer loop
      vertex 111.469 3 26.1767
      vertex 16.1307 3 26.1767
      vertex 15.75 3 26.4311
    endloop
  endfacet
  facet normal 0 1 -0
    outer loop
      vertex 111.125 3 25.8749
      vertex 16.1307 3 26.1767
      vertex 111.469 3 26.1767
    endloop
  endfacet
  facet normal 0 1 0
    outer loop
      vertex 111.125 3 25.8749
      vertex 16.4749 3 25.8749
      vertex 16.1307 3 26.1767
    endloop
  endfacet
  facet normal 0 1 -0
    outer loop
      vertex 110.823 3 25.5307
      vertex 16.4749 3 25.8749
      vertex 111.125 3 25.8749
    endloop
  endfacet
  facet normal 0 1 0
    outer loop
      vertex 110.823 3 25.5307
      vertex 16.7767 3 25.5307
      vertex 16.4749 3 25.8749
    endloop
  endfacet
  facet normal 0 1 -0
    outer loop
      vertex 110.569 3 25.15
      vertex 16.7767 3 25.5307
      vertex 110.823 3 25.5307
    endloop
  endfacet
  facet normal 0 1 0
    outer loop
      vertex 110.569 3 25.15
      vertex 17.0311 3 25.15
      vertex 16.7767 3 25.5307
    endloop
  endfacet
  facet normal 0 1 -0
    outer loop
      vertex 110.366 3 24.7394
      vertex 17.0311 3 25.15
      vertex 110.569 3 25.15
    endloop
  endfacet
  facet normal 0 1 0
    outer loop
      vertex 110.366 3 24.7394
      vertex 17.2336 3 24.7394
      vertex 17.0311 3 25.15
    endloop
  endfacet
  facet normal 0 1 -0
    outer loop
      vertex 110.219 3 24.3059
      vertex 17.2336 3 24.7394
      vertex 110.366 3 24.7394
    endloop
  endfacet
  facet normal 0 1 0
    outer loop
      vertex 110.219 3 24.3059
      vertex 17.3807 3 24.3059
      vertex 17.2336 3 24.7394
    endloop
  endfacet
  facet normal 0 1 -0
    outer loop
      vertex 110.13 3 23.8568
      vertex 17.3807 3 24.3059
      vertex 110.219 3 24.3059
    endloop
  endfacet
  facet normal 0 1 0
    outer loop
      vertex 110.13 3 23.8568
      vertex 17.4701 3 23.8568
      vertex 17.3807 3 24.3059
    endloop
  endfacet
  facet normal 0 1 -0
    outer loop
      vertex 110.1 3 23.4
      vertex 17.4701 3 23.8568
      vertex 110.13 3 23.8568
    endloop
  endfacet
  facet normal 0 1 0
    outer loop
      vertex 110.1 3 23.4
      vertex 17.5 3 23.4
      vertex 17.4701 3 23.8568
    endloop
  endfacet
  facet normal 0 1 0
    outer loop
      vertex 110.13 3 22.9432
      vertex 17.5 3 23.4
      vertex 110.1 3 23.4
    endloop
  endfacet
  facet normal 0 1 0
    outer loop
      vertex 110.13 3 22.9432
      vertex 17.4701 3 22.9432
      vertex 17.5 3 23.4
    endloop
  endfacet
  facet normal 0 1 0
    outer loop
      vertex 110.219 3 22.4941
      vertex 17.4701 3 22.9432
      vertex 110.13 3 22.9432
    endloop
  endfacet
  facet normal 0 1 0
    outer loop
      vertex 110.219 3 22.4941
      vertex 17.3807 3 22.4941
      vertex 17.4701 3 22.9432
    endloop
  endfacet
  facet normal 0 1 0
    outer loop
      vertex 110.366 3 22.0606
      vertex 17.3807 3 22.4941
      vertex 110.219 3 22.4941
    endloop
  endfacet
  facet normal 0 1 0
    outer loop
      vertex 110.366 3 22.0606
      vertex 17.2336 3 22.0606
      vertex 17.3807 3 22.4941
    endloop
  endfacet
  facet normal 0 1 0
    outer loop
      vertex 110.569 3 21.65
      vertex 17.2336 3 22.0606
      vertex 110.366 3 22.0606
    endloop
  endfacet
  facet normal 0 1 0
    outer loop
      vertex 110.569 3 21.65
      vertex 17.0311 3 21.65
      vertex 17.2336 3 22.0606
    endloop
  endfacet
  facet normal 0 1 0
    outer loop
      vertex 110.823 3 21.2693
      vertex 17.0311 3 21.65
      vertex 110.569 3 21.65
    endloop
  endfacet
  facet normal 0 1 0
    outer loop
      vertex 110.823 3 21.2693
      vertex 16.7767 3 21.2693
      vertex 17.0311 3 21.65
    endloop
  endfacet
  facet normal 0 1 0
    outer loop
      vertex 111.125 3 20.9251
      vertex 16.7767 3 21.2693
      vertex 110.823 3 21.2693
    endloop
  endfacet
  facet normal 0 1 0
    outer loop
      vertex 111.125 3 20.9251
      vertex 16.4749 3 20.9251
      vertex 16.7767 3 21.2693
    endloop
  endfacet
  facet normal 0 1 0
    outer loop
      vertex 4 3 2.39999
      vertex 111.125 3 20.9251
      vertex 111.469 3 20.6233
    endloop
  endfacet
  facet normal 0 1 0
    outer loop
      vertex 111.125 3 20.9251
      vertex 4 3 2.39999
      vertex 16.4749 3 20.9251
    endloop
  endfacet
  facet normal 0 1 0
    outer loop
      vertex 4 3 2.39999
      vertex 111.469 3 20.6233
      vertex 111.85 3 20.3689
    endloop
  endfacet
  facet normal 0 1 0
    outer loop
      vertex 16.4749 3 20.9251
      vertex 4 3 2.39999
      vertex 16.1307 3 20.6233
    endloop
  endfacet
  facet normal 0 1 0
    outer loop
      vertex 4 3 2.39999
      vertex 111.85 3 20.3689
      vertex 112.261 3 20.1664
    endloop
  endfacet
  facet normal 0 1 0
    outer loop
      vertex 16.1307 3 20.6233
      vertex 4 3 2.39999
      vertex 15.75 3 20.3689
    endloop
  endfacet
  facet normal 0 1 0
    outer loop
      vertex 4 3 2.39999
      vertex 112.261 3 20.1664
      vertex 112.694 3 20.0193
    endloop
  endfacet
  facet normal 0 1 0
    outer loop
      vertex 15.75 3 20.3689
      vertex 4 3 2.39999
      vertex 15.3394 3 20.1664
    endloop
  endfacet
  facet normal 0 1 0
    outer loop
      vertex 4 3 2.39999
      vertex 112.694 3 20.0193
      vertex 113.143 3 19.9299
    endloop
  endfacet
  facet normal 0 1 0
    outer loop
      vertex 15.3394 3 20.1664
      vertex 4 3 2.39999
      vertex 14.9059 3 20.0193
    endloop
  endfacet
  facet normal 0 1 0
    outer loop
      vertex 4 3 2.39999
      vertex 113.143 3 19.9299
      vertex 113.6 3 19.9
    endloop
  endfacet
  facet normal 0 1 0
    outer loop
      vertex 14.9059 3 20.0193
      vertex 4 3 2.39999
      vertex 14.4568 3 19.9299
    endloop
  endfacet
  facet normal 0 1 -0
    outer loop
      vertex 212.743 3 26.8701
      vertex 113.6 3 26.9
      vertex 213.2 3 26.9
    endloop
  endfacet
  facet normal 0 1 0
    outer loop
      vertex 212.743 3 26.8701
      vertex 114.057 3 26.8701
      vertex 113.6 3 26.9
    endloop
  endfacet
  facet normal 0 1 -0
    outer loop
      vertex 212.294 3 26.7807
      vertex 114.057 3 26.8701
      vertex 212.743 3 26.8701
    endloop
  endfacet
  facet normal 0 1 0
    outer loop
      vertex 212.294 3 26.7807
      vertex 114.506 3 26.7807
      vertex 114.057 3 26.8701
    endloop
  endfacet
  facet normal 0 1 -0
    outer loop
      vertex 211.861 3 26.6336
      vertex 114.506 3 26.7807
      vertex 212.294 3 26.7807
    endloop
  endfacet
  facet normal 0 1 0
    outer loop
      vertex 211.861 3 26.6336
      vertex 114.939 3 26.6336
      vertex 114.506 3 26.7807
    endloop
  endfacet
  facet normal 0 1 -0
    outer loop
      vertex 211.45 3 26.4311
      vertex 114.939 3 26.6336
      vertex 211.861 3 26.6336
    endloop
  endfacet
  facet normal 0 1 0
    outer loop
      vertex 211.45 3 26.4311
      vertex 115.35 3 26.4311
      vertex 114.939 3 26.6336
    endloop
  endfacet
  facet normal 0 1 -0
    outer loop
      vertex 211.069 3 26.1767
      vertex 115.35 3 26.4311
      vertex 211.45 3 26.4311
    endloop
  endfacet
  facet normal 0 1 0
    outer loop
      vertex 211.069 3 26.1767
      vertex 115.731 3 26.1767
      vertex 115.35 3 26.4311
    endloop
  endfacet
  facet normal 0 1 -0
    outer loop
      vertex 210.725 3 25.8749
      vertex 115.731 3 26.1767
      vertex 211.069 3 26.1767
    endloop
  endfacet
  facet normal 0 1 0
    outer loop
      vertex 210.725 3 25.8749
      vertex 116.075 3 25.8749
      vertex 115.731 3 26.1767
    endloop
  endfacet
  facet normal 0 1 -0
    outer loop
      vertex 210.423 3 25.5307
      vertex 116.075 3 25.8749
      vertex 210.725 3 25.8749
    endloop
  endfacet
  facet normal 0 1 0
    outer loop
      vertex 210.423 3 25.5307
      vertex 116.377 3 25.5307
      vertex 116.075 3 25.8749
    endloop
  endfacet
  facet normal 0 1 -0
    outer loop
      vertex 210.169 3 25.15
      vertex 116.377 3 25.5307
      vertex 210.423 3 25.5307
    endloop
  endfacet
  facet normal 0 1 0
    outer loop
      vertex 210.169 3 25.15
      vertex 116.631 3 25.15
      vertex 116.377 3 25.5307
    endloop
  endfacet
  facet normal 0 1 -0
    outer loop
      vertex 209.966 3 24.7394
      vertex 116.631 3 25.15
      vertex 210.169 3 25.15
    endloop
  endfacet
  facet normal 0 1 0
    outer loop
      vertex 209.966 3 24.7394
      vertex 116.834 3 24.7394
      vertex 116.631 3 25.15
    endloop
  endfacet
  facet normal 0 1 -0
    outer loop
      vertex 209.819 3 24.3059
      vertex 116.834 3 24.7394
      vertex 209.966 3 24.7394
    endloop
  endfacet
  facet normal 0 1 0
    outer loop
      vertex 209.819 3 24.3059
      vertex 116.981 3 24.3059
      vertex 116.834 3 24.7394
    endloop
  endfacet
  facet normal 0 1 -0
    outer loop
      vertex 209.73 3 23.8568
      vertex 116.981 3 24.3059
      vertex 209.819 3 24.3059
    endloop
  endfacet
  facet normal 0 1 0
    outer loop
      vertex 209.73 3 23.8568
      vertex 117.07 3 23.8568
      vertex 116.981 3 24.3059
    endloop
  endfacet
  facet normal 0 1 -0
    outer loop
      vertex 209.7 3 23.4
      vertex 117.07 3 23.8568
      vertex 209.73 3 23.8568
    endloop
  endfacet
  facet normal 0 1 0
    outer loop
      vertex 209.7 3 23.4
      vertex 117.1 3 23.4
      vertex 117.07 3 23.8568
    endloop
  endfacet
  facet normal 0 1 0
    outer loop
      vertex 209.73 3 22.9432
      vertex 117.1 3 23.4
      vertex 209.7 3 23.4
    endloop
  endfacet
  facet normal 0 1 0
    outer loop
      vertex 209.73 3 22.9432
      vertex 117.07 3 22.9432
      vertex 117.1 3 23.4
    endloop
  endfacet
  facet normal 0 1 0
    outer loop
      vertex 209.819 3 22.4941
      vertex 117.07 3 22.9432
      vertex 209.73 3 22.9432
    endloop
  endfacet
  facet normal 0 1 0
    outer loop
      vertex 209.819 3 22.4941
      vertex 116.981 3 22.4941
      vertex 117.07 3 22.9432
    endloop
  endfacet
  facet normal 0 1 0
    outer loop
      vertex 209.966 3 22.0606
      vertex 116.981 3 22.4941
      vertex 209.819 3 22.4941
    endloop
  endfacet
  facet normal 0 1 0
    outer loop
      vertex 209.966 3 22.0606
      vertex 116.834 3 22.0606
      vertex 116.981 3 22.4941
    endloop
  endfacet
  facet normal 0 1 0
    outer loop
      vertex 210.169 3 21.65
      vertex 116.834 3 22.0606
      vertex 209.966 3 22.0606
    endloop
  endfacet
  facet normal 0 1 0
    outer loop
      vertex 210.169 3 21.65
      vertex 116.631 3 21.65
      vertex 116.834 3 22.0606
    endloop
  endfacet
  facet normal 0 1 0
    outer loop
      vertex 210.423 3 21.2693
      vertex 116.631 3 21.65
      vertex 210.169 3 21.65
    endloop
  endfacet
  facet normal 0 1 0
    outer loop
      vertex 210.423 3 21.2693
      vertex 116.377 3 21.2693
      vertex 116.631 3 21.65
    endloop
  endfacet
  facet normal 0 1 0
    outer loop
      vertex 210.725 3 20.9251
      vertex 116.377 3 21.2693
      vertex 210.423 3 21.2693
    endloop
  endfacet
  facet normal 0 1 0
    outer loop
      vertex 210.725 3 20.9251
      vertex 116.075 3 20.9251
      vertex 116.377 3 21.2693
    endloop
  endfacet
  facet normal 0 1 0
    outer loop
      vertex 211.069 3 20.6233
      vertex 116.075 3 20.9251
      vertex 210.725 3 20.9251
    endloop
  endfacet
  facet normal 0 1 0
    outer loop
      vertex 211.069 3 20.6233
      vertex 115.731 3 20.6233
      vertex 116.075 3 20.9251
    endloop
  endfacet
  facet normal 0 1 0
    outer loop
      vertex 211.45 3 20.3689
      vertex 115.731 3 20.6233
      vertex 211.069 3 20.6233
    endloop
  endfacet
  facet normal 0 1 0
    outer loop
      vertex 211.45 3 20.3689
      vertex 115.35 3 20.3689
      vertex 115.731 3 20.6233
    endloop
  endfacet
  facet normal 0 1 0
    outer loop
      vertex 211.861 3 20.1664
      vertex 115.35 3 20.3689
      vertex 211.45 3 20.3689
    endloop
  endfacet
  facet normal 0 1 0
    outer loop
      vertex 211.861 3 20.1664
      vertex 114.939 3 20.1664
      vertex 115.35 3 20.3689
    endloop
  endfacet
  facet normal 0 1 0
    outer loop
      vertex 212.294 3 20.0193
      vertex 114.939 3 20.1664
      vertex 211.861 3 20.1664
    endloop
  endfacet
  facet normal 0 1 0
    outer loop
      vertex 212.294 3 20.0193
      vertex 114.506 3 20.0193
      vertex 114.939 3 20.1664
    endloop
  endfacet
  facet normal 0 1 0
    outer loop
      vertex 212.743 3 19.9299
      vertex 114.506 3 20.0193
      vertex 212.294 3 20.0193
    endloop
  endfacet
  facet normal 0 1 0
    outer loop
      vertex 212.743 3 19.9299
      vertex 114.057 3 19.9299
      vertex 114.506 3 20.0193
    endloop
  endfacet
  facet normal 0 1 0
    outer loop
      vertex 213.2 3 19.9
      vertex 114.057 3 19.9299
      vertex 212.743 3 19.9299
    endloop
  endfacet
  facet normal 0 1 0
    outer loop
      vertex 114.057 3 19.9299
      vertex 213.2 3 19.9
      vertex 113.6 3 19.9
    endloop
  endfacet
  facet normal 0 1 0
    outer loop
      vertex 311.894 3 26.7807
      vertex 322.8 3 31.8
      vertex 312.343 3 26.8701
    endloop
  endfacet
  facet normal 0 1 0
    outer loop
      vertex 322.8 3 31.8
      vertex 213.657 3 26.8701
      vertex 213.2 3 26.9
    endloop
  endfacet
  facet normal 0 1 0
    outer loop
      vertex 311.461 3 26.6336
      vertex 322.8 3 31.8
      vertex 311.894 3 26.7807
    endloop
  endfacet
  facet normal 0 1 0
    outer loop
      vertex 322.8 3 31.8
      vertex 214.106 3 26.7807
      vertex 213.657 3 26.8701
    endloop
  endfacet
  facet normal 0 1 0
    outer loop
      vertex 214.539 3 26.6336
      vertex 322.8 3 31.8
      vertex 311.461 3 26.6336
    endloop
  endfacet
  facet normal 0 1 0
    outer loop
      vertex 322.8 3 31.8
      vertex 214.539 3 26.6336
      vertex 214.106 3 26.7807
    endloop
  endfacet
  facet normal 0 1 -0
    outer loop
      vertex 311.05 3 26.4311
      vertex 214.539 3 26.6336
      vertex 311.461 3 26.6336
    endloop
  endfacet
  facet normal 0 1 0
    outer loop
      vertex 311.05 3 26.4311
      vertex 214.95 3 26.4311
      vertex 214.539 3 26.6336
    endloop
  endfacet
  facet normal 0 1 -0
    outer loop
      vertex 310.669 3 26.1767
      vertex 214.95 3 26.4311
      vertex 311.05 3 26.4311
    endloop
  endfacet
  facet normal 0 1 0
    outer loop
      vertex 310.669 3 26.1767
      vertex 215.331 3 26.1767
      vertex 214.95 3 26.4311
    endloop
  endfacet
  facet normal 0 1 -0
    outer loop
      vertex 310.325 3 25.8749
      vertex 215.331 3 26.1767
      vertex 310.669 3 26.1767
    endloop
  endfacet
  facet normal 0 1 0
    outer loop
      vertex 310.325 3 25.8749
      vertex 215.675 3 25.8749
      vertex 215.331 3 26.1767
    endloop
  endfacet
  facet normal 0 1 -0
    outer loop
      vertex 310.023 3 25.5307
      vertex 215.675 3 25.8749
      vertex 310.325 3 25.8749
    endloop
  endfacet
  facet normal 0 1 0
    outer loop
      vertex 310.023 3 25.5307
      vertex 215.977 3 25.5307
      vertex 215.675 3 25.8749
    endloop
  endfacet
  facet normal 0 1 -0
    outer loop
      vertex 309.769 3 25.15
      vertex 215.977 3 25.5307
      vertex 310.023 3 25.5307
    endloop
  endfacet
  facet normal 0 1 0
    outer loop
      vertex 309.769 3 25.15
      vertex 216.231 3 25.15
      vertex 215.977 3 25.5307
    endloop
  endfacet
  facet normal 0 1 -0
    outer loop
      vertex 309.566 3 24.7394
      vertex 216.231 3 25.15
      vertex 309.769 3 25.15
    endloop
  endfacet
  facet normal 0 1 0
    outer loop
      vertex 309.566 3 24.7394
      vertex 216.434 3 24.7394
      vertex 216.231 3 25.15
    endloop
  endfacet
  facet normal 0 1 -0
    outer loop
      vertex 309.419 3 24.3059
      vertex 216.434 3 24.7394
      vertex 309.566 3 24.7394
    endloop
  endfacet
  facet normal 0 1 0
    outer loop
      vertex 309.419 3 24.3059
      vertex 216.581 3 24.3059
      vertex 216.434 3 24.7394
    endloop
  endfacet
  facet normal 0 1 -0
    outer loop
      vertex 309.33 3 23.8568
      vertex 216.581 3 24.3059
      vertex 309.419 3 24.3059
    endloop
  endfacet
  facet normal 0 1 0
    outer loop
      vertex 309.33 3 23.8568
      vertex 216.67 3 23.8568
      vertex 216.581 3 24.3059
    endloop
  endfacet
  facet normal 0 1 -0
    outer loop
      vertex 309.3 3 23.4
      vertex 216.67 3 23.8568
      vertex 309.33 3 23.8568
    endloop
  endfacet
  facet normal 0 1 0
    outer loop
      vertex 309.3 3 23.4
      vertex 216.7 3 23.4
      vertex 216.67 3 23.8568
    endloop
  endfacet
  facet normal 0 1 0
    outer loop
      vertex 309.33 3 22.9432
      vertex 216.7 3 23.4
      vertex 309.3 3 23.4
    endloop
  endfacet
  facet normal 0 1 0
    outer loop
      vertex 309.33 3 22.9432
      vertex 216.67 3 22.9432
      vertex 216.7 3 23.4
    endloop
  endfacet
  facet normal 0 1 0
    outer loop
      vertex 309.419 3 22.4941
      vertex 216.67 3 22.9432
      vertex 309.33 3 22.9432
    endloop
  endfacet
  facet normal 0 1 0
    outer loop
      vertex 309.419 3 22.4941
      vertex 216.581 3 22.4941
      vertex 216.67 3 22.9432
    endloop
  endfacet
  facet normal 0 1 0
    outer loop
      vertex 309.566 3 22.0606
      vertex 216.581 3 22.4941
      vertex 309.419 3 22.4941
    endloop
  endfacet
  facet normal 0 1 0
    outer loop
      vertex 309.566 3 22.0606
      vertex 216.434 3 22.0606
      vertex 216.581 3 22.4941
    endloop
  endfacet
  facet normal 0 1 0
    outer loop
      vertex 309.769 3 21.65
      vertex 216.434 3 22.0606
      vertex 309.566 3 22.0606
    endloop
  endfacet
  facet normal 0 1 0
    outer loop
      vertex 309.769 3 21.65
      vertex 216.231 3 21.65
      vertex 216.434 3 22.0606
    endloop
  endfacet
  facet normal 0 1 0
    outer loop
      vertex 310.023 3 21.2693
      vertex 216.231 3 21.65
      vertex 309.769 3 21.65
    endloop
  endfacet
  facet normal 0 1 0
    outer loop
      vertex 310.023 3 21.2693
      vertex 215.977 3 21.2693
      vertex 216.231 3 21.65
    endloop
  endfacet
  facet normal 0 1 0
    outer loop
      vertex 310.325 3 20.9251
      vertex 215.977 3 21.2693
      vertex 310.023 3 21.2693
    endloop
  endfacet
  facet normal 0 1 0
    outer loop
      vertex 310.325 3 20.9251
      vertex 215.675 3 20.9251
      vertex 215.977 3 21.2693
    endloop
  endfacet
  facet normal 0 1 0
    outer loop
      vertex 322.8 3 2.39999
      vertex 310.325 3 20.9251
      vertex 310.669 3 20.6233
    endloop
  endfacet
  facet normal 0 1 0
    outer loop
      vertex 310.325 3 20.9251
      vertex 322.8 3 2.39999
      vertex 215.675 3 20.9251
    endloop
  endfacet
  facet normal 0 1 0
    outer loop
      vertex 322.8 3 2.39999
      vertex 310.669 3 20.6233
      vertex 311.05 3 20.3689
    endloop
  endfacet
  facet normal 0 1 0
    outer loop
      vertex 215.675 3 20.9251
      vertex 322.8 3 2.39999
      vertex 215.331 3 20.6233
    endloop
  endfacet
  facet normal 0 1 0
    outer loop
      vertex 322.8 3 2.39999
      vertex 311.05 3 20.3689
      vertex 311.461 3 20.1664
    endloop
  endfacet
  facet normal 0 1 0
    outer loop
      vertex 215.331 3 20.6233
      vertex 322.8 3 2.39999
      vertex 214.95 3 20.3689
    endloop
  endfacet
  facet normal 0 1 0
    outer loop
      vertex 322.8 3 2.39999
      vertex 311.461 3 20.1664
      vertex 311.894 3 20.0193
    endloop
  endfacet
  facet normal 0 1 0
    outer loop
      vertex 214.95 3 20.3689
      vertex 322.8 3 2.39999
      vertex 214.539 3 20.1664
    endloop
  endfacet
  facet normal 0 1 0
    outer loop
      vertex 322.8 3 2.39999
      vertex 311.894 3 20.0193
      vertex 312.343 3 19.9299
    endloop
  endfacet
  facet normal 0 1 0
    outer loop
      vertex 214.539 3 20.1664
      vertex 322.8 3 2.39999
      vertex 214.106 3 20.0193
    endloop
  endfacet
  facet normal 0 1 0
    outer loop
      vertex 322.8 3 2.39999
      vertex 312.343 3 19.9299
      vertex 312.8 3 19.9
    endloop
  endfacet
  facet normal 0 1 0
    outer loop
      vertex 214.106 3 20.0193
      vertex 322.8 3 2.39999
      vertex 213.657 3 19.9299
    endloop
  endfacet
  facet normal 0 1 0
    outer loop
      vertex 312.343 3 26.8701
      vertex 322.8 3 31.8
      vertex 312.8 3 26.9
    endloop
  endfacet
  facet normal 0 1 0
    outer loop
      vertex 322.8 3 31.8
      vertex 313.257 3 26.8701
      vertex 312.8 3 26.9
    endloop
  endfacet
  facet normal 0 1 0
    outer loop
      vertex 322.8 3 31.8
      vertex 313.706 3 26.7807
      vertex 313.257 3 26.8701
    endloop
  endfacet
  facet normal 0 1 0
    outer loop
      vertex 322.8 3 31.8
      vertex 314.139 3 26.6336
      vertex 313.706 3 26.7807
    endloop
  endfacet
  facet normal 0 1 0
    outer loop
      vertex 322.8 3 31.8
      vertex 314.55 3 26.4311
      vertex 314.139 3 26.6336
    endloop
  endfacet
  facet normal 0 1 0
    outer loop
      vertex 322.8 3 31.8
      vertex 314.931 3 26.1767
      vertex 314.55 3 26.4311
    endloop
  endfacet
  facet normal 0 1 0
    outer loop
      vertex 322.8 3 31.8
      vertex 315.275 3 25.8749
      vertex 314.931 3 26.1767
    endloop
  endfacet
  facet normal 0 1 0
    outer loop
      vertex 322.8 3 31.8
      vertex 315.577 3 25.5307
      vertex 315.275 3 25.8749
    endloop
  endfacet
  facet normal 0 1 0
    outer loop
      vertex 322.8 3 31.8
      vertex 315.831 3 25.15
      vertex 315.577 3 25.5307
    endloop
  endfacet
  facet normal 0 1 0
    outer loop
      vertex 322.8 3 31.8
      vertex 316.034 3 24.7394
      vertex 315.831 3 25.15
    endloop
  endfacet
  facet normal 0 1 0
    outer loop
      vertex 322.8 3 31.8
      vertex 316.181 3 24.3059
      vertex 316.034 3 24.7394
    endloop
  endfacet
  facet normal 0 1 0
    outer loop
      vertex 322.8 3 31.8
      vertex 316.27 3 23.8568
      vertex 316.181 3 24.3059
    endloop
  endfacet
  facet normal 0 1 0
    outer loop
      vertex 322.8 3 31.8
      vertex 316.3 3 23.4
      vertex 316.27 3 23.8568
    endloop
  endfacet
  facet normal 0 1 0
    outer loop
      vertex 322.8 3 31.8
      vertex 316.27 3 22.9432
      vertex 316.3 3 23.4
    endloop
  endfacet
  facet normal 0 1 0
    outer loop
      vertex 322.8 3 31.8
      vertex 316.181 3 22.4941
      vertex 316.27 3 22.9432
    endloop
  endfacet
  facet normal 0 1 -0
    outer loop
      vertex 322.8 3 2.39999
      vertex 316.181 3 22.4941
      vertex 322.8 3 31.8
    endloop
  endfacet
  facet normal 0 1 0
    outer loop
      vertex 316.181 3 22.4941
      vertex 322.8 3 2.39999
      vertex 316.034 3 22.0606
    endloop
  endfacet
  facet normal 0 1 0
    outer loop
      vertex 316.034 3 22.0606
      vertex 322.8 3 2.39999
      vertex 315.831 3 21.65
    endloop
  endfacet
  facet normal 0 1 0
    outer loop
      vertex 213.657 3 19.9299
      vertex 322.8 3 2.39999
      vertex 213.2 3 19.9
    endloop
  endfacet
  facet normal 0 1 0
    outer loop
      vertex 213.2 3 19.9
      vertex 322.8 3 2.39999
      vertex 113.6 3 19.9
    endloop
  endfacet
  facet normal 0 1 0
    outer loop
      vertex 4 3 2.39999
      vertex 113.6 3 19.9
      vertex 322.8 3 2.39999
    endloop
  endfacet
  facet normal 0 1 0
    outer loop
      vertex 313.257 3 19.9299
      vertex 322.8 3 2.39999
      vertex 312.8 3 19.9
    endloop
  endfacet
  facet normal 0 1 0
    outer loop
      vertex 313.706 3 20.0193
      vertex 322.8 3 2.39999
      vertex 313.257 3 19.9299
    endloop
  endfacet
  facet normal 0 1 0
    outer loop
      vertex 314.139 3 20.1664
      vertex 322.8 3 2.39999
      vertex 313.706 3 20.0193
    endloop
  endfacet
  facet normal 0 1 0
    outer loop
      vertex 314.55 3 20.3689
      vertex 322.8 3 2.39999
      vertex 314.139 3 20.1664
    endloop
  endfacet
  facet normal 0 1 0
    outer loop
      vertex 314.931 3 20.6233
      vertex 322.8 3 2.39999
      vertex 314.55 3 20.3689
    endloop
  endfacet
  facet normal 0 1 0
    outer loop
      vertex 315.275 3 20.9251
      vertex 322.8 3 2.39999
      vertex 314.931 3 20.6233
    endloop
  endfacet
  facet normal 0 1 0
    outer loop
      vertex 315.577 3 21.2693
      vertex 322.8 3 2.39999
      vertex 315.275 3 20.9251
    endloop
  endfacet
  facet normal 0 1 0
    outer loop
      vertex 315.831 3 21.65
      vertex 322.8 3 2.39999
      vertex 315.577 3 21.2693
    endloop
  endfacet
  facet normal 0 1 0
    outer loop
      vertex 322.8 3 31.8
      vertex 213.2 3 26.9
      vertex 4 3 31.8
    endloop
  endfacet
  facet normal 0 1 -0
    outer loop
      vertex 113.6 3 26.9
      vertex 4 3 31.8
      vertex 213.2 3 26.9
    endloop
  endfacet
  facet normal 0 1 -0
    outer loop
      vertex 113.143 3 26.8701
      vertex 4 3 31.8
      vertex 113.6 3 26.9
    endloop
  endfacet
  facet normal 0 1 -0
    outer loop
      vertex 13.5432 3 26.8701
      vertex 4 3 31.8
      vertex 14 3 26.9
    endloop
  endfacet
  facet normal 0 1 -0
    outer loop
      vertex 13.0941 3 26.7807
      vertex 4 3 31.8
      vertex 13.5432 3 26.8701
    endloop
  endfacet
  facet normal 0 1 -0
    outer loop
      vertex 12.6606 3 26.6336
      vertex 4 3 31.8
      vertex 13.0941 3 26.7807
    endloop
  endfacet
  facet normal 0 1 -0
    outer loop
      vertex 12.25 3 26.4311
      vertex 4 3 31.8
      vertex 12.6606 3 26.6336
    endloop
  endfacet
  facet normal 0 1 -0
    outer loop
      vertex 11.8693 3 26.1767
      vertex 4 3 31.8
      vertex 12.25 3 26.4311
    endloop
  endfacet
  facet normal 0 1 -0
    outer loop
      vertex 11.5251 3 25.8749
      vertex 4 3 31.8
      vertex 11.8693 3 26.1767
    endloop
  endfacet
  facet normal 0 1 -0
    outer loop
      vertex 11.2233 3 25.5307
      vertex 4 3 31.8
      vertex 11.5251 3 25.8749
    endloop
  endfacet
  facet normal 0 1 -0
    outer loop
      vertex 10.9689 3 25.15
      vertex 4 3 31.8
      vertex 11.2233 3 25.5307
    endloop
  endfacet
  facet normal 0 1 -0
    outer loop
      vertex 10.7664 3 24.7394
      vertex 4 3 31.8
      vertex 10.9689 3 25.15
    endloop
  endfacet
  facet normal 0 1 -0
    outer loop
      vertex 10.6193 3 24.3059
      vertex 4 3 31.8
      vertex 10.7664 3 24.7394
    endloop
  endfacet
  facet normal 0 1 -0
    outer loop
      vertex 10.5299 3 23.8568
      vertex 4 3 31.8
      vertex 10.6193 3 24.3059
    endloop
  endfacet
  facet normal 0 1 -0
    outer loop
      vertex 10.5 3 23.4
      vertex 4 3 31.8
      vertex 10.5299 3 23.8568
    endloop
  endfacet
  facet normal 0 1 0
    outer loop
      vertex 10.5299 3 22.9432
      vertex 4 3 31.8
      vertex 10.5 3 23.4
    endloop
  endfacet
  facet normal 0 1 0
    outer loop
      vertex 10.6193 3 22.4941
      vertex 4 3 31.8
      vertex 10.5299 3 22.9432
    endloop
  endfacet
  facet normal 0 1 0
    outer loop
      vertex 4 3 2.39999
      vertex 10.6193 3 22.4941
      vertex 10.7664 3 22.0606
    endloop
  endfacet
  facet normal 0 1 0
    outer loop
      vertex 4 3 2.39999
      vertex 10.7664 3 22.0606
      vertex 10.9689 3 21.65
    endloop
  endfacet
  facet normal 0 1 0
    outer loop
      vertex 4 3 2.39999
      vertex 10.9689 3 21.65
      vertex 11.2233 3 21.2693
    endloop
  endfacet
  facet normal 0 1 0
    outer loop
      vertex 10.6193 3 22.4941
      vertex 4 3 2.39999
      vertex 4 3 31.8
    endloop
  endfacet
  facet normal 0 1 0
    outer loop
      vertex 11.5251 3 20.9251
      vertex 4 3 2.39999
      vertex 11.2233 3 21.2693
    endloop
  endfacet
  facet normal 0 1 0
    outer loop
      vertex 11.8693 3 20.6233
      vertex 4 3 2.39999
      vertex 11.5251 3 20.9251
    endloop
  endfacet
  facet normal 0 1 0
    outer loop
      vertex 12.25 3 20.3689
      vertex 4 3 2.39999
      vertex 11.8693 3 20.6233
    endloop
  endfacet
  facet normal 0 1 0
    outer loop
      vertex 12.6606 3 20.1664
      vertex 4 3 2.39999
      vertex 12.25 3 20.3689
    endloop
  endfacet
  facet normal 0 1 0
    outer loop
      vertex 13.0941 3 20.0193
      vertex 4 3 2.39999
      vertex 12.6606 3 20.1664
    endloop
  endfacet
  facet normal 0 1 0
    outer loop
      vertex 13.5432 3 19.9299
      vertex 4 3 2.39999
      vertex 13.0941 3 20.0193
    endloop
  endfacet
  facet normal 0 1 0
    outer loop
      vertex 14 3 19.9
      vertex 4 3 2.39999
      vertex 13.5432 3 19.9299
    endloop
  endfacet
  facet normal 0 1 0
    outer loop
      vertex 14.4568 3 19.9299
      vertex 4 3 2.39999
      vertex 14 3 19.9
    endloop
  endfacet
  facet normal -0.89686 0 -0.442314
    outer loop
      vertex 10.9689 3 21.65
      vertex 10.7664 9 22.0606
      vertex 10.9689 9 21.65
    endloop
  endfacet
  facet normal -0.89686 -0 -0.442314
    outer loop
      vertex 10.7664 9 22.0606
      vertex 10.9689 3 21.65
      vertex 10.7664 3 22.0606
    endloop
  endfacet
  facet normal -0.997865 0 -0.0653156
    outer loop
      vertex 10.5299 3 22.9432
      vertex 10.5 9 23.4
      vertex 10.5299 9 22.9432
    endloop
  endfacet
  facet normal -0.997865 -0 -0.0653156
    outer loop
      vertex 10.5 9 23.4
      vertex 10.5299 3 22.9432
      vertex 10.5 3 23.4
    endloop
  endfacet
  facet normal 0 1 0
    outer loop
      vertex 14 9 24.65
      vertex 14 9 26.9
      vertex 14.4568 9 26.8701
    endloop
  endfacet
  facet normal 0 1 0
    outer loop
      vertex 14.1632 9 24.6393
      vertex 14.4568 9 26.8701
      vertex 14.9059 9 26.7807
    endloop
  endfacet
  facet normal 0 1 0
    outer loop
      vertex 14 9 26.9
      vertex 14 9 24.65
      vertex 13.5432 9 26.8701
    endloop
  endfacet
  facet normal 0 1 0
    outer loop
      vertex 14.3235 9 24.6074
      vertex 14.9059 9 26.7807
      vertex 15.3394 9 26.6336
    endloop
  endfacet
  facet normal 0 1 -0
    outer loop
      vertex 13.8368 9 24.6393
      vertex 13.5432 9 26.8701
      vertex 14 9 24.65
    endloop
  endfacet
  facet normal 0 1 0
    outer loop
      vertex 14.4784 9 24.5548
      vertex 15.3394 9 26.6336
      vertex 15.75 9 26.4311
    endloop
  endfacet
  facet normal 0 1 0
    outer loop
      vertex 13.5432 9 26.8701
      vertex 13.8368 9 24.6393
      vertex 13.0941 9 26.7807
    endloop
  endfacet
  facet normal 0 1 0
    outer loop
      vertex 14.625 9 24.4825
      vertex 15.75 9 26.4311
      vertex 16.1307 9 26.1767
    endloop
  endfacet
  facet normal 0 1 -0
    outer loop
      vertex 13.6765 9 24.6074
      vertex 13.0941 9 26.7807
      vertex 13.8368 9 24.6393
    endloop
  endfacet
  facet normal 0 1 0
    outer loop
      vertex 14.761 9 24.3917
      vertex 16.1307 9 26.1767
      vertex 16.4749 9 25.8749
    endloop
  endfacet
  facet normal 0 1 0
    outer loop
      vertex 13.0941 9 26.7807
      vertex 13.6765 9 24.6074
      vertex 12.6606 9 26.6336
    endloop
  endfacet
  facet normal 0 1 0
    outer loop
      vertex 14.8839 9 24.2839
      vertex 16.4749 9 25.8749
      vertex 16.7767 9 25.5307
    endloop
  endfacet
  facet normal 0 1 -0
    outer loop
      vertex 13.5216 9 24.5548
      vertex 12.6606 9 26.6336
      vertex 13.6765 9 24.6074
    endloop
  endfacet
  facet normal 0 1 0
    outer loop
      vertex 14.9917 9 24.161
      vertex 16.7767 9 25.5307
      vertex 17.0311 9 25.15
    endloop
  endfacet
  facet normal 0 1 0
    outer loop
      vertex 12.6606 9 26.6336
      vertex 13.5216 9 24.5548
      vertex 12.25 9 26.4311
    endloop
  endfacet
  facet normal 0 1 0
    outer loop
      vertex 15.0825 9 24.025
      vertex 17.0311 9 25.15
      vertex 17.2336 9 24.7394
    endloop
  endfacet
  facet normal 0 1 -0
    outer loop
      vertex 13.375 9 24.4825
      vertex 12.25 9 26.4311
      vertex 13.5216 9 24.5548
    endloop
  endfacet
  facet normal 0 1 0
    outer loop
      vertex 12.25 9 26.4311
      vertex 13.375 9 24.4825
      vertex 11.8693 9 26.1767
    endloop
  endfacet
  facet normal 0 1 0
    outer loop
      vertex 14.4568 9 26.8701
      vertex 14.1632 9 24.6393
      vertex 14 9 24.65
    endloop
  endfacet
  facet normal 0 1 0
    outer loop
      vertex 14.9059 9 26.7807
      vertex 14.3235 9 24.6074
      vertex 14.1632 9 24.6393
    endloop
  endfacet
  facet normal 0 1 0
    outer loop
      vertex 15.3394 9 26.6336
      vertex 14.4784 9 24.5548
      vertex 14.3235 9 24.6074
    endloop
  endfacet
  facet normal 0 1 0
    outer loop
      vertex 15.75 9 26.4311
      vertex 14.625 9 24.4825
      vertex 14.4784 9 24.5548
    endloop
  endfacet
  facet normal 0 1 0
    outer loop
      vertex 16.1307 9 26.1767
      vertex 14.761 9 24.3917
      vertex 14.625 9 24.4825
    endloop
  endfacet
  facet normal 0 1 0
    outer loop
      vertex 15.1548 9 23.8784
      vertex 17.2336 9 24.7394
      vertex 17.3807 9 24.3059
    endloop
  endfacet
  facet normal 0 1 0
    outer loop
      vertex 16.4749 9 25.8749
      vertex 14.8839 9 24.2839
      vertex 14.761 9 24.3917
    endloop
  endfacet
  facet normal 0 1 0
    outer loop
      vertex 16.7767 9 25.5307
      vertex 14.9917 9 24.161
      vertex 14.8839 9 24.2839
    endloop
  endfacet
  facet normal 0 1 0
    outer loop
      vertex 17.0311 9 25.15
      vertex 15.0825 9 24.025
      vertex 14.9917 9 24.161
    endloop
  endfacet
  facet normal 0 1 0
    outer loop
      vertex 17.2336 9 24.7394
      vertex 15.1548 9 23.8784
      vertex 15.0825 9 24.025
    endloop
  endfacet
  facet normal 0 1 0
    outer loop
      vertex 15.2074 9 23.7235
      vertex 17.3807 9 24.3059
      vertex 17.4701 9 23.8568
    endloop
  endfacet
  facet normal 0 1 0
    outer loop
      vertex 17.3807 9 24.3059
      vertex 15.2074 9 23.7235
      vertex 15.1548 9 23.8784
    endloop
  endfacet
  facet normal 0 1 0
    outer loop
      vertex 17.4701 9 23.8568
      vertex 15.2393 9 23.5632
      vertex 15.2074 9 23.7235
    endloop
  endfacet
  facet normal 0 1 0
    outer loop
      vertex 17.5 9 23.4
      vertex 15.2393 9 23.5632
      vertex 17.4701 9 23.8568
    endloop
  endfacet
  facet normal 0 1 0
    outer loop
      vertex 17.5 9 23.4
      vertex 15.25 9 23.4
      vertex 15.2393 9 23.5632
    endloop
  endfacet
  facet normal 0 1 0
    outer loop
      vertex 17.5 9 23.4
      vertex 15.2393 9 23.2368
      vertex 15.25 9 23.4
    endloop
  endfacet
  facet normal 0 1 -0
    outer loop
      vertex 17.4701 9 22.9432
      vertex 15.2393 9 23.2368
      vertex 17.5 9 23.4
    endloop
  endfacet
  facet normal 0 1 0
    outer loop
      vertex 15.2393 9 23.2368
      vertex 17.4701 9 22.9432
      vertex 15.2074 9 23.0765
    endloop
  endfacet
  facet normal 0 1 -0
    outer loop
      vertex 17.3807 9 22.4941
      vertex 15.2074 9 23.0765
      vertex 17.4701 9 22.9432
    endloop
  endfacet
  facet normal 0 1 0
    outer loop
      vertex 15.2074 9 23.0765
      vertex 17.3807 9 22.4941
      vertex 15.1548 9 22.9216
    endloop
  endfacet
  facet normal 0 1 -0
    outer loop
      vertex 17.2336 9 22.0606
      vertex 15.1548 9 22.9216
      vertex 17.3807 9 22.4941
    endloop
  endfacet
  facet normal 0 1 0
    outer loop
      vertex 15.1548 9 22.9216
      vertex 17.2336 9 22.0606
      vertex 15.0825 9 22.775
    endloop
  endfacet
  facet normal 0 1 -0
    outer loop
      vertex 17.0311 9 21.65
      vertex 15.0825 9 22.775
      vertex 17.2336 9 22.0606
    endloop
  endfacet
  facet normal 0 1 0
    outer loop
      vertex 15.0825 9 22.775
      vertex 17.0311 9 21.65
      vertex 14.9917 9 22.639
    endloop
  endfacet
  facet normal 0 1 -0
    outer loop
      vertex 16.7767 9 21.2693
      vertex 14.9917 9 22.639
      vertex 17.0311 9 21.65
    endloop
  endfacet
  facet normal 0 1 0
    outer loop
      vertex 14.9917 9 22.639
      vertex 16.7767 9 21.2693
      vertex 14.8839 9 22.5161
    endloop
  endfacet
  facet normal 0 1 -0
    outer loop
      vertex 16.4749 9 20.9251
      vertex 14.8839 9 22.5161
      vertex 16.7767 9 21.2693
    endloop
  endfacet
  facet normal 0 1 0
    outer loop
      vertex 14.8839 9 22.5161
      vertex 16.4749 9 20.9251
      vertex 14.761 9 22.4083
    endloop
  endfacet
  facet normal 0 1 0
    outer loop
      vertex 14.761 9 22.4083
      vertex 16.1307 9 20.6233
      vertex 14.625 9 22.3175
    endloop
  endfacet
  facet normal 0 1 -0
    outer loop
      vertex 16.1307 9 20.6233
      vertex 14.761 9 22.4083
      vertex 16.4749 9 20.9251
    endloop
  endfacet
  facet normal 0 1 -0
    outer loop
      vertex 13.239 9 24.3917
      vertex 11.8693 9 26.1767
      vertex 13.375 9 24.4825
    endloop
  endfacet
  facet normal 0 1 0
    outer loop
      vertex 11.8693 9 26.1767
      vertex 13.239 9 24.3917
      vertex 11.5251 9 25.8749
    endloop
  endfacet
  facet normal 0 1 -0
    outer loop
      vertex 13.1161 9 24.2839
      vertex 11.5251 9 25.8749
      vertex 13.239 9 24.3917
    endloop
  endfacet
  facet normal 0 1 0
    outer loop
      vertex 11.5251 9 25.8749
      vertex 13.1161 9 24.2839
      vertex 11.2233 9 25.5307
    endloop
  endfacet
  facet normal 0 1 -0
    outer loop
      vertex 13.0083 9 24.161
      vertex 11.2233 9 25.5307
      vertex 13.1161 9 24.2839
    endloop
  endfacet
  facet normal 0 1 0
    outer loop
      vertex 11.2233 9 25.5307
      vertex 13.0083 9 24.161
      vertex 10.9689 9 25.15
    endloop
  endfacet
  facet normal 0 1 -0
    outer loop
      vertex 12.9175 9 24.025
      vertex 10.9689 9 25.15
      vertex 13.0083 9 24.161
    endloop
  endfacet
  facet normal 0 1 0
    outer loop
      vertex 10.9689 9 25.15
      vertex 12.9175 9 24.025
      vertex 10.7664 9 24.7394
    endloop
  endfacet
  facet normal 0 1 -0
    outer loop
      vertex 12.8451 9 23.8784
      vertex 10.7664 9 24.7394
      vertex 12.9175 9 24.025
    endloop
  endfacet
  facet normal 0 1 0
    outer loop
      vertex 10.7664 9 24.7394
      vertex 12.8451 9 23.8784
      vertex 10.6193 9 24.3059
    endloop
  endfacet
  facet normal 0 1 -0
    outer loop
      vertex 12.7926 9 23.7235
      vertex 10.6193 9 24.3059
      vertex 12.8451 9 23.8784
    endloop
  endfacet
  facet normal 0 1 0
    outer loop
      vertex 10.6193 9 24.3059
      vertex 12.7926 9 23.7235
      vertex 10.5299 9 23.8568
    endloop
  endfacet
  facet normal 0 1 -0
    outer loop
      vertex 12.7607 9 23.5632
      vertex 10.5299 9 23.8568
      vertex 12.7926 9 23.7235
    endloop
  endfacet
  facet normal 0 1 -0
    outer loop
      vertex 12.75 9 23.4
      vertex 10.5299 9 23.8568
      vertex 12.7607 9 23.5632
    endloop
  endfacet
  facet normal 0 1 0
    outer loop
      vertex 12.75 9 23.4
      vertex 10.5 9 23.4
      vertex 10.5299 9 23.8568
    endloop
  endfacet
  facet normal 0 1 0
    outer loop
      vertex 12.7607 9 23.2368
      vertex 10.5 9 23.4
      vertex 12.75 9 23.4
    endloop
  endfacet
  facet normal 0 1 0
    outer loop
      vertex 10.5299 9 22.9432
      vertex 12.7607 9 23.2368
      vertex 12.7926 9 23.0765
    endloop
  endfacet
  facet normal 0 1 0
    outer loop
      vertex 12.7607 9 23.2368
      vertex 10.5299 9 22.9432
      vertex 10.5 9 23.4
    endloop
  endfacet
  facet normal 0 1 0
    outer loop
      vertex 10.6193 9 22.4941
      vertex 12.7926 9 23.0765
      vertex 12.8451 9 22.9216
    endloop
  endfacet
  facet normal 0 1 0
    outer loop
      vertex 10.7664 9 22.0606
      vertex 12.8451 9 22.9216
      vertex 12.9175 9 22.775
    endloop
  endfacet
  facet normal 0 1 0
    outer loop
      vertex 10.9689 9 21.65
      vertex 12.9175 9 22.775
      vertex 13.0083 9 22.639
    endloop
  endfacet
  facet normal 0 1 0
    outer loop
      vertex 11.2233 9 21.2693
      vertex 13.0083 9 22.639
      vertex 13.1161 9 22.5161
    endloop
  endfacet
  facet normal 0 1 0
    outer loop
      vertex 12.7926 9 23.0765
      vertex 10.6193 9 22.4941
      vertex 10.5299 9 22.9432
    endloop
  endfacet
  facet normal 0 1 0
    outer loop
      vertex 11.5251 9 20.9251
      vertex 13.1161 9 22.5161
      vertex 13.239 9 22.4083
    endloop
  endfacet
  facet normal 0 1 0
    outer loop
      vertex 11.8693 9 20.6233
      vertex 13.239 9 22.4083
      vertex 13.375 9 22.3175
    endloop
  endfacet
  facet normal 0 1 0
    outer loop
      vertex 12.25 9 20.3689
      vertex 13.375 9 22.3175
      vertex 13.5216 9 22.2452
    endloop
  endfacet
  facet normal 0 1 0
    outer loop
      vertex 12.6606 9 20.1664
      vertex 13.5216 9 22.2452
      vertex 13.6765 9 22.1926
    endloop
  endfacet
  facet normal 0 1 0
    outer loop
      vertex 13.0941 9 20.0193
      vertex 13.6765 9 22.1926
      vertex 13.8368 9 22.1607
    endloop
  endfacet
  facet normal 0 1 0
    outer loop
      vertex 12.8451 9 22.9216
      vertex 10.7664 9 22.0606
      vertex 10.6193 9 22.4941
    endloop
  endfacet
  facet normal 0 1 0
    outer loop
      vertex 13.5432 9 19.9299
      vertex 13.8368 9 22.1607
      vertex 14 9 22.15
    endloop
  endfacet
  facet normal 0 1 -0
    outer loop
      vertex 15.75 9 20.3689
      vertex 14.625 9 22.3175
      vertex 16.1307 9 20.6233
    endloop
  endfacet
  facet normal 0 1 0
    outer loop
      vertex 14.625 9 22.3175
      vertex 15.75 9 20.3689
      vertex 14.4784 9 22.2452
    endloop
  endfacet
  facet normal 0 1 0
    outer loop
      vertex 12.9175 9 22.775
      vertex 10.9689 9 21.65
      vertex 10.7664 9 22.0606
    endloop
  endfacet
  facet normal 0 1 -0
    outer loop
      vertex 15.3394 9 20.1664
      vertex 14.4784 9 22.2452
      vertex 15.75 9 20.3689
    endloop
  endfacet
  facet normal 0 1 0
    outer loop
      vertex 13.0083 9 22.639
      vertex 11.2233 9 21.2693
      vertex 10.9689 9 21.65
    endloop
  endfacet
  facet normal 0 1 0
    outer loop
      vertex 14.4784 9 22.2452
      vertex 15.3394 9 20.1664
      vertex 14.3235 9 22.1926
    endloop
  endfacet
  facet normal 0 1 0
    outer loop
      vertex 13.1161 9 22.5161
      vertex 11.5251 9 20.9251
      vertex 11.2233 9 21.2693
    endloop
  endfacet
  facet normal 0 1 -0
    outer loop
      vertex 14.9059 9 20.0193
      vertex 14.3235 9 22.1926
      vertex 15.3394 9 20.1664
    endloop
  endfacet
  facet normal 0 1 0
    outer loop
      vertex 13.239 9 22.4083
      vertex 11.8693 9 20.6233
      vertex 11.5251 9 20.9251
    endloop
  endfacet
  facet normal 0 1 0
    outer loop
      vertex 14.3235 9 22.1926
      vertex 14.9059 9 20.0193
      vertex 14.1632 9 22.1607
    endloop
  endfacet
  facet normal 0 1 0
    outer loop
      vertex 13.375 9 22.3175
      vertex 12.25 9 20.3689
      vertex 11.8693 9 20.6233
    endloop
  endfacet
  facet normal 0 1 -0
    outer loop
      vertex 14.4568 9 19.9299
      vertex 14.1632 9 22.1607
      vertex 14.9059 9 20.0193
    endloop
  endfacet
  facet normal 0 1 0
    outer loop
      vertex 13.5216 9 22.2452
      vertex 12.6606 9 20.1664
      vertex 12.25 9 20.3689
    endloop
  endfacet
  facet normal 0 1 0
    outer loop
      vertex 14.1632 9 22.1607
      vertex 14.4568 9 19.9299
      vertex 14 9 22.15
    endloop
  endfacet
  facet normal 0 1 0
    outer loop
      vertex 13.6765 9 22.1926
      vertex 13.0941 9 20.0193
      vertex 12.6606 9 20.1664
    endloop
  endfacet
  facet normal 0 1 0
    outer loop
      vertex 14 9 19.9
      vertex 14 9 22.15
      vertex 14.4568 9 19.9299
    endloop
  endfacet
  facet normal 0 1 0
    outer loop
      vertex 13.8368 9 22.1607
      vertex 13.5432 9 19.9299
      vertex 13.0941 9 20.0193
    endloop
  endfacet
  facet normal 0 1 0
    outer loop
      vertex 14 9 22.15
      vertex 14 9 19.9
      vertex 13.5432 9 19.9299
    endloop
  endfacet
  facet normal -0.659278 0 -0.7519
    outer loop
      vertex 11.5251 3 20.9251
      vertex 11.8693 9 20.6233
      vertex 11.8693 3 20.6233
    endloop
  endfacet
  facet normal -0.659278 0 -0.7519
    outer loop
      vertex 11.8693 9 20.6233
      vertex 11.5251 3 20.9251
      vertex 11.5251 9 20.9251
    endloop
  endfacet
  facet normal -0.195234 0 -0.980757
    outer loop
      vertex 13.0941 3 20.0193
      vertex 13.5432 9 19.9299
      vertex 13.5432 3 19.9299
    endloop
  endfacet
  facet normal -0.195234 0 -0.980757
    outer loop
      vertex 13.5432 9 19.9299
      vertex 13.0941 3 20.0193
      vertex 13.0941 9 20.0193
    endloop
  endfacet
  facet normal 0.997865 -0 0.0653156
    outer loop
      vertex 17.4701 3 23.8568
      vertex 17.5 9 23.4
      vertex 17.4701 9 23.8568
    endloop
  endfacet
  facet normal 0.997865 0 0.0653156
    outer loop
      vertex 17.5 9 23.4
      vertex 17.4701 3 23.8568
      vertex 17.5 3 23.4
    endloop
  endfacet
  facet normal 0.555607 0 0.831445
    outer loop
      vertex 15.75 9 26.4311
      vertex 16.1307 3 26.1767
      vertex 16.1307 9 26.1767
    endloop
  endfacet
  facet normal 0.555607 0 0.831445
    outer loop
      vertex 16.1307 3 26.1767
      vertex 15.75 9 26.4311
      vertex 15.75 3 26.4311
    endloop
  endfacet
  facet normal 0.7519 -0 0.659278
    outer loop
      vertex 16.4749 3 25.8749
      vertex 16.7767 9 25.5307
      vertex 16.4749 9 25.8749
    endloop
  endfacet
  facet normal 0.7519 0 0.659278
    outer loop
      vertex 16.7767 9 25.5307
      vertex 16.4749 3 25.8749
      vertex 16.7767 3 25.5307
    endloop
  endfacet
  facet normal 0.89686 -0 0.442314
    outer loop
      vertex 17.0311 3 25.15
      vertex 17.2336 9 24.7394
      vertex 17.0311 9 25.15
    endloop
  endfacet
  facet normal 0.89686 0 0.442314
    outer loop
      vertex 17.2336 9 24.7394
      vertex 17.0311 3 25.15
      vertex 17.2336 3 24.7394
    endloop
  endfacet
  facet normal 0.980757 -0 0.195234
    outer loop
      vertex 17.3807 3 24.3059
      vertex 17.4701 9 23.8568
      vertex 17.3807 9 24.3059
    endloop
  endfacet
  facet normal 0.980757 0 0.195234
    outer loop
      vertex 17.4701 9 23.8568
      vertex 17.3807 3 24.3059
      vertex 17.4701 3 23.8568
    endloop
  endfacet
  facet normal -0.997865 0 0.0653156
    outer loop
      vertex 10.5 3 23.4
      vertex 10.5299 9 23.8568
      vertex 10.5 9 23.4
    endloop
  endfacet
  facet normal -0.997865 0 0.0653156
    outer loop
      vertex 10.5299 9 23.8568
      vertex 10.5 3 23.4
      vertex 10.5299 3 23.8568
    endloop
  endfacet
  facet normal 0.831445 -0 0.555607
    outer loop
      vertex 16.7767 3 25.5307
      vertex 17.0311 9 25.15
      vertex 16.7767 9 25.5307
    endloop
  endfacet
  facet normal 0.831445 0 0.555607
    outer loop
      vertex 17.0311 9 25.15
      vertex 16.7767 3 25.5307
      vertex 17.0311 3 25.15
    endloop
  endfacet
  facet normal -0.659278 0 0.7519
    outer loop
      vertex 11.5251 9 25.8749
      vertex 11.8693 3 26.1767
      vertex 11.8693 9 26.1767
    endloop
  endfacet
  facet normal -0.659278 0 0.7519
    outer loop
      vertex 11.8693 3 26.1767
      vertex 11.5251 9 25.8749
      vertex 11.5251 3 25.8749
    endloop
  endfacet
  facet normal -0.946966 0 0.321335
    outer loop
      vertex 10.6193 3 24.3059
      vertex 10.7664 9 24.7394
      vertex 10.6193 9 24.3059
    endloop
  endfacet
  facet normal -0.946966 0 0.321335
    outer loop
      vertex 10.7664 9 24.7394
      vertex 10.6193 3 24.3059
      vertex 10.7664 3 24.7394
    endloop
  endfacet
  facet normal -0.980757 0 0.195234
    outer loop
      vertex 10.5299 3 23.8568
      vertex 10.6193 9 24.3059
      vertex 10.5299 9 23.8568
    endloop
  endfacet
  facet normal -0.980757 0 0.195234
    outer loop
      vertex 10.6193 9 24.3059
      vertex 10.5299 3 23.8568
      vertex 10.6193 3 24.3059
    endloop
  endfacet
  facet normal -0.89686 0 0.442314
    outer loop
      vertex 10.7664 3 24.7394
      vertex 10.9689 9 25.15
      vertex 10.7664 9 24.7394
    endloop
  endfacet
  facet normal -0.89686 0 0.442314
    outer loop
      vertex 10.9689 9 25.15
      vertex 10.7664 3 24.7394
      vertex 10.9689 3 25.15
    endloop
  endfacet
  facet normal 0.321335 0 0.946966
    outer loop
      vertex 14.9059 9 26.7807
      vertex 15.3394 3 26.6336
      vertex 15.3394 9 26.6336
    endloop
  endfacet
  facet normal 0.321335 0 0.946966
    outer loop
      vertex 15.3394 3 26.6336
      vertex 14.9059 9 26.7807
      vertex 14.9059 3 26.7807
    endloop
  endfacet
  facet normal 0.659278 0 0.7519
    outer loop
      vertex 16.1307 9 26.1767
      vertex 16.4749 3 25.8749
      vertex 16.4749 9 25.8749
    endloop
  endfacet
  facet normal 0.659278 0 0.7519
    outer loop
      vertex 16.4749 3 25.8749
      vertex 16.1307 9 26.1767
      vertex 16.1307 3 26.1767
    endloop
  endfacet
  facet normal -0.0653156 0 0.997865
    outer loop
      vertex 13.5432 9 26.8701
      vertex 14 3 26.9
      vertex 14 9 26.9
    endloop
  endfacet
  facet normal -0.0653156 0 0.997865
    outer loop
      vertex 14 3 26.9
      vertex 13.5432 9 26.8701
      vertex 13.5432 3 26.8701
    endloop
  endfacet
  facet normal -0.321335 0 0.946966
    outer loop
      vertex 12.6606 9 26.6336
      vertex 13.0941 3 26.7807
      vertex 13.0941 9 26.7807
    endloop
  endfacet
  facet normal -0.321335 0 0.946966
    outer loop
      vertex 13.0941 3 26.7807
      vertex 12.6606 9 26.6336
      vertex 12.6606 3 26.6336
    endloop
  endfacet
  facet normal -0.195234 0 0.980757
    outer loop
      vertex 13.0941 9 26.7807
      vertex 13.5432 3 26.8701
      vertex 13.5432 9 26.8701
    endloop
  endfacet
  facet normal -0.195234 0 0.980757
    outer loop
      vertex 13.5432 3 26.8701
      vertex 13.0941 9 26.7807
      vertex 13.0941 3 26.7807
    endloop
  endfacet
  facet normal -0.7519 0 0.659278
    outer loop
      vertex 11.2233 3 25.5307
      vertex 11.5251 9 25.8749
      vertex 11.2233 9 25.5307
    endloop
  endfacet
  facet normal -0.7519 0 0.659278
    outer loop
      vertex 11.5251 9 25.8749
      vertex 11.2233 3 25.5307
      vertex 11.5251 3 25.8749
    endloop
  endfacet
  facet normal -0.442314 0 0.89686
    outer loop
      vertex 12.25 9 26.4311
      vertex 12.6606 3 26.6336
      vertex 12.6606 9 26.6336
    endloop
  endfacet
  facet normal -0.442314 0 0.89686
    outer loop
      vertex 12.6606 3 26.6336
      vertex 12.25 9 26.4311
      vertex 12.25 3 26.4311
    endloop
  endfacet
  facet normal -0.555607 0 0.831445
    outer loop
      vertex 11.8693 9 26.1767
      vertex 12.25 3 26.4311
      vertex 12.25 9 26.4311
    endloop
  endfacet
  facet normal -0.555607 0 0.831445
    outer loop
      vertex 12.25 3 26.4311
      vertex 11.8693 9 26.1767
      vertex 11.8693 3 26.1767
    endloop
  endfacet
  facet normal 0.99785 0 -0.0655331
    outer loop
      vertex 117.1 3 23.4
      vertex 117.07 9 22.9432
      vertex 117.1 9 23.4
    endloop
  endfacet
  facet normal 0.99785 0 -0.0655331
    outer loop
      vertex 117.07 9 22.9432
      vertex 117.1 3 23.4
      vertex 117.07 3 22.9432
    endloop
  endfacet
  facet normal -0.99785 0 -0.0655331
    outer loop
      vertex 110.13 3 22.9432
      vertex 110.1 9 23.4
      vertex 110.13 9 22.9432
    endloop
  endfacet
  facet normal -0.99785 -0 -0.0655331
    outer loop
      vertex 110.1 9 23.4
      vertex 110.13 3 22.9432
      vertex 110.1 3 23.4
    endloop
  endfacet
  facet normal -0.0652871 0 -0.997867
    outer loop
      vertex 113.143 3 19.9299
      vertex 113.6 9 19.9
      vertex 113.6 3 19.9
    endloop
  endfacet
  facet normal -0.0652871 0 -0.997867
    outer loop
      vertex 113.6 9 19.9
      vertex 113.143 3 19.9299
      vertex 113.143 9 19.9299
    endloop
  endfacet
  facet normal -0.0652871 0 0.997867
    outer loop
      vertex 113.143 9 26.8701
      vertex 113.6 3 26.9
      vertex 113.6 9 26.9
    endloop
  endfacet
  facet normal -0.0652871 0 0.997867
    outer loop
      vertex 113.6 3 26.9
      vertex 113.143 9 26.8701
      vertex 113.143 3 26.8701
    endloop
  endfacet
  facet normal -0.751683 0 0.659524
    outer loop
      vertex 110.823 3 25.5307
      vertex 111.125 9 25.8749
      vertex 110.823 9 25.5307
    endloop
  endfacet
  facet normal -0.751683 0 0.659524
    outer loop
      vertex 111.125 9 25.8749
      vertex 110.823 3 25.5307
      vertex 111.125 3 25.8749
    endloop
  endfacet
  facet normal 0.659494 0 -0.75171
    outer loop
      vertex 115.731 3 20.6233
      vertex 116.075 9 20.9251
      vertex 116.075 3 20.9251
    endloop
  endfacet
  facet normal 0.659494 0 -0.75171
    outer loop
      vertex 116.075 9 20.9251
      vertex 115.731 3 20.6233
      vertex 115.731 9 20.6233
    endloop
  endfacet
  facet normal -0.659494 0 -0.75171
    outer loop
      vertex 111.125 3 20.9251
      vertex 111.469 9 20.6233
      vertex 111.469 3 20.6233
    endloop
  endfacet
  facet normal -0.659494 0 -0.75171
    outer loop
      vertex 111.469 9 20.6233
      vertex 111.125 3 20.9251
      vertex 111.125 9 20.9251
    endloop
  endfacet
  facet normal -0.321668 0 -0.946853
    outer loop
      vertex 112.261 3 20.1664
      vertex 112.694 9 20.0193
      vertex 112.694 3 20.0193
    endloop
  endfacet
  facet normal -0.321668 0 -0.946853
    outer loop
      vertex 112.694 9 20.0193
      vertex 112.261 3 20.1664
      vertex 112.261 9 20.1664
    endloop
  endfacet
  facet normal 0.896427 0 -0.443192
    outer loop
      vertex 116.834 3 22.0606
      vertex 116.631 9 21.65
      vertex 116.834 9 22.0606
    endloop
  endfacet
  facet normal 0.896427 0 -0.443192
    outer loop
      vertex 116.631 9 21.65
      vertex 116.834 3 22.0606
      vertex 116.631 3 21.65
    endloop
  endfacet
  facet normal 0.831849 0 -0.555003
    outer loop
      vertex 116.631 3 21.65
      vertex 116.377 9 21.2693
      vertex 116.631 9 21.65
    endloop
  endfacet
  facet normal 0.831849 0 -0.555003
    outer loop
      vertex 116.377 9 21.2693
      vertex 116.631 3 21.65
      vertex 116.377 3 21.2693
    endloop
  endfacet
  facet normal 0.321668 0 -0.946853
    outer loop
      vertex 114.506 3 20.0193
      vertex 114.939 9 20.1664
      vertex 114.939 3 20.1664
    endloop
  endfacet
  facet normal 0.321668 0 -0.946853
    outer loop
      vertex 114.939 9 20.1664
      vertex 114.506 3 20.0193
      vertex 114.506 9 20.0193
    endloop
  endfacet
  facet normal 0.195276 0 -0.980748
    outer loop
      vertex 114.057 3 19.9299
      vertex 114.506 9 20.0193
      vertex 114.506 3 20.0193
    endloop
  endfacet
  facet normal 0.195276 0 -0.980748
    outer loop
      vertex 114.506 9 20.0193
      vertex 114.057 3 19.9299
      vertex 114.057 9 19.9299
    endloop
  endfacet
  facet normal 0.441968 0 -0.897031
    outer loop
      vertex 114.939 3 20.1664
      vertex 115.35 9 20.3689
      vertex 115.35 3 20.3689
    endloop
  endfacet
  facet normal 0.441968 0 -0.897031
    outer loop
      vertex 115.35 9 20.3689
      vertex 114.939 3 20.1664
      vertex 114.939 9 20.1664
    endloop
  endfacet
  facet normal -0.896427 0 -0.443192
    outer loop
      vertex 110.569 3 21.65
      vertex 110.366 9 22.0606
      vertex 110.569 9 21.65
    endloop
  endfacet
  facet normal -0.896427 -0 -0.443192
    outer loop
      vertex 110.366 9 22.0606
      vertex 110.569 3 21.65
      vertex 110.366 3 22.0606
    endloop
  endfacet
  facet normal -0.947032 0 -0.321139
    outer loop
      vertex 110.366 3 22.0606
      vertex 110.219 9 22.4941
      vertex 110.366 9 22.0606
    endloop
  endfacet
  facet normal -0.947032 -0 -0.321139
    outer loop
      vertex 110.219 9 22.4941
      vertex 110.366 3 22.0606
      vertex 110.219 3 22.4941
    endloop
  endfacet
  facet normal -0.195276 0 -0.980748
    outer loop
      vertex 112.694 3 20.0193
      vertex 113.143 9 19.9299
      vertex 113.143 3 19.9299
    endloop
  endfacet
  facet normal -0.195276 0 -0.980748
    outer loop
      vertex 113.143 9 19.9299
      vertex 112.694 3 20.0193
      vertex 112.694 9 20.0193
    endloop
  endfacet
  facet normal 0.980924 -0 0.194394
    outer loop
      vertex 116.981 3 24.3059
      vertex 117.07 9 23.8568
      vertex 116.981 9 24.3059
    endloop
  endfacet
  facet normal 0.980924 0 0.194394
    outer loop
      vertex 117.07 9 23.8568
      vertex 116.981 3 24.3059
      vertex 117.07 3 23.8568
    endloop
  endfacet
  facet normal -0.321668 0 0.946853
    outer loop
      vertex 112.261 9 26.6336
      vertex 112.694 3 26.7807
      vertex 112.694 9 26.7807
    endloop
  endfacet
  facet normal -0.321668 0 0.946853
    outer loop
      vertex 112.694 3 26.7807
      vertex 112.261 9 26.6336
      vertex 112.261 3 26.6336
    endloop
  endfacet
  facet normal -0.896427 0 0.443192
    outer loop
      vertex 110.366 3 24.7394
      vertex 110.569 9 25.15
      vertex 110.366 9 24.7394
    endloop
  endfacet
  facet normal -0.896427 0 0.443192
    outer loop
      vertex 110.569 9 25.15
      vertex 110.366 3 24.7394
      vertex 110.569 3 25.15
    endloop
  endfacet
  facet normal 0.947032 0 -0.321139
    outer loop
      vertex 116.981 3 22.4941
      vertex 116.834 9 22.0606
      vertex 116.981 9 22.4941
    endloop
  endfacet
  facet normal 0.947032 0 -0.321139
    outer loop
      vertex 116.834 9 22.0606
      vertex 116.981 3 22.4941
      vertex 116.834 3 22.0606
    endloop
  endfacet
  facet normal 0.980924 0 -0.194394
    outer loop
      vertex 117.07 3 22.9432
      vertex 116.981 9 22.4941
      vertex 117.07 9 22.9432
    endloop
  endfacet
  facet normal 0.980924 0 -0.194394
    outer loop
      vertex 116.981 9 22.4941
      vertex 117.07 3 22.9432
      vertex 116.981 3 22.4941
    endloop
  endfacet
  facet normal 0.751683 0 -0.659524
    outer loop
      vertex 116.377 3 21.2693
      vertex 116.075 9 20.9251
      vertex 116.377 9 21.2693
    endloop
  endfacet
  facet normal 0.751683 0 -0.659524
    outer loop
      vertex 116.075 9 20.9251
      vertex 116.377 3 21.2693
      vertex 116.075 3 20.9251
    endloop
  endfacet
  facet normal 0.0652871 0 -0.997867
    outer loop
      vertex 113.6 3 19.9
      vertex 114.057 9 19.9299
      vertex 114.057 3 19.9299
    endloop
  endfacet
  facet normal 0.0652871 0 -0.997867
    outer loop
      vertex 114.057 9 19.9299
      vertex 113.6 3 19.9
      vertex 113.6 9 19.9
    endloop
  endfacet
  facet normal 0.555305 0 -0.831647
    outer loop
      vertex 115.35 3 20.3689
      vertex 115.731 9 20.6233
      vertex 115.731 3 20.6233
    endloop
  endfacet
  facet normal 0.555305 0 -0.831647
    outer loop
      vertex 115.731 9 20.6233
      vertex 115.35 3 20.3689
      vertex 115.35 9 20.3689
    endloop
  endfacet
  facet normal -0.831849 0 -0.555003
    outer loop
      vertex 110.823 3 21.2693
      vertex 110.569 9 21.65
      vertex 110.823 9 21.2693
    endloop
  endfacet
  facet normal -0.831849 -0 -0.555003
    outer loop
      vertex 110.569 9 21.65
      vertex 110.823 3 21.2693
      vertex 110.569 3 21.65
    endloop
  endfacet
  facet normal -0.751683 0 -0.659524
    outer loop
      vertex 111.125 3 20.9251
      vertex 110.823 9 21.2693
      vertex 111.125 9 20.9251
    endloop
  endfacet
  facet normal -0.751683 -0 -0.659524
    outer loop
      vertex 110.823 9 21.2693
      vertex 111.125 3 20.9251
      vertex 110.823 3 21.2693
    endloop
  endfacet
  facet normal -0.980924 0 -0.194394
    outer loop
      vertex 110.219 3 22.4941
      vertex 110.13 9 22.9432
      vertex 110.219 9 22.4941
    endloop
  endfacet
  facet normal -0.980924 -0 -0.194394
    outer loop
      vertex 110.13 9 22.9432
      vertex 110.219 3 22.4941
      vertex 110.13 3 22.9432
    endloop
  endfacet
  facet normal -0.441968 0 -0.897031
    outer loop
      vertex 111.85 3 20.3689
      vertex 112.261 9 20.1664
      vertex 112.261 3 20.1664
    endloop
  endfacet
  facet normal -0.441968 0 -0.897031
    outer loop
      vertex 112.261 9 20.1664
      vertex 111.85 3 20.3689
      vertex 111.85 9 20.3689
    endloop
  endfacet
  facet normal -0.555305 0 -0.831647
    outer loop
      vertex 111.469 3 20.6233
      vertex 111.85 9 20.3689
      vertex 111.85 3 20.3689
    endloop
  endfacet
  facet normal -0.555305 0 -0.831647
    outer loop
      vertex 111.85 9 20.3689
      vertex 111.469 3 20.6233
      vertex 111.469 9 20.6233
    endloop
  endfacet
  facet normal 0.99785 -0 0.0655331
    outer loop
      vertex 117.07 3 23.8568
      vertex 117.1 9 23.4
      vertex 117.07 9 23.8568
    endloop
  endfacet
  facet normal 0.99785 0 0.0655331
    outer loop
      vertex 117.1 9 23.4
      vertex 117.07 3 23.8568
      vertex 117.1 3 23.4
    endloop
  endfacet
  facet normal 0.0652871 0 0.997867
    outer loop
      vertex 113.6 9 26.9
      vertex 114.057 3 26.8701
      vertex 114.057 9 26.8701
    endloop
  endfacet
  facet normal 0.0652871 0 0.997867
    outer loop
      vertex 114.057 3 26.8701
      vertex 113.6 9 26.9
      vertex 113.6 3 26.9
    endloop
  endfacet
  facet normal 0.321668 0 0.946853
    outer loop
      vertex 114.506 9 26.7807
      vertex 114.939 3 26.6336
      vertex 114.939 9 26.6336
    endloop
  endfacet
  facet normal 0.321668 0 0.946853
    outer loop
      vertex 114.939 3 26.6336
      vertex 114.506 9 26.7807
      vertex 114.506 3 26.7807
    endloop
  endfacet
  facet normal 0.659494 0 0.75171
    outer loop
      vertex 115.731 9 26.1767
      vertex 116.075 3 25.8749
      vertex 116.075 9 25.8749
    endloop
  endfacet
  facet normal 0.659494 0 0.75171
    outer loop
      vertex 116.075 3 25.8749
      vertex 115.731 9 26.1767
      vertex 115.731 3 26.1767
    endloop
  endfacet
  facet normal 0.441968 0 0.897031
    outer loop
      vertex 114.939 9 26.6336
      vertex 115.35 3 26.4311
      vertex 115.35 9 26.4311
    endloop
  endfacet
  facet normal 0.441968 0 0.897031
    outer loop
      vertex 115.35 3 26.4311
      vertex 114.939 9 26.6336
      vertex 114.939 3 26.6336
    endloop
  endfacet
  facet normal 0.831849 -0 0.555003
    outer loop
      vertex 116.377 3 25.5307
      vertex 116.631 9 25.15
      vertex 116.377 9 25.5307
    endloop
  endfacet
  facet normal 0.831849 0 0.555003
    outer loop
      vertex 116.631 9 25.15
      vertex 116.377 3 25.5307
      vertex 116.631 3 25.15
    endloop
  endfacet
  facet normal -0.659494 0 0.75171
    outer loop
      vertex 111.125 9 25.8749
      vertex 111.469 3 26.1767
      vertex 111.469 9 26.1767
    endloop
  endfacet
  facet normal -0.659494 0 0.75171
    outer loop
      vertex 111.469 3 26.1767
      vertex 111.125 9 25.8749
      vertex 111.125 3 25.8749
    endloop
  endfacet
  facet normal -0.441968 0 0.897031
    outer loop
      vertex 111.85 9 26.4311
      vertex 112.261 3 26.6336
      vertex 112.261 9 26.6336
    endloop
  endfacet
  facet normal -0.441968 0 0.897031
    outer loop
      vertex 112.261 3 26.6336
      vertex 111.85 9 26.4311
      vertex 111.85 3 26.4311
    endloop
  endfacet
  facet normal -0.195276 0 0.980748
    outer loop
      vertex 112.694 9 26.7807
      vertex 113.143 3 26.8701
      vertex 113.143 9 26.8701
    endloop
  endfacet
  facet normal -0.195276 0 0.980748
    outer loop
      vertex 113.143 3 26.8701
      vertex 112.694 9 26.7807
      vertex 112.694 3 26.7807
    endloop
  endfacet
  facet normal -0.831849 0 0.555003
    outer loop
      vertex 110.569 3 25.15
      vertex 110.823 9 25.5307
      vertex 110.569 9 25.15
    endloop
  endfacet
  facet normal -0.831849 0 0.555003
    outer loop
      vertex 110.823 9 25.5307
      vertex 110.569 3 25.15
      vertex 110.823 3 25.5307
    endloop
  endfacet
  facet normal -0.947032 0 0.321139
    outer loop
      vertex 110.219 3 24.3059
      vertex 110.366 9 24.7394
      vertex 110.219 9 24.3059
    endloop
  endfacet
  facet normal -0.947032 0 0.321139
    outer loop
      vertex 110.366 9 24.7394
      vertex 110.219 3 24.3059
      vertex 110.366 3 24.7394
    endloop
  endfacet
  facet normal -0.99785 0 0.0655331
    outer loop
      vertex 110.1 3 23.4
      vertex 110.13 9 23.8568
      vertex 110.1 9 23.4
    endloop
  endfacet
  facet normal -0.99785 0 0.0655331
    outer loop
      vertex 110.13 9 23.8568
      vertex 110.1 3 23.4
      vertex 110.13 3 23.8568
    endloop
  endfacet
  facet normal 0.947032 -0 0.321139
    outer loop
      vertex 116.834 3 24.7394
      vertex 116.981 9 24.3059
      vertex 116.834 9 24.7394
    endloop
  endfacet
  facet normal 0.947032 0 0.321139
    outer loop
      vertex 116.981 9 24.3059
      vertex 116.834 3 24.7394
      vertex 116.981 3 24.3059
    endloop
  endfacet
  facet normal 0.195276 0 0.980748
    outer loop
      vertex 114.057 9 26.8701
      vertex 114.506 3 26.7807
      vertex 114.506 9 26.7807
    endloop
  endfacet
  facet normal 0.195276 0 0.980748
    outer loop
      vertex 114.506 3 26.7807
      vertex 114.057 9 26.8701
      vertex 114.057 3 26.8701
    endloop
  endfacet
  facet normal 0.751683 -0 0.659524
    outer loop
      vertex 116.075 3 25.8749
      vertex 116.377 9 25.5307
      vertex 116.075 9 25.8749
    endloop
  endfacet
  facet normal 0.751683 0 0.659524
    outer loop
      vertex 116.377 9 25.5307
      vertex 116.075 3 25.8749
      vertex 116.377 3 25.5307
    endloop
  endfacet
  facet normal 0.555305 0 0.831647
    outer loop
      vertex 115.35 9 26.4311
      vertex 115.731 3 26.1767
      vertex 115.731 9 26.1767
    endloop
  endfacet
  facet normal 0.555305 0 0.831647
    outer loop
      vertex 115.731 3 26.1767
      vertex 115.35 9 26.4311
      vertex 115.35 3 26.4311
    endloop
  endfacet
  facet normal -0.555305 0 0.831647
    outer loop
      vertex 111.469 9 26.1767
      vertex 111.85 3 26.4311
      vertex 111.85 9 26.4311
    endloop
  endfacet
  facet normal -0.555305 0 0.831647
    outer loop
      vertex 111.85 3 26.4311
      vertex 111.469 9 26.1767
      vertex 111.469 3 26.1767
    endloop
  endfacet
  facet normal -0.980924 0 0.194394
    outer loop
      vertex 110.13 3 23.8568
      vertex 110.219 9 24.3059
      vertex 110.13 9 23.8568
    endloop
  endfacet
  facet normal -0.980924 0 0.194394
    outer loop
      vertex 110.219 9 24.3059
      vertex 110.13 3 23.8568
      vertex 110.219 3 24.3059
    endloop
  endfacet
  facet normal 0 1 0
    outer loop
      vertex 113.6 9 24.65
      vertex 113.6 9 26.9
      vertex 114.057 9 26.8701
    endloop
  endfacet
  facet normal 0 1 0
    outer loop
      vertex 113.763 9 24.6393
      vertex 114.057 9 26.8701
      vertex 114.506 9 26.7807
    endloop
  endfacet
  facet normal 0 1 0
    outer loop
      vertex 113.6 9 26.9
      vertex 113.6 9 24.65
      vertex 113.143 9 26.8701
    endloop
  endfacet
  facet normal 0 1 0
    outer loop
      vertex 113.924 9 24.6074
      vertex 114.506 9 26.7807
      vertex 114.939 9 26.6336
    endloop
  endfacet
  facet normal 0 1 -0
    outer loop
      vertex 113.437 9 24.6393
      vertex 113.143 9 26.8701
      vertex 113.6 9 24.65
    endloop
  endfacet
  facet normal 0 1 0
    outer loop
      vertex 114.078 9 24.5548
      vertex 114.939 9 26.6336
      vertex 115.35 9 26.4311
    endloop
  endfacet
  facet normal 0 1 0
    outer loop
      vertex 113.143 9 26.8701
      vertex 113.437 9 24.6393
      vertex 112.694 9 26.7807
    endloop
  endfacet
  facet normal 0 1 0
    outer loop
      vertex 114.225 9 24.4825
      vertex 115.35 9 26.4311
      vertex 115.731 9 26.1767
    endloop
  endfacet
  facet normal 0 1 -0
    outer loop
      vertex 113.276 9 24.6074
      vertex 112.694 9 26.7807
      vertex 113.437 9 24.6393
    endloop
  endfacet
  facet normal 0 1 0
    outer loop
      vertex 114.361 9 24.3917
      vertex 115.731 9 26.1767
      vertex 116.075 9 25.8749
    endloop
  endfacet
  facet normal 0 1 0
    outer loop
      vertex 112.694 9 26.7807
      vertex 113.276 9 24.6074
      vertex 112.261 9 26.6336
    endloop
  endfacet
  facet normal 0 1 0
    outer loop
      vertex 114.484 9 24.2839
      vertex 116.075 9 25.8749
      vertex 116.377 9 25.5307
    endloop
  endfacet
  facet normal 0 1 -0
    outer loop
      vertex 113.122 9 24.5548
      vertex 112.261 9 26.6336
      vertex 113.276 9 24.6074
    endloop
  endfacet
  facet normal 0 1 0
    outer loop
      vertex 114.592 9 24.161
      vertex 116.377 9 25.5307
      vertex 116.631 9 25.15
    endloop
  endfacet
  facet normal 0 1 0
    outer loop
      vertex 112.261 9 26.6336
      vertex 113.122 9 24.5548
      vertex 111.85 9 26.4311
    endloop
  endfacet
  facet normal 0 1 0
    outer loop
      vertex 114.683 9 24.025
      vertex 116.631 9 25.15
      vertex 116.834 9 24.7394
    endloop
  endfacet
  facet normal 0 1 -0
    outer loop
      vertex 112.975 9 24.4825
      vertex 111.85 9 26.4311
      vertex 113.122 9 24.5548
    endloop
  endfacet
  facet normal 0 1 0
    outer loop
      vertex 111.85 9 26.4311
      vertex 112.975 9 24.4825
      vertex 111.469 9 26.1767
    endloop
  endfacet
  facet normal 0 1 0
    outer loop
      vertex 114.057 9 26.8701
      vertex 113.763 9 24.6393
      vertex 113.6 9 24.65
    endloop
  endfacet
  facet normal 0 1 0
    outer loop
      vertex 114.506 9 26.7807
      vertex 113.924 9 24.6074
      vertex 113.763 9 24.6393
    endloop
  endfacet
  facet normal 0 1 0
    outer loop
      vertex 114.939 9 26.6336
      vertex 114.078 9 24.5548
      vertex 113.924 9 24.6074
    endloop
  endfacet
  facet normal 0 1 0
    outer loop
      vertex 115.35 9 26.4311
      vertex 114.225 9 24.4825
      vertex 114.078 9 24.5548
    endloop
  endfacet
  facet normal 0 1 0
    outer loop
      vertex 115.731 9 26.1767
      vertex 114.361 9 24.3917
      vertex 114.225 9 24.4825
    endloop
  endfacet
  facet normal 0 1 0
    outer loop
      vertex 114.755 9 23.8784
      vertex 116.834 9 24.7394
      vertex 116.981 9 24.3059
    endloop
  endfacet
  facet normal 0 1 0
    outer loop
      vertex 116.075 9 25.8749
      vertex 114.484 9 24.2839
      vertex 114.361 9 24.3917
    endloop
  endfacet
  facet normal 0 1 0
    outer loop
      vertex 116.377 9 25.5307
      vertex 114.592 9 24.161
      vertex 114.484 9 24.2839
    endloop
  endfacet
  facet normal 0 1 0
    outer loop
      vertex 116.631 9 25.15
      vertex 114.683 9 24.025
      vertex 114.592 9 24.161
    endloop
  endfacet
  facet normal 0 1 0
    outer loop
      vertex 116.834 9 24.7394
      vertex 114.755 9 23.8784
      vertex 114.683 9 24.025
    endloop
  endfacet
  facet normal 0 1 0
    outer loop
      vertex 114.807 9 23.7235
      vertex 116.981 9 24.3059
      vertex 117.07 9 23.8568
    endloop
  endfacet
  facet normal 0 1 0
    outer loop
      vertex 116.981 9 24.3059
      vertex 114.807 9 23.7235
      vertex 114.755 9 23.8784
    endloop
  endfacet
  facet normal 0 1 0
    outer loop
      vertex 117.07 9 23.8568
      vertex 114.839 9 23.5632
      vertex 114.807 9 23.7235
    endloop
  endfacet
  facet normal 0 1 0
    outer loop
      vertex 117.1 9 23.4
      vertex 114.839 9 23.5632
      vertex 117.07 9 23.8568
    endloop
  endfacet
  facet normal 0 1 0
    outer loop
      vertex 117.1 9 23.4
      vertex 114.85 9 23.4
      vertex 114.839 9 23.5632
    endloop
  endfacet
  facet normal 0 1 0
    outer loop
      vertex 117.1 9 23.4
      vertex 114.839 9 23.2368
      vertex 114.85 9 23.4
    endloop
  endfacet
  facet normal 0 1 -0
    outer loop
      vertex 117.07 9 22.9432
      vertex 114.839 9 23.2368
      vertex 117.1 9 23.4
    endloop
  endfacet
  facet normal 0 1 0
    outer loop
      vertex 114.839 9 23.2368
      vertex 117.07 9 22.9432
      vertex 114.807 9 23.0765
    endloop
  endfacet
  facet normal 0 1 -0
    outer loop
      vertex 116.981 9 22.4941
      vertex 114.807 9 23.0765
      vertex 117.07 9 22.9432
    endloop
  endfacet
  facet normal 0 1 0
    outer loop
      vertex 114.807 9 23.0765
      vertex 116.981 9 22.4941
      vertex 114.755 9 22.9216
    endloop
  endfacet
  facet normal 0 1 -0
    outer loop
      vertex 116.834 9 22.0606
      vertex 114.755 9 22.9216
      vertex 116.981 9 22.4941
    endloop
  endfacet
  facet normal 0 1 0
    outer loop
      vertex 114.755 9 22.9216
      vertex 116.834 9 22.0606
      vertex 114.683 9 22.775
    endloop
  endfacet
  facet normal 0 1 -0
    outer loop
      vertex 116.631 9 21.65
      vertex 114.683 9 22.775
      vertex 116.834 9 22.0606
    endloop
  endfacet
  facet normal 0 1 0
    outer loop
      vertex 114.683 9 22.775
      vertex 116.631 9 21.65
      vertex 114.592 9 22.639
    endloop
  endfacet
  facet normal 0 1 -0
    outer loop
      vertex 116.377 9 21.2693
      vertex 114.592 9 22.639
      vertex 116.631 9 21.65
    endloop
  endfacet
  facet normal 0 1 0
    outer loop
      vertex 114.592 9 22.639
      vertex 116.377 9 21.2693
      vertex 114.484 9 22.5161
    endloop
  endfacet
  facet normal 0 1 -0
    outer loop
      vertex 116.075 9 20.9251
      vertex 114.484 9 22.5161
      vertex 116.377 9 21.2693
    endloop
  endfacet
  facet normal 0 1 0
    outer loop
      vertex 114.484 9 22.5161
      vertex 116.075 9 20.9251
      vertex 114.361 9 22.4083
    endloop
  endfacet
  facet normal 0 1 0
    outer loop
      vertex 114.361 9 22.4083
      vertex 115.731 9 20.6233
      vertex 114.225 9 22.3175
    endloop
  endfacet
  facet normal 0 1 -0
    outer loop
      vertex 115.731 9 20.6233
      vertex 114.361 9 22.4083
      vertex 116.075 9 20.9251
    endloop
  endfacet
  facet normal 0 1 -0
    outer loop
      vertex 112.839 9 24.3917
      vertex 111.469 9 26.1767
      vertex 112.975 9 24.4825
    endloop
  endfacet
  facet normal 0 1 0
    outer loop
      vertex 111.469 9 26.1767
      vertex 112.839 9 24.3917
      vertex 111.125 9 25.8749
    endloop
  endfacet
  facet normal 0 1 -0
    outer loop
      vertex 112.716 9 24.2839
      vertex 111.125 9 25.8749
      vertex 112.839 9 24.3917
    endloop
  endfacet
  facet normal 0 1 0
    outer loop
      vertex 111.125 9 25.8749
      vertex 112.716 9 24.2839
      vertex 110.823 9 25.5307
    endloop
  endfacet
  facet normal 0 1 -0
    outer loop
      vertex 112.608 9 24.161
      vertex 110.823 9 25.5307
      vertex 112.716 9 24.2839
    endloop
  endfacet
  facet normal 0 1 0
    outer loop
      vertex 110.823 9 25.5307
      vertex 112.608 9 24.161
      vertex 110.569 9 25.15
    endloop
  endfacet
  facet normal 0 1 -0
    outer loop
      vertex 112.517 9 24.025
      vertex 110.569 9 25.15
      vertex 112.608 9 24.161
    endloop
  endfacet
  facet normal 0 1 0
    outer loop
      vertex 110.569 9 25.15
      vertex 112.517 9 24.025
      vertex 110.366 9 24.7394
    endloop
  endfacet
  facet normal 0 1 -0
    outer loop
      vertex 112.445 9 23.8784
      vertex 110.366 9 24.7394
      vertex 112.517 9 24.025
    endloop
  endfacet
  facet normal 0 1 0
    outer loop
      vertex 110.366 9 24.7394
      vertex 112.445 9 23.8784
      vertex 110.219 9 24.3059
    endloop
  endfacet
  facet normal 0 1 -0
    outer loop
      vertex 112.393 9 23.7235
      vertex 110.219 9 24.3059
      vertex 112.445 9 23.8784
    endloop
  endfacet
  facet normal 0 1 0
    outer loop
      vertex 110.219 9 24.3059
      vertex 112.393 9 23.7235
      vertex 110.13 9 23.8568
    endloop
  endfacet
  facet normal 0 1 -0
    outer loop
      vertex 112.361 9 23.5632
      vertex 110.13 9 23.8568
      vertex 112.393 9 23.7235
    endloop
  endfacet
  facet normal 0 1 -0
    outer loop
      vertex 112.35 9 23.4
      vertex 110.13 9 23.8568
      vertex 112.361 9 23.5632
    endloop
  endfacet
  facet normal 0 1 0
    outer loop
      vertex 112.35 9 23.4
      vertex 110.1 9 23.4
      vertex 110.13 9 23.8568
    endloop
  endfacet
  facet normal 0 1 0
    outer loop
      vertex 112.361 9 23.2368
      vertex 110.1 9 23.4
      vertex 112.35 9 23.4
    endloop
  endfacet
  facet normal 0 1 0
    outer loop
      vertex 110.13 9 22.9432
      vertex 112.361 9 23.2368
      vertex 112.393 9 23.0765
    endloop
  endfacet
  facet normal 0 1 0
    outer loop
      vertex 112.361 9 23.2368
      vertex 110.13 9 22.9432
      vertex 110.1 9 23.4
    endloop
  endfacet
  facet normal 0 1 0
    outer loop
      vertex 110.219 9 22.4941
      vertex 112.393 9 23.0765
      vertex 112.445 9 22.9216
    endloop
  endfacet
  facet normal 0 1 0
    outer loop
      vertex 110.366 9 22.0606
      vertex 112.445 9 22.9216
      vertex 112.517 9 22.775
    endloop
  endfacet
  facet normal 0 1 0
    outer loop
      vertex 110.569 9 21.65
      vertex 112.517 9 22.775
      vertex 112.608 9 22.639
    endloop
  endfacet
  facet normal 0 1 0
    outer loop
      vertex 110.823 9 21.2693
      vertex 112.608 9 22.639
      vertex 112.716 9 22.5161
    endloop
  endfacet
  facet normal 0 1 0
    outer loop
      vertex 112.393 9 23.0765
      vertex 110.219 9 22.4941
      vertex 110.13 9 22.9432
    endloop
  endfacet
  facet normal 0 1 0
    outer loop
      vertex 111.125 9 20.9251
      vertex 112.716 9 22.5161
      vertex 112.839 9 22.4083
    endloop
  endfacet
  facet normal 0 1 0
    outer loop
      vertex 111.469 9 20.6233
      vertex 112.839 9 22.4083
      vertex 112.975 9 22.3175
    endloop
  endfacet
  facet normal 0 1 0
    outer loop
      vertex 111.85 9 20.3689
      vertex 112.975 9 22.3175
      vertex 113.122 9 22.2452
    endloop
  endfacet
  facet normal 0 1 0
    outer loop
      vertex 112.261 9 20.1664
      vertex 113.122 9 22.2452
      vertex 113.276 9 22.1926
    endloop
  endfacet
  facet normal 0 1 0
    outer loop
      vertex 112.694 9 20.0193
      vertex 113.276 9 22.1926
      vertex 113.437 9 22.1607
    endloop
  endfacet
  facet normal 0 1 0
    outer loop
      vertex 112.445 9 22.9216
      vertex 110.366 9 22.0606
      vertex 110.219 9 22.4941
    endloop
  endfacet
  facet normal 0 1 0
    outer loop
      vertex 113.143 9 19.9299
      vertex 113.437 9 22.1607
      vertex 113.6 9 22.15
    endloop
  endfacet
  facet normal 0 1 -0
    outer loop
      vertex 115.35 9 20.3689
      vertex 114.225 9 22.3175
      vertex 115.731 9 20.6233
    endloop
  endfacet
  facet normal 0 1 0
    outer loop
      vertex 114.225 9 22.3175
      vertex 115.35 9 20.3689
      vertex 114.078 9 22.2452
    endloop
  endfacet
  facet normal 0 1 0
    outer loop
      vertex 112.517 9 22.775
      vertex 110.569 9 21.65
      vertex 110.366 9 22.0606
    endloop
  endfacet
  facet normal 0 1 -0
    outer loop
      vertex 114.939 9 20.1664
      vertex 114.078 9 22.2452
      vertex 115.35 9 20.3689
    endloop
  endfacet
  facet normal 0 1 0
    outer loop
      vertex 112.608 9 22.639
      vertex 110.823 9 21.2693
      vertex 110.569 9 21.65
    endloop
  endfacet
  facet normal 0 1 0
    outer loop
      vertex 114.078 9 22.2452
      vertex 114.939 9 20.1664
      vertex 113.924 9 22.1926
    endloop
  endfacet
  facet normal 0 1 0
    outer loop
      vertex 112.716 9 22.5161
      vertex 111.125 9 20.9251
      vertex 110.823 9 21.2693
    endloop
  endfacet
  facet normal 0 1 -0
    outer loop
      vertex 114.506 9 20.0193
      vertex 113.924 9 22.1926
      vertex 114.939 9 20.1664
    endloop
  endfacet
  facet normal 0 1 0
    outer loop
      vertex 112.839 9 22.4083
      vertex 111.469 9 20.6233
      vertex 111.125 9 20.9251
    endloop
  endfacet
  facet normal 0 1 0
    outer loop
      vertex 113.924 9 22.1926
      vertex 114.506 9 20.0193
      vertex 113.763 9 22.1607
    endloop
  endfacet
  facet normal 0 1 0
    outer loop
      vertex 112.975 9 22.3175
      vertex 111.85 9 20.3689
      vertex 111.469 9 20.6233
    endloop
  endfacet
  facet normal 0 1 -0
    outer loop
      vertex 114.057 9 19.9299
      vertex 113.763 9 22.1607
      vertex 114.506 9 20.0193
    endloop
  endfacet
  facet normal 0 1 0
    outer loop
      vertex 113.122 9 22.2452
      vertex 112.261 9 20.1664
      vertex 111.85 9 20.3689
    endloop
  endfacet
  facet normal 0 1 0
    outer loop
      vertex 113.763 9 22.1607
      vertex 114.057 9 19.9299
      vertex 113.6 9 22.15
    endloop
  endfacet
  facet normal 0 1 0
    outer loop
      vertex 113.276 9 22.1926
      vertex 112.694 9 20.0193
      vertex 112.261 9 20.1664
    endloop
  endfacet
  facet normal 0 1 0
    outer loop
      vertex 113.6 9 19.9
      vertex 113.6 9 22.15
      vertex 114.057 9 19.9299
    endloop
  endfacet
  facet normal 0 1 0
    outer loop
      vertex 113.437 9 22.1607
      vertex 113.143 9 19.9299
      vertex 112.694 9 20.0193
    endloop
  endfacet
  facet normal 0 1 0
    outer loop
      vertex 113.6 9 22.15
      vertex 113.6 9 19.9
      vertex 113.143 9 19.9299
    endloop
  endfacet
  facet normal 0.896427 -0 0.443192
    outer loop
      vertex 116.631 3 25.15
      vertex 116.834 9 24.7394
      vertex 116.631 9 25.15
    endloop
  endfacet
  facet normal 0.896427 0 0.443192
    outer loop
      vertex 116.834 9 24.7394
      vertex 116.631 3 25.15
      vertex 116.834 3 24.7394
    endloop
  endfacet
  facet normal -0.980924 0 -0.194394
    outer loop
      vertex 209.819 3 22.4941
      vertex 209.73 9 22.9432
      vertex 209.819 9 22.4941
    endloop
  endfacet
  facet normal -0.980924 -0 -0.194394
    outer loop
      vertex 209.73 9 22.9432
      vertex 209.819 3 22.4941
      vertex 209.73 3 22.9432
    endloop
  endfacet
  facet normal 0.831849 0 -0.555003
    outer loop
      vertex 216.231 3 21.65
      vertex 215.977 9 21.2693
      vertex 216.231 9 21.65
    endloop
  endfacet
  facet normal 0.831849 0 -0.555003
    outer loop
      vertex 215.977 9 21.2693
      vertex 216.231 3 21.65
      vertex 215.977 3 21.2693
    endloop
  endfacet
  facet normal 0.195276 0 -0.980748
    outer loop
      vertex 213.657 3 19.9299
      vertex 214.106 9 20.0193
      vertex 214.106 3 20.0193
    endloop
  endfacet
  facet normal 0.195276 0 -0.980748
    outer loop
      vertex 214.106 9 20.0193
      vertex 213.657 3 19.9299
      vertex 213.657 9 19.9299
    endloop
  endfacet
  facet normal 0.321668 0 -0.946853
    outer loop
      vertex 214.106 3 20.0193
      vertex 214.539 9 20.1664
      vertex 214.539 3 20.1664
    endloop
  endfacet
  facet normal 0.321668 0 -0.946853
    outer loop
      vertex 214.539 9 20.1664
      vertex 214.106 3 20.0193
      vertex 214.106 9 20.0193
    endloop
  endfacet
  facet normal -0.441968 0 -0.897031
    outer loop
      vertex 211.45 3 20.3689
      vertex 211.861 9 20.1664
      vertex 211.861 3 20.1664
    endloop
  endfacet
  facet normal -0.441968 0 -0.897031
    outer loop
      vertex 211.861 9 20.1664
      vertex 211.45 3 20.3689
      vertex 211.45 9 20.3689
    endloop
  endfacet
  facet normal -0.947032 0 -0.321139
    outer loop
      vertex 209.966 3 22.0606
      vertex 209.819 9 22.4941
      vertex 209.966 9 22.0606
    endloop
  endfacet
  facet normal -0.947032 -0 -0.321139
    outer loop
      vertex 209.819 9 22.4941
      vertex 209.966 3 22.0606
      vertex 209.819 3 22.4941
    endloop
  endfacet
  facet normal 0.99785 -0 0.0655331
    outer loop
      vertex 216.67 3 23.8568
      vertex 216.7 9 23.4
      vertex 216.67 9 23.8568
    endloop
  endfacet
  facet normal 0.99785 0 0.0655331
    outer loop
      vertex 216.7 9 23.4
      vertex 216.67 3 23.8568
      vertex 216.7 3 23.4
    endloop
  endfacet
  facet normal 0.441968 0 0.897031
    outer loop
      vertex 214.539 9 26.6336
      vertex 214.95 3 26.4311
      vertex 214.95 9 26.4311
    endloop
  endfacet
  facet normal 0.441968 0 0.897031
    outer loop
      vertex 214.95 3 26.4311
      vertex 214.539 9 26.6336
      vertex 214.539 3 26.6336
    endloop
  endfacet
  facet normal 0.659494 0 -0.75171
    outer loop
      vertex 215.331 3 20.6233
      vertex 215.675 9 20.9251
      vertex 215.675 3 20.9251
    endloop
  endfacet
  facet normal 0.659494 0 -0.75171
    outer loop
      vertex 215.675 9 20.9251
      vertex 215.331 3 20.6233
      vertex 215.331 9 20.6233
    endloop
  endfacet
  facet normal -0.99785 0 0.0655331
    outer loop
      vertex 209.7 3 23.4
      vertex 209.73 9 23.8568
      vertex 209.7 9 23.4
    endloop
  endfacet
  facet normal -0.99785 0 0.0655331
    outer loop
      vertex 209.73 9 23.8568
      vertex 209.7 3 23.4
      vertex 209.73 3 23.8568
    endloop
  endfacet
  facet normal -0.831849 0 -0.555003
    outer loop
      vertex 210.423 3 21.2693
      vertex 210.169 9 21.65
      vertex 210.423 9 21.2693
    endloop
  endfacet
  facet normal -0.831849 -0 -0.555003
    outer loop
      vertex 210.169 9 21.65
      vertex 210.423 3 21.2693
      vertex 210.169 3 21.65
    endloop
  endfacet
  facet normal -0.555305 0 -0.831647
    outer loop
      vertex 211.069 3 20.6233
      vertex 211.45 9 20.3689
      vertex 211.45 3 20.3689
    endloop
  endfacet
  facet normal -0.555305 0 -0.831647
    outer loop
      vertex 211.45 9 20.3689
      vertex 211.069 3 20.6233
      vertex 211.069 9 20.6233
    endloop
  endfacet
  facet normal -0.659494 0 -0.75171
    outer loop
      vertex 210.725 3 20.9251
      vertex 211.069 9 20.6233
      vertex 211.069 3 20.6233
    endloop
  endfacet
  facet normal -0.659494 0 -0.75171
    outer loop
      vertex 211.069 9 20.6233
      vertex 210.725 3 20.9251
      vertex 210.725 9 20.9251
    endloop
  endfacet
  facet normal 0.99785 0 -0.0655331
    outer loop
      vertex 216.7 3 23.4
      vertex 216.67 9 22.9432
      vertex 216.7 9 23.4
    endloop
  endfacet
  facet normal 0.99785 0 -0.0655331
    outer loop
      vertex 216.67 9 22.9432
      vertex 216.7 3 23.4
      vertex 216.67 3 22.9432
    endloop
  endfacet
  facet normal 0.321668 0 0.946853
    outer loop
      vertex 214.106 9 26.7807
      vertex 214.539 3 26.6336
      vertex 214.539 9 26.6336
    endloop
  endfacet
  facet normal 0.321668 0 0.946853
    outer loop
      vertex 214.539 3 26.6336
      vertex 214.106 9 26.7807
      vertex 214.106 3 26.7807
    endloop
  endfacet
  facet normal 0.751683 0 -0.659524
    outer loop
      vertex 215.977 3 21.2693
      vertex 215.675 9 20.9251
      vertex 215.977 9 21.2693
    endloop
  endfacet
  facet normal 0.751683 0 -0.659524
    outer loop
      vertex 215.675 9 20.9251
      vertex 215.977 3 21.2693
      vertex 215.675 3 20.9251
    endloop
  endfacet
  facet normal -0.0652871 0 -0.997867
    outer loop
      vertex 212.743 3 19.9299
      vertex 213.2 9 19.9
      vertex 213.2 3 19.9
    endloop
  endfacet
  facet normal -0.0652871 0 -0.997867
    outer loop
      vertex 213.2 9 19.9
      vertex 212.743 3 19.9299
      vertex 212.743 9 19.9299
    endloop
  endfacet
  facet normal 0.555305 0 -0.831647
    outer loop
      vertex 214.95 3 20.3689
      vertex 215.331 9 20.6233
      vertex 215.331 3 20.6233
    endloop
  endfacet
  facet normal 0.555305 0 -0.831647
    outer loop
      vertex 215.331 9 20.6233
      vertex 214.95 3 20.3689
      vertex 214.95 9 20.3689
    endloop
  endfacet
  facet normal 0.441968 0 -0.897031
    outer loop
      vertex 214.539 3 20.1664
      vertex 214.95 9 20.3689
      vertex 214.95 3 20.3689
    endloop
  endfacet
  facet normal 0.441968 0 -0.897031
    outer loop
      vertex 214.95 9 20.3689
      vertex 214.539 3 20.1664
      vertex 214.539 9 20.1664
    endloop
  endfacet
  facet normal -0.99785 0 -0.0655331
    outer loop
      vertex 209.73 3 22.9432
      vertex 209.7 9 23.4
      vertex 209.73 9 22.9432
    endloop
  endfacet
  facet normal -0.99785 -0 -0.0655331
    outer loop
      vertex 209.7 9 23.4
      vertex 209.73 3 22.9432
      vertex 209.7 3 23.4
    endloop
  endfacet
  facet normal -0.896427 0 -0.443192
    outer loop
      vertex 210.169 3 21.65
      vertex 209.966 9 22.0606
      vertex 210.169 9 21.65
    endloop
  endfacet
  facet normal -0.896427 -0 -0.443192
    outer loop
      vertex 209.966 9 22.0606
      vertex 210.169 3 21.65
      vertex 209.966 3 22.0606
    endloop
  endfacet
  facet normal -0.195276 0 -0.980748
    outer loop
      vertex 212.294 3 20.0193
      vertex 212.743 9 19.9299
      vertex 212.743 3 19.9299
    endloop
  endfacet
  facet normal -0.195276 0 -0.980748
    outer loop
      vertex 212.743 9 19.9299
      vertex 212.294 3 20.0193
      vertex 212.294 9 20.0193
    endloop
  endfacet
  facet normal -0.321668 0 -0.946853
    outer loop
      vertex 211.861 3 20.1664
      vertex 212.294 9 20.0193
      vertex 212.294 3 20.0193
    endloop
  endfacet
  facet normal -0.321668 0 -0.946853
    outer loop
      vertex 212.294 9 20.0193
      vertex 211.861 3 20.1664
      vertex 211.861 9 20.1664
    endloop
  endfacet
  facet normal -0.751683 0 -0.659524
    outer loop
      vertex 210.725 3 20.9251
      vertex 210.423 9 21.2693
      vertex 210.725 9 20.9251
    endloop
  endfacet
  facet normal -0.751683 -0 -0.659524
    outer loop
      vertex 210.423 9 21.2693
      vertex 210.725 3 20.9251
      vertex 210.423 3 21.2693
    endloop
  endfacet
  facet normal 0.980924 -0 0.194394
    outer loop
      vertex 216.581 3 24.3059
      vertex 216.67 9 23.8568
      vertex 216.581 9 24.3059
    endloop
  endfacet
  facet normal 0.980924 0 0.194394
    outer loop
      vertex 216.67 9 23.8568
      vertex 216.581 3 24.3059
      vertex 216.67 3 23.8568
    endloop
  endfacet
  facet normal 0.831849 -0 0.555003
    outer loop
      vertex 215.977 3 25.5307
      vertex 216.231 9 25.15
      vertex 215.977 9 25.5307
    endloop
  endfacet
  facet normal 0.831849 0 0.555003
    outer loop
      vertex 216.231 9 25.15
      vertex 215.977 3 25.5307
      vertex 216.231 3 25.15
    endloop
  endfacet
  facet normal -0.980924 0 0.194394
    outer loop
      vertex 209.73 3 23.8568
      vertex 209.819 9 24.3059
      vertex 209.73 9 23.8568
    endloop
  endfacet
  facet normal -0.980924 0 0.194394
    outer loop
      vertex 209.819 9 24.3059
      vertex 209.73 3 23.8568
      vertex 209.819 3 24.3059
    endloop
  endfacet
  facet normal 0.195276 0 0.980748
    outer loop
      vertex 213.657 9 26.8701
      vertex 214.106 3 26.7807
      vertex 214.106 9 26.7807
    endloop
  endfacet
  facet normal 0.195276 0 0.980748
    outer loop
      vertex 214.106 3 26.7807
      vertex 213.657 9 26.8701
      vertex 213.657 3 26.8701
    endloop
  endfacet
  facet normal 0.896427 0 -0.443192
    outer loop
      vertex 216.434 3 22.0606
      vertex 216.231 9 21.65
      vertex 216.434 9 22.0606
    endloop
  endfacet
  facet normal 0.896427 0 -0.443192
    outer loop
      vertex 216.231 9 21.65
      vertex 216.434 3 22.0606
      vertex 216.231 3 21.65
    endloop
  endfacet
  facet normal 0.947032 0 -0.321139
    outer loop
      vertex 216.581 3 22.4941
      vertex 216.434 9 22.0606
      vertex 216.581 9 22.4941
    endloop
  endfacet
  facet normal 0.947032 0 -0.321139
    outer loop
      vertex 216.434 9 22.0606
      vertex 216.581 3 22.4941
      vertex 216.434 3 22.0606
    endloop
  endfacet
  facet normal 0.980924 0 -0.194394
    outer loop
      vertex 216.67 3 22.9432
      vertex 216.581 9 22.4941
      vertex 216.67 9 22.9432
    endloop
  endfacet
  facet normal 0.980924 0 -0.194394
    outer loop
      vertex 216.581 9 22.4941
      vertex 216.67 3 22.9432
      vertex 216.581 3 22.4941
    endloop
  endfacet
  facet normal 0.0652871 0 -0.997867
    outer loop
      vertex 213.2 3 19.9
      vertex 213.657 9 19.9299
      vertex 213.657 3 19.9299
    endloop
  endfacet
  facet normal 0.0652871 0 -0.997867
    outer loop
      vertex 213.657 9 19.9299
      vertex 213.2 3 19.9
      vertex 213.2 9 19.9
    endloop
  endfacet
  facet normal 0 1 0
    outer loop
      vertex 213.2 9 24.65
      vertex 213.2 9 26.9
      vertex 213.657 9 26.8701
    endloop
  endfacet
  facet normal 0 1 0
    outer loop
      vertex 213.363 9 24.6393
      vertex 213.657 9 26.8701
      vertex 214.106 9 26.7807
    endloop
  endfacet
  facet normal 0 1 0
    outer loop
      vertex 213.2 9 26.9
      vertex 213.2 9 24.65
      vertex 212.743 9 26.8701
    endloop
  endfacet
  facet normal 0 1 0
    outer loop
      vertex 213.524 9 24.6074
      vertex 214.106 9 26.7807
      vertex 214.539 9 26.6336
    endloop
  endfacet
  facet normal 0 1 -0
    outer loop
      vertex 213.037 9 24.6393
      vertex 212.743 9 26.8701
      vertex 213.2 9 24.65
    endloop
  endfacet
  facet normal 0 1 0
    outer loop
      vertex 213.678 9 24.5548
      vertex 214.539 9 26.6336
      vertex 214.95 9 26.4311
    endloop
  endfacet
  facet normal 0 1 0
    outer loop
      vertex 212.743 9 26.8701
      vertex 213.037 9 24.6393
      vertex 212.294 9 26.7807
    endloop
  endfacet
  facet normal 0 1 0
    outer loop
      vertex 213.825 9 24.4825
      vertex 214.95 9 26.4311
      vertex 215.331 9 26.1767
    endloop
  endfacet
  facet normal 0 1 -0
    outer loop
      vertex 212.876 9 24.6074
      vertex 212.294 9 26.7807
      vertex 213.037 9 24.6393
    endloop
  endfacet
  facet normal 0 1 0
    outer loop
      vertex 213.961 9 24.3917
      vertex 215.331 9 26.1767
      vertex 215.675 9 25.8749
    endloop
  endfacet
  facet normal 0 1 0
    outer loop
      vertex 212.294 9 26.7807
      vertex 212.876 9 24.6074
      vertex 211.861 9 26.6336
    endloop
  endfacet
  facet normal 0 1 0
    outer loop
      vertex 214.084 9 24.2839
      vertex 215.675 9 25.8749
      vertex 215.977 9 25.5307
    endloop
  endfacet
  facet normal 0 1 -0
    outer loop
      vertex 212.722 9 24.5548
      vertex 211.861 9 26.6336
      vertex 212.876 9 24.6074
    endloop
  endfacet
  facet normal 0 1 0
    outer loop
      vertex 214.192 9 24.161
      vertex 215.977 9 25.5307
      vertex 216.231 9 25.15
    endloop
  endfacet
  facet normal 0 1 0
    outer loop
      vertex 211.861 9 26.6336
      vertex 212.722 9 24.5548
      vertex 211.45 9 26.4311
    endloop
  endfacet
  facet normal 0 1 0
    outer loop
      vertex 214.283 9 24.025
      vertex 216.231 9 25.15
      vertex 216.434 9 24.7394
    endloop
  endfacet
  facet normal 0 1 -0
    outer loop
      vertex 212.575 9 24.4825
      vertex 211.45 9 26.4311
      vertex 212.722 9 24.5548
    endloop
  endfacet
  facet normal 0 1 0
    outer loop
      vertex 211.45 9 26.4311
      vertex 212.575 9 24.4825
      vertex 211.069 9 26.1767
    endloop
  endfacet
  facet normal 0 1 0
    outer loop
      vertex 213.657 9 26.8701
      vertex 213.363 9 24.6393
      vertex 213.2 9 24.65
    endloop
  endfacet
  facet normal 0 1 0
    outer loop
      vertex 214.106 9 26.7807
      vertex 213.524 9 24.6074
      vertex 213.363 9 24.6393
    endloop
  endfacet
  facet normal 0 1 0
    outer loop
      vertex 214.539 9 26.6336
      vertex 213.678 9 24.5548
      vertex 213.524 9 24.6074
    endloop
  endfacet
  facet normal 0 1 0
    outer loop
      vertex 214.95 9 26.4311
      vertex 213.825 9 24.4825
      vertex 213.678 9 24.5548
    endloop
  endfacet
  facet normal 0 1 0
    outer loop
      vertex 215.331 9 26.1767
      vertex 213.961 9 24.3917
      vertex 213.825 9 24.4825
    endloop
  endfacet
  facet normal 0 1 0
    outer loop
      vertex 214.355 9 23.8784
      vertex 216.434 9 24.7394
      vertex 216.581 9 24.3059
    endloop
  endfacet
  facet normal 0 1 0
    outer loop
      vertex 215.675 9 25.8749
      vertex 214.084 9 24.2839
      vertex 213.961 9 24.3917
    endloop
  endfacet
  facet normal 0 1 0
    outer loop
      vertex 215.977 9 25.5307
      vertex 214.192 9 24.161
      vertex 214.084 9 24.2839
    endloop
  endfacet
  facet normal 0 1 0
    outer loop
      vertex 216.231 9 25.15
      vertex 214.283 9 24.025
      vertex 214.192 9 24.161
    endloop
  endfacet
  facet normal 0 1 0
    outer loop
      vertex 216.434 9 24.7394
      vertex 214.355 9 23.8784
      vertex 214.283 9 24.025
    endloop
  endfacet
  facet normal 0 1 0
    outer loop
      vertex 214.407 9 23.7235
      vertex 216.581 9 24.3059
      vertex 216.67 9 23.8568
    endloop
  endfacet
  facet normal 0 1 0
    outer loop
      vertex 216.581 9 24.3059
      vertex 214.407 9 23.7235
      vertex 214.355 9 23.8784
    endloop
  endfacet
  facet normal 0 1 0
    outer loop
      vertex 216.67 9 23.8568
      vertex 214.439 9 23.5632
      vertex 214.407 9 23.7235
    endloop
  endfacet
  facet normal 0 1 0
    outer loop
      vertex 216.7 9 23.4
      vertex 214.439 9 23.5632
      vertex 216.67 9 23.8568
    endloop
  endfacet
  facet normal 0 1 0
    outer loop
      vertex 216.7 9 23.4
      vertex 214.45 9 23.4
      vertex 214.439 9 23.5632
    endloop
  endfacet
  facet normal 0 1 0
    outer loop
      vertex 216.7 9 23.4
      vertex 214.439 9 23.2368
      vertex 214.45 9 23.4
    endloop
  endfacet
  facet normal 0 1 -0
    outer loop
      vertex 216.67 9 22.9432
      vertex 214.439 9 23.2368
      vertex 216.7 9 23.4
    endloop
  endfacet
  facet normal 0 1 0
    outer loop
      vertex 214.439 9 23.2368
      vertex 216.67 9 22.9432
      vertex 214.407 9 23.0765
    endloop
  endfacet
  facet normal 0 1 -0
    outer loop
      vertex 216.581 9 22.4941
      vertex 214.407 9 23.0765
      vertex 216.67 9 22.9432
    endloop
  endfacet
  facet normal 0 1 0
    outer loop
      vertex 214.407 9 23.0765
      vertex 216.581 9 22.4941
      vertex 214.355 9 22.9216
    endloop
  endfacet
  facet normal 0 1 -0
    outer loop
      vertex 216.434 9 22.0606
      vertex 214.355 9 22.9216
      vertex 216.581 9 22.4941
    endloop
  endfacet
  facet normal 0 1 0
    outer loop
      vertex 214.355 9 22.9216
      vertex 216.434 9 22.0606
      vertex 214.283 9 22.775
    endloop
  endfacet
  facet normal 0 1 -0
    outer loop
      vertex 216.231 9 21.65
      vertex 214.283 9 22.775
      vertex 216.434 9 22.0606
    endloop
  endfacet
  facet normal 0 1 0
    outer loop
      vertex 214.283 9 22.775
      vertex 216.231 9 21.65
      vertex 214.192 9 22.639
    endloop
  endfacet
  facet normal 0 1 -0
    outer loop
      vertex 215.977 9 21.2693
      vertex 214.192 9 22.639
      vertex 216.231 9 21.65
    endloop
  endfacet
  facet normal 0 1 0
    outer loop
      vertex 214.192 9 22.639
      vertex 215.977 9 21.2693
      vertex 214.084 9 22.5161
    endloop
  endfacet
  facet normal 0 1 -0
    outer loop
      vertex 215.675 9 20.9251
      vertex 214.084 9 22.5161
      vertex 215.977 9 21.2693
    endloop
  endfacet
  facet normal 0 1 0
    outer loop
      vertex 214.084 9 22.5161
      vertex 215.675 9 20.9251
      vertex 213.961 9 22.4083
    endloop
  endfacet
  facet normal 0 1 0
    outer loop
      vertex 213.961 9 22.4083
      vertex 215.331 9 20.6233
      vertex 213.825 9 22.3175
    endloop
  endfacet
  facet normal 0 1 -0
    outer loop
      vertex 215.331 9 20.6233
      vertex 213.961 9 22.4083
      vertex 215.675 9 20.9251
    endloop
  endfacet
  facet normal 0 1 -0
    outer loop
      vertex 212.439 9 24.3917
      vertex 211.069 9 26.1767
      vertex 212.575 9 24.4825
    endloop
  endfacet
  facet normal 0 1 0
    outer loop
      vertex 211.069 9 26.1767
      vertex 212.439 9 24.3917
      vertex 210.725 9 25.8749
    endloop
  endfacet
  facet normal 0 1 -0
    outer loop
      vertex 212.316 9 24.2839
      vertex 210.725 9 25.8749
      vertex 212.439 9 24.3917
    endloop
  endfacet
  facet normal 0 1 0
    outer loop
      vertex 210.725 9 25.8749
      vertex 212.316 9 24.2839
      vertex 210.423 9 25.5307
    endloop
  endfacet
  facet normal 0 1 -0
    outer loop
      vertex 212.208 9 24.161
      vertex 210.423 9 25.5307
      vertex 212.316 9 24.2839
    endloop
  endfacet
  facet normal 0 1 0
    outer loop
      vertex 210.423 9 25.5307
      vertex 212.208 9 24.161
      vertex 210.169 9 25.15
    endloop
  endfacet
  facet normal 0 1 -0
    outer loop
      vertex 212.117 9 24.025
      vertex 210.169 9 25.15
      vertex 212.208 9 24.161
    endloop
  endfacet
  facet normal 0 1 0
    outer loop
      vertex 210.169 9 25.15
      vertex 212.117 9 24.025
      vertex 209.966 9 24.7394
    endloop
  endfacet
  facet normal 0 1 -0
    outer loop
      vertex 212.045 9 23.8784
      vertex 209.966 9 24.7394
      vertex 212.117 9 24.025
    endloop
  endfacet
  facet normal 0 1 0
    outer loop
      vertex 209.966 9 24.7394
      vertex 212.045 9 23.8784
      vertex 209.819 9 24.3059
    endloop
  endfacet
  facet normal 0 1 -0
    outer loop
      vertex 211.993 9 23.7235
      vertex 209.819 9 24.3059
      vertex 212.045 9 23.8784
    endloop
  endfacet
  facet normal 0 1 0
    outer loop
      vertex 209.819 9 24.3059
      vertex 211.993 9 23.7235
      vertex 209.73 9 23.8568
    endloop
  endfacet
  facet normal 0 1 -0
    outer loop
      vertex 211.961 9 23.5632
      vertex 209.73 9 23.8568
      vertex 211.993 9 23.7235
    endloop
  endfacet
  facet normal 0 1 -0
    outer loop
      vertex 211.95 9 23.4
      vertex 209.73 9 23.8568
      vertex 211.961 9 23.5632
    endloop
  endfacet
  facet normal 0 1 0
    outer loop
      vertex 211.95 9 23.4
      vertex 209.7 9 23.4
      vertex 209.73 9 23.8568
    endloop
  endfacet
  facet normal 0 1 0
    outer loop
      vertex 211.961 9 23.2368
      vertex 209.7 9 23.4
      vertex 211.95 9 23.4
    endloop
  endfacet
  facet normal 0 1 0
    outer loop
      vertex 209.73 9 22.9432
      vertex 211.961 9 23.2368
      vertex 211.993 9 23.0765
    endloop
  endfacet
  facet normal 0 1 0
    outer loop
      vertex 211.961 9 23.2368
      vertex 209.73 9 22.9432
      vertex 209.7 9 23.4
    endloop
  endfacet
  facet normal 0 1 0
    outer loop
      vertex 209.819 9 22.4941
      vertex 211.993 9 23.0765
      vertex 212.045 9 22.9216
    endloop
  endfacet
  facet normal 0 1 0
    outer loop
      vertex 209.966 9 22.0606
      vertex 212.045 9 22.9216
      vertex 212.117 9 22.775
    endloop
  endfacet
  facet normal 0 1 0
    outer loop
      vertex 210.169 9 21.65
      vertex 212.117 9 22.775
      vertex 212.208 9 22.639
    endloop
  endfacet
  facet normal 0 1 0
    outer loop
      vertex 210.423 9 21.2693
      vertex 212.208 9 22.639
      vertex 212.316 9 22.5161
    endloop
  endfacet
  facet normal 0 1 0
    outer loop
      vertex 211.993 9 23.0765
      vertex 209.819 9 22.4941
      vertex 209.73 9 22.9432
    endloop
  endfacet
  facet normal 0 1 0
    outer loop
      vertex 210.725 9 20.9251
      vertex 212.316 9 22.5161
      vertex 212.439 9 22.4083
    endloop
  endfacet
  facet normal 0 1 0
    outer loop
      vertex 211.069 9 20.6233
      vertex 212.439 9 22.4083
      vertex 212.575 9 22.3175
    endloop
  endfacet
  facet normal 0 1 0
    outer loop
      vertex 211.45 9 20.3689
      vertex 212.575 9 22.3175
      vertex 212.722 9 22.2452
    endloop
  endfacet
  facet normal 0 1 0
    outer loop
      vertex 211.861 9 20.1664
      vertex 212.722 9 22.2452
      vertex 212.876 9 22.1926
    endloop
  endfacet
  facet normal 0 1 0
    outer loop
      vertex 212.294 9 20.0193
      vertex 212.876 9 22.1926
      vertex 213.037 9 22.1607
    endloop
  endfacet
  facet normal 0 1 0
    outer loop
      vertex 212.045 9 22.9216
      vertex 209.966 9 22.0606
      vertex 209.819 9 22.4941
    endloop
  endfacet
  facet normal 0 1 0
    outer loop
      vertex 212.743 9 19.9299
      vertex 213.037 9 22.1607
      vertex 213.2 9 22.15
    endloop
  endfacet
  facet normal 0 1 -0
    outer loop
      vertex 214.95 9 20.3689
      vertex 213.825 9 22.3175
      vertex 215.331 9 20.6233
    endloop
  endfacet
  facet normal 0 1 0
    outer loop
      vertex 213.825 9 22.3175
      vertex 214.95 9 20.3689
      vertex 213.678 9 22.2452
    endloop
  endfacet
  facet normal 0 1 0
    outer loop
      vertex 212.117 9 22.775
      vertex 210.169 9 21.65
      vertex 209.966 9 22.0606
    endloop
  endfacet
  facet normal 0 1 -0
    outer loop
      vertex 214.539 9 20.1664
      vertex 213.678 9 22.2452
      vertex 214.95 9 20.3689
    endloop
  endfacet
  facet normal 0 1 0
    outer loop
      vertex 212.208 9 22.639
      vertex 210.423 9 21.2693
      vertex 210.169 9 21.65
    endloop
  endfacet
  facet normal 0 1 0
    outer loop
      vertex 213.678 9 22.2452
      vertex 214.539 9 20.1664
      vertex 213.524 9 22.1926
    endloop
  endfacet
  facet normal 0 1 0
    outer loop
      vertex 212.316 9 22.5161
      vertex 210.725 9 20.9251
      vertex 210.423 9 21.2693
    endloop
  endfacet
  facet normal 0 1 -0
    outer loop
      vertex 214.106 9 20.0193
      vertex 213.524 9 22.1926
      vertex 214.539 9 20.1664
    endloop
  endfacet
  facet normal 0 1 0
    outer loop
      vertex 212.439 9 22.4083
      vertex 211.069 9 20.6233
      vertex 210.725 9 20.9251
    endloop
  endfacet
  facet normal 0 1 0
    outer loop
      vertex 213.524 9 22.1926
      vertex 214.106 9 20.0193
      vertex 213.363 9 22.1607
    endloop
  endfacet
  facet normal 0 1 0
    outer loop
      vertex 212.575 9 22.3175
      vertex 211.45 9 20.3689
      vertex 211.069 9 20.6233
    endloop
  endfacet
  facet normal 0 1 -0
    outer loop
      vertex 213.657 9 19.9299
      vertex 213.363 9 22.1607
      vertex 214.106 9 20.0193
    endloop
  endfacet
  facet normal 0 1 0
    outer loop
      vertex 212.722 9 22.2452
      vertex 211.861 9 20.1664
      vertex 211.45 9 20.3689
    endloop
  endfacet
  facet normal 0 1 0
    outer loop
      vertex 213.363 9 22.1607
      vertex 213.657 9 19.9299
      vertex 213.2 9 22.15
    endloop
  endfacet
  facet normal 0 1 0
    outer loop
      vertex 212.876 9 22.1926
      vertex 212.294 9 20.0193
      vertex 211.861 9 20.1664
    endloop
  endfacet
  facet normal 0 1 0
    outer loop
      vertex 213.2 9 19.9
      vertex 213.2 9 22.15
      vertex 213.657 9 19.9299
    endloop
  endfacet
  facet normal 0 1 0
    outer loop
      vertex 213.037 9 22.1607
      vertex 212.743 9 19.9299
      vertex 212.294 9 20.0193
    endloop
  endfacet
  facet normal 0 1 0
    outer loop
      vertex 213.2 9 22.15
      vertex 213.2 9 19.9
      vertex 212.743 9 19.9299
    endloop
  endfacet
  facet normal 0.555305 0 0.831647
    outer loop
      vertex 214.95 9 26.4311
      vertex 215.331 3 26.1767
      vertex 215.331 9 26.1767
    endloop
  endfacet
  facet normal 0.555305 0 0.831647
    outer loop
      vertex 215.331 3 26.1767
      vertex 214.95 9 26.4311
      vertex 214.95 3 26.4311
    endloop
  endfacet
  facet normal 0.751683 -0 0.659524
    outer loop
      vertex 215.675 3 25.8749
      vertex 215.977 9 25.5307
      vertex 215.675 9 25.8749
    endloop
  endfacet
  facet normal 0.751683 0 0.659524
    outer loop
      vertex 215.977 9 25.5307
      vertex 215.675 3 25.8749
      vertex 215.977 3 25.5307
    endloop
  endfacet
  facet normal 0.896427 -0 0.443192
    outer loop
      vertex 216.231 3 25.15
      vertex 216.434 9 24.7394
      vertex 216.231 9 25.15
    endloop
  endfacet
  facet normal 0.896427 0 0.443192
    outer loop
      vertex 216.434 9 24.7394
      vertex 216.231 3 25.15
      vertex 216.434 3 24.7394
    endloop
  endfacet
  facet normal 0.947032 -0 0.321139
    outer loop
      vertex 216.434 3 24.7394
      vertex 216.581 9 24.3059
      vertex 216.434 9 24.7394
    endloop
  endfacet
  facet normal 0.947032 0 0.321139
    outer loop
      vertex 216.581 9 24.3059
      vertex 216.434 3 24.7394
      vertex 216.581 3 24.3059
    endloop
  endfacet
  facet normal -0.321668 0 0.946853
    outer loop
      vertex 211.861 9 26.6336
      vertex 212.294 3 26.7807
      vertex 212.294 9 26.7807
    endloop
  endfacet
  facet normal -0.321668 0 0.946853
    outer loop
      vertex 212.294 3 26.7807
      vertex 211.861 9 26.6336
      vertex 211.861 3 26.6336
    endloop
  endfacet
  facet normal 0.0652871 0 0.997867
    outer loop
      vertex 213.2 9 26.9
      vertex 213.657 3 26.8701
      vertex 213.657 9 26.8701
    endloop
  endfacet
  facet normal 0.0652871 0 0.997867
    outer loop
      vertex 213.657 3 26.8701
      vertex 213.2 9 26.9
      vertex 213.2 3 26.9
    endloop
  endfacet
  facet normal -0.896427 0 0.443192
    outer loop
      vertex 209.966 3 24.7394
      vertex 210.169 9 25.15
      vertex 209.966 9 24.7394
    endloop
  endfacet
  facet normal -0.896427 0 0.443192
    outer loop
      vertex 210.169 9 25.15
      vertex 209.966 3 24.7394
      vertex 210.169 3 25.15
    endloop
  endfacet
  facet normal -0.947032 0 0.321139
    outer loop
      vertex 209.819 3 24.3059
      vertex 209.966 9 24.7394
      vertex 209.819 9 24.3059
    endloop
  endfacet
  facet normal -0.947032 0 0.321139
    outer loop
      vertex 209.966 9 24.7394
      vertex 209.819 3 24.3059
      vertex 209.966 3 24.7394
    endloop
  endfacet
  facet normal -0.659494 0 0.75171
    outer loop
      vertex 210.725 9 25.8749
      vertex 211.069 3 26.1767
      vertex 211.069 9 26.1767
    endloop
  endfacet
  facet normal -0.659494 0 0.75171
    outer loop
      vertex 211.069 3 26.1767
      vertex 210.725 9 25.8749
      vertex 210.725 3 25.8749
    endloop
  endfacet
  facet normal -0.831849 0 0.555003
    outer loop
      vertex 210.169 3 25.15
      vertex 210.423 9 25.5307
      vertex 210.169 9 25.15
    endloop
  endfacet
  facet normal -0.831849 0 0.555003
    outer loop
      vertex 210.423 9 25.5307
      vertex 210.169 3 25.15
      vertex 210.423 3 25.5307
    endloop
  endfacet
  facet normal 0.659494 0 0.75171
    outer loop
      vertex 215.331 9 26.1767
      vertex 215.675 3 25.8749
      vertex 215.675 9 25.8749
    endloop
  endfacet
  facet normal 0.659494 0 0.75171
    outer loop
      vertex 215.675 3 25.8749
      vertex 215.331 9 26.1767
      vertex 215.331 3 26.1767
    endloop
  endfacet
  facet normal -0.195276 0 0.980748
    outer loop
      vertex 212.294 9 26.7807
      vertex 212.743 3 26.8701
      vertex 212.743 9 26.8701
    endloop
  endfacet
  facet normal -0.195276 0 0.980748
    outer loop
      vertex 212.743 3 26.8701
      vertex 212.294 9 26.7807
      vertex 212.294 3 26.7807
    endloop
  endfacet
  facet normal -0.751683 0 0.659524
    outer loop
      vertex 210.423 3 25.5307
      vertex 210.725 9 25.8749
      vertex 210.423 9 25.5307
    endloop
  endfacet
  facet normal -0.751683 0 0.659524
    outer loop
      vertex 210.725 9 25.8749
      vertex 210.423 3 25.5307
      vertex 210.725 3 25.8749
    endloop
  endfacet
  facet normal -0.0652871 0 0.997867
    outer loop
      vertex 212.743 9 26.8701
      vertex 213.2 3 26.9
      vertex 213.2 9 26.9
    endloop
  endfacet
  facet normal -0.0652871 0 0.997867
    outer loop
      vertex 213.2 3 26.9
      vertex 212.743 9 26.8701
      vertex 212.743 3 26.8701
    endloop
  endfacet
  facet normal -0.555305 0 0.831647
    outer loop
      vertex 211.069 9 26.1767
      vertex 211.45 3 26.4311
      vertex 211.45 9 26.4311
    endloop
  endfacet
  facet normal -0.555305 0 0.831647
    outer loop
      vertex 211.45 3 26.4311
      vertex 211.069 9 26.1767
      vertex 211.069 3 26.1767
    endloop
  endfacet
  facet normal -0.441968 0 0.897031
    outer loop
      vertex 211.45 9 26.4311
      vertex 211.861 3 26.6336
      vertex 211.861 9 26.6336
    endloop
  endfacet
  facet normal -0.441968 0 0.897031
    outer loop
      vertex 211.861 3 26.6336
      vertex 211.45 9 26.4311
      vertex 211.45 3 26.4311
    endloop
  endfacet
  facet normal 0.99785 0 -0.0655331
    outer loop
      vertex 316.3 3 23.4
      vertex 316.27 9 22.9432
      vertex 316.3 9 23.4
    endloop
  endfacet
  facet normal 0.99785 0 -0.0655331
    outer loop
      vertex 316.27 9 22.9432
      vertex 316.3 3 23.4
      vertex 316.27 3 22.9432
    endloop
  endfacet
  facet normal -0.99785 0 -0.0655331
    outer loop
      vertex 309.33 3 22.9432
      vertex 309.3 9 23.4
      vertex 309.33 9 22.9432
    endloop
  endfacet
  facet normal -0.99785 -0 -0.0655331
    outer loop
      vertex 309.3 9 23.4
      vertex 309.33 3 22.9432
      vertex 309.3 3 23.4
    endloop
  endfacet
  facet normal -0.0652871 0 -0.997867
    outer loop
      vertex 312.343 3 19.9299
      vertex 312.8 9 19.9
      vertex 312.8 3 19.9
    endloop
  endfacet
  facet normal -0.0652871 0 -0.997867
    outer loop
      vertex 312.8 9 19.9
      vertex 312.343 3 19.9299
      vertex 312.343 9 19.9299
    endloop
  endfacet
  facet normal 0.659494 0 -0.75171
    outer loop
      vertex 314.931 3 20.6233
      vertex 315.275 9 20.9251
      vertex 315.275 3 20.9251
    endloop
  endfacet
  facet normal 0.659494 0 -0.75171
    outer loop
      vertex 315.275 9 20.9251
      vertex 314.931 3 20.6233
      vertex 314.931 9 20.6233
    endloop
  endfacet
  facet normal -0.659494 0 -0.75171
    outer loop
      vertex 310.325 3 20.9251
      vertex 310.669 9 20.6233
      vertex 310.669 3 20.6233
    endloop
  endfacet
  facet normal -0.659494 0 -0.75171
    outer loop
      vertex 310.669 9 20.6233
      vertex 310.325 3 20.9251
      vertex 310.325 9 20.9251
    endloop
  endfacet
  facet normal -0.321668 0 -0.946853
    outer loop
      vertex 311.461 3 20.1664
      vertex 311.894 9 20.0193
      vertex 311.894 3 20.0193
    endloop
  endfacet
  facet normal -0.321668 0 -0.946853
    outer loop
      vertex 311.894 9 20.0193
      vertex 311.461 3 20.1664
      vertex 311.461 9 20.1664
    endloop
  endfacet
  facet normal 0.896427 0 -0.443192
    outer loop
      vertex 316.034 3 22.0606
      vertex 315.831 9 21.65
      vertex 316.034 9 22.0606
    endloop
  endfacet
  facet normal 0.896427 0 -0.443192
    outer loop
      vertex 315.831 9 21.65
      vertex 316.034 3 22.0606
      vertex 315.831 3 21.65
    endloop
  endfacet
  facet normal 0.980924 0 -0.194394
    outer loop
      vertex 316.27 3 22.9432
      vertex 316.181 9 22.4941
      vertex 316.27 9 22.9432
    endloop
  endfacet
  facet normal 0.980924 0 -0.194394
    outer loop
      vertex 316.181 9 22.4941
      vertex 316.27 3 22.9432
      vertex 316.181 3 22.4941
    endloop
  endfacet
  facet normal 0.321668 0 -0.946853
    outer loop
      vertex 313.706 3 20.0193
      vertex 314.139 9 20.1664
      vertex 314.139 3 20.1664
    endloop
  endfacet
  facet normal 0.321668 0 -0.946853
    outer loop
      vertex 314.139 9 20.1664
      vertex 313.706 3 20.0193
      vertex 313.706 9 20.0193
    endloop
  endfacet
  facet normal 0.195276 0 -0.980748
    outer loop
      vertex 313.257 3 19.9299
      vertex 313.706 9 20.0193
      vertex 313.706 3 20.0193
    endloop
  endfacet
  facet normal 0.195276 0 -0.980748
    outer loop
      vertex 313.706 9 20.0193
      vertex 313.257 3 19.9299
      vertex 313.257 9 19.9299
    endloop
  endfacet
  facet normal 0.441968 0 -0.897031
    outer loop
      vertex 314.139 3 20.1664
      vertex 314.55 9 20.3689
      vertex 314.55 3 20.3689
    endloop
  endfacet
  facet normal 0.441968 0 -0.897031
    outer loop
      vertex 314.55 9 20.3689
      vertex 314.139 3 20.1664
      vertex 314.139 9 20.1664
    endloop
  endfacet
  facet normal -0.896427 0 -0.443192
    outer loop
      vertex 309.769 3 21.65
      vertex 309.566 9 22.0606
      vertex 309.769 9 21.65
    endloop
  endfacet
  facet normal -0.896427 -0 -0.443192
    outer loop
      vertex 309.566 9 22.0606
      vertex 309.769 3 21.65
      vertex 309.566 3 22.0606
    endloop
  endfacet
  facet normal -0.831849 0 -0.555003
    outer loop
      vertex 310.023 3 21.2693
      vertex 309.769 9 21.65
      vertex 310.023 9 21.2693
    endloop
  endfacet
  facet normal -0.831849 -0 -0.555003
    outer loop
      vertex 309.769 9 21.65
      vertex 310.023 3 21.2693
      vertex 309.769 3 21.65
    endloop
  endfacet
  facet normal -0.947032 0 -0.321139
    outer loop
      vertex 309.566 3 22.0606
      vertex 309.419 9 22.4941
      vertex 309.566 9 22.0606
    endloop
  endfacet
  facet normal -0.947032 -0 -0.321139
    outer loop
      vertex 309.419 9 22.4941
      vertex 309.566 3 22.0606
      vertex 309.419 3 22.4941
    endloop
  endfacet
  facet normal -0.555305 0 -0.831647
    outer loop
      vertex 310.669 3 20.6233
      vertex 311.05 9 20.3689
      vertex 311.05 3 20.3689
    endloop
  endfacet
  facet normal -0.555305 0 -0.831647
    outer loop
      vertex 311.05 9 20.3689
      vertex 310.669 3 20.6233
      vertex 310.669 9 20.6233
    endloop
  endfacet
  facet normal -0.195276 0 -0.980748
    outer loop
      vertex 311.894 3 20.0193
      vertex 312.343 9 19.9299
      vertex 312.343 3 19.9299
    endloop
  endfacet
  facet normal -0.195276 0 -0.980748
    outer loop
      vertex 312.343 9 19.9299
      vertex 311.894 3 20.0193
      vertex 311.894 9 20.0193
    endloop
  endfacet
  facet normal 0.896427 -0 0.443192
    outer loop
      vertex 315.831 3 25.15
      vertex 316.034 9 24.7394
      vertex 315.831 9 25.15
    endloop
  endfacet
  facet normal 0.896427 0 0.443192
    outer loop
      vertex 316.034 9 24.7394
      vertex 315.831 3 25.15
      vertex 316.034 3 24.7394
    endloop
  endfacet
  facet normal 0.195276 0 0.980748
    outer loop
      vertex 313.257 9 26.8701
      vertex 313.706 3 26.7807
      vertex 313.706 9 26.7807
    endloop
  endfacet
  facet normal 0.195276 0 0.980748
    outer loop
      vertex 313.706 3 26.7807
      vertex 313.257 9 26.8701
      vertex 313.257 3 26.8701
    endloop
  endfacet
  facet normal 0.0652871 0 0.997867
    outer loop
      vertex 312.8 9 26.9
      vertex 313.257 3 26.8701
      vertex 313.257 9 26.8701
    endloop
  endfacet
  facet normal 0.0652871 0 0.997867
    outer loop
      vertex 313.257 3 26.8701
      vertex 312.8 9 26.9
      vertex 312.8 3 26.9
    endloop
  endfacet
  facet normal 0.659494 0 0.75171
    outer loop
      vertex 314.931 9 26.1767
      vertex 315.275 3 25.8749
      vertex 315.275 9 25.8749
    endloop
  endfacet
  facet normal 0.659494 0 0.75171
    outer loop
      vertex 315.275 3 25.8749
      vertex 314.931 9 26.1767
      vertex 314.931 3 26.1767
    endloop
  endfacet
  facet normal 0.441968 0 0.897031
    outer loop
      vertex 314.139 9 26.6336
      vertex 314.55 3 26.4311
      vertex 314.55 9 26.4311
    endloop
  endfacet
  facet normal 0.441968 0 0.897031
    outer loop
      vertex 314.55 3 26.4311
      vertex 314.139 9 26.6336
      vertex 314.139 3 26.6336
    endloop
  endfacet
  facet normal 0.980924 -0 0.194394
    outer loop
      vertex 316.181 3 24.3059
      vertex 316.27 9 23.8568
      vertex 316.181 9 24.3059
    endloop
  endfacet
  facet normal 0.980924 0 0.194394
    outer loop
      vertex 316.27 9 23.8568
      vertex 316.181 3 24.3059
      vertex 316.27 3 23.8568
    endloop
  endfacet
  facet normal -0.441968 0 0.897031
    outer loop
      vertex 311.05 9 26.4311
      vertex 311.461 3 26.6336
      vertex 311.461 9 26.6336
    endloop
  endfacet
  facet normal -0.441968 0 0.897031
    outer loop
      vertex 311.461 3 26.6336
      vertex 311.05 9 26.4311
      vertex 311.05 3 26.4311
    endloop
  endfacet
  facet normal -0.321668 0 0.946853
    outer loop
      vertex 311.461 9 26.6336
      vertex 311.894 3 26.7807
      vertex 311.894 9 26.7807
    endloop
  endfacet
  facet normal -0.321668 0 0.946853
    outer loop
      vertex 311.894 3 26.7807
      vertex 311.461 9 26.6336
      vertex 311.461 3 26.6336
    endloop
  endfacet
  facet normal -0.896427 0 0.443192
    outer loop
      vertex 309.566 3 24.7394
      vertex 309.769 9 25.15
      vertex 309.566 9 24.7394
    endloop
  endfacet
  facet normal -0.896427 0 0.443192
    outer loop
      vertex 309.769 9 25.15
      vertex 309.566 3 24.7394
      vertex 309.769 3 25.15
    endloop
  endfacet
  facet normal -0.831849 0 0.555003
    outer loop
      vertex 309.769 3 25.15
      vertex 310.023 9 25.5307
      vertex 309.769 9 25.15
    endloop
  endfacet
  facet normal -0.831849 0 0.555003
    outer loop
      vertex 310.023 9 25.5307
      vertex 309.769 3 25.15
      vertex 310.023 3 25.5307
    endloop
  endfacet
  facet normal 0.947032 0 -0.321139
    outer loop
      vertex 316.181 3 22.4941
      vertex 316.034 9 22.0606
      vertex 316.181 9 22.4941
    endloop
  endfacet
  facet normal 0.947032 0 -0.321139
    outer loop
      vertex 316.034 9 22.0606
      vertex 316.181 3 22.4941
      vertex 316.034 3 22.0606
    endloop
  endfacet
  facet normal 0.751683 0 -0.659524
    outer loop
      vertex 315.577 3 21.2693
      vertex 315.275 9 20.9251
      vertex 315.577 9 21.2693
    endloop
  endfacet
  facet normal 0.751683 0 -0.659524
    outer loop
      vertex 315.275 9 20.9251
      vertex 315.577 3 21.2693
      vertex 315.275 3 20.9251
    endloop
  endfacet
  facet normal 0.831849 0 -0.555003
    outer loop
      vertex 315.831 3 21.65
      vertex 315.577 9 21.2693
      vertex 315.831 9 21.65
    endloop
  endfacet
  facet normal 0.831849 0 -0.555003
    outer loop
      vertex 315.577 9 21.2693
      vertex 315.831 3 21.65
      vertex 315.577 3 21.2693
    endloop
  endfacet
  facet normal 0.0652871 0 -0.997867
    outer loop
      vertex 312.8 3 19.9
      vertex 313.257 9 19.9299
      vertex 313.257 3 19.9299
    endloop
  endfacet
  facet normal 0.0652871 0 -0.997867
    outer loop
      vertex 313.257 9 19.9299
      vertex 312.8 3 19.9
      vertex 312.8 9 19.9
    endloop
  endfacet
  facet normal 0.555305 0 -0.831647
    outer loop
      vertex 314.55 3 20.3689
      vertex 314.931 9 20.6233
      vertex 314.931 3 20.6233
    endloop
  endfacet
  facet normal 0.555305 0 -0.831647
    outer loop
      vertex 314.931 9 20.6233
      vertex 314.55 3 20.3689
      vertex 314.55 9 20.3689
    endloop
  endfacet
  facet normal -0.751683 0 -0.659524
    outer loop
      vertex 310.325 3 20.9251
      vertex 310.023 9 21.2693
      vertex 310.325 9 20.9251
    endloop
  endfacet
  facet normal -0.751683 -0 -0.659524
    outer loop
      vertex 310.023 9 21.2693
      vertex 310.325 3 20.9251
      vertex 310.023 3 21.2693
    endloop
  endfacet
  facet normal -0.980924 0 -0.194394
    outer loop
      vertex 309.419 3 22.4941
      vertex 309.33 9 22.9432
      vertex 309.419 9 22.4941
    endloop
  endfacet
  facet normal -0.980924 -0 -0.194394
    outer loop
      vertex 309.33 9 22.9432
      vertex 309.419 3 22.4941
      vertex 309.33 3 22.9432
    endloop
  endfacet
  facet normal 0 1 0
    outer loop
      vertex 312.8 9 24.65
      vertex 312.8 9 26.9
      vertex 313.257 9 26.8701
    endloop
  endfacet
  facet normal 0 1 0
    outer loop
      vertex 312.963 9 24.6393
      vertex 313.257 9 26.8701
      vertex 313.706 9 26.7807
    endloop
  endfacet
  facet normal 0 1 0
    outer loop
      vertex 312.8 9 26.9
      vertex 312.8 9 24.65
      vertex 312.343 9 26.8701
    endloop
  endfacet
  facet normal 0 1 0
    outer loop
      vertex 313.124 9 24.6074
      vertex 313.706 9 26.7807
      vertex 314.139 9 26.6336
    endloop
  endfacet
  facet normal 0 1 -0
    outer loop
      vertex 312.637 9 24.6393
      vertex 312.343 9 26.8701
      vertex 312.8 9 24.65
    endloop
  endfacet
  facet normal 0 1 0
    outer loop
      vertex 313.278 9 24.5548
      vertex 314.139 9 26.6336
      vertex 314.55 9 26.4311
    endloop
  endfacet
  facet normal 0 1 0
    outer loop
      vertex 312.343 9 26.8701
      vertex 312.637 9 24.6393
      vertex 311.894 9 26.7807
    endloop
  endfacet
  facet normal 0 1 0
    outer loop
      vertex 313.425 9 24.4825
      vertex 314.55 9 26.4311
      vertex 314.931 9 26.1767
    endloop
  endfacet
  facet normal 0 1 -0
    outer loop
      vertex 312.476 9 24.6074
      vertex 311.894 9 26.7807
      vertex 312.637 9 24.6393
    endloop
  endfacet
  facet normal 0 1 0
    outer loop
      vertex 313.561 9 24.3917
      vertex 314.931 9 26.1767
      vertex 315.275 9 25.8749
    endloop
  endfacet
  facet normal 0 1 0
    outer loop
      vertex 311.894 9 26.7807
      vertex 312.476 9 24.6074
      vertex 311.461 9 26.6336
    endloop
  endfacet
  facet normal 0 1 0
    outer loop
      vertex 313.684 9 24.2839
      vertex 315.275 9 25.8749
      vertex 315.577 9 25.5307
    endloop
  endfacet
  facet normal 0 1 -0
    outer loop
      vertex 312.322 9 24.5548
      vertex 311.461 9 26.6336
      vertex 312.476 9 24.6074
    endloop
  endfacet
  facet normal 0 1 0
    outer loop
      vertex 313.792 9 24.161
      vertex 315.577 9 25.5307
      vertex 315.831 9 25.15
    endloop
  endfacet
  facet normal 0 1 0
    outer loop
      vertex 311.461 9 26.6336
      vertex 312.322 9 24.5548
      vertex 311.05 9 26.4311
    endloop
  endfacet
  facet normal 0 1 0
    outer loop
      vertex 313.883 9 24.025
      vertex 315.831 9 25.15
      vertex 316.034 9 24.7394
    endloop
  endfacet
  facet normal 0 1 -0
    outer loop
      vertex 312.175 9 24.4825
      vertex 311.05 9 26.4311
      vertex 312.322 9 24.5548
    endloop
  endfacet
  facet normal 0 1 0
    outer loop
      vertex 311.05 9 26.4311
      vertex 312.175 9 24.4825
      vertex 310.669 9 26.1767
    endloop
  endfacet
  facet normal 0 1 0
    outer loop
      vertex 313.257 9 26.8701
      vertex 312.963 9 24.6393
      vertex 312.8 9 24.65
    endloop
  endfacet
  facet normal 0 1 0
    outer loop
      vertex 313.706 9 26.7807
      vertex 313.124 9 24.6074
      vertex 312.963 9 24.6393
    endloop
  endfacet
  facet normal 0 1 0
    outer loop
      vertex 314.139 9 26.6336
      vertex 313.278 9 24.5548
      vertex 313.124 9 24.6074
    endloop
  endfacet
  facet normal 0 1 0
    outer loop
      vertex 314.55 9 26.4311
      vertex 313.425 9 24.4825
      vertex 313.278 9 24.5548
    endloop
  endfacet
  facet normal 0 1 0
    outer loop
      vertex 314.931 9 26.1767
      vertex 313.561 9 24.3917
      vertex 313.425 9 24.4825
    endloop
  endfacet
  facet normal 0 1 0
    outer loop
      vertex 313.955 9 23.8784
      vertex 316.034 9 24.7394
      vertex 316.181 9 24.3059
    endloop
  endfacet
  facet normal 0 1 0
    outer loop
      vertex 315.275 9 25.8749
      vertex 313.684 9 24.2839
      vertex 313.561 9 24.3917
    endloop
  endfacet
  facet normal 0 1 0
    outer loop
      vertex 315.577 9 25.5307
      vertex 313.792 9 24.161
      vertex 313.684 9 24.2839
    endloop
  endfacet
  facet normal 0 1 0
    outer loop
      vertex 315.831 9 25.15
      vertex 313.883 9 24.025
      vertex 313.792 9 24.161
    endloop
  endfacet
  facet normal 0 1 0
    outer loop
      vertex 316.034 9 24.7394
      vertex 313.955 9 23.8784
      vertex 313.883 9 24.025
    endloop
  endfacet
  facet normal 0 1 0
    outer loop
      vertex 314.007 9 23.7235
      vertex 316.181 9 24.3059
      vertex 316.27 9 23.8568
    endloop
  endfacet
  facet normal 0 1 0
    outer loop
      vertex 316.181 9 24.3059
      vertex 314.007 9 23.7235
      vertex 313.955 9 23.8784
    endloop
  endfacet
  facet normal 0 1 0
    outer loop
      vertex 316.27 9 23.8568
      vertex 314.039 9 23.5632
      vertex 314.007 9 23.7235
    endloop
  endfacet
  facet normal 0 1 0
    outer loop
      vertex 316.3 9 23.4
      vertex 314.039 9 23.5632
      vertex 316.27 9 23.8568
    endloop
  endfacet
  facet normal 0 1 0
    outer loop
      vertex 316.3 9 23.4
      vertex 314.05 9 23.4
      vertex 314.039 9 23.5632
    endloop
  endfacet
  facet normal 0 1 0
    outer loop
      vertex 316.3 9 23.4
      vertex 314.039 9 23.2368
      vertex 314.05 9 23.4
    endloop
  endfacet
  facet normal 0 1 -0
    outer loop
      vertex 316.27 9 22.9432
      vertex 314.039 9 23.2368
      vertex 316.3 9 23.4
    endloop
  endfacet
  facet normal 0 1 0
    outer loop
      vertex 314.039 9 23.2368
      vertex 316.27 9 22.9432
      vertex 314.007 9 23.0765
    endloop
  endfacet
  facet normal 0 1 -0
    outer loop
      vertex 316.181 9 22.4941
      vertex 314.007 9 23.0765
      vertex 316.27 9 22.9432
    endloop
  endfacet
  facet normal 0 1 0
    outer loop
      vertex 314.007 9 23.0765
      vertex 316.181 9 22.4941
      vertex 313.955 9 22.9216
    endloop
  endfacet
  facet normal 0 1 -0
    outer loop
      vertex 316.034 9 22.0606
      vertex 313.955 9 22.9216
      vertex 316.181 9 22.4941
    endloop
  endfacet
  facet normal 0 1 0
    outer loop
      vertex 313.955 9 22.9216
      vertex 316.034 9 22.0606
      vertex 313.883 9 22.775
    endloop
  endfacet
  facet normal 0 1 -0
    outer loop
      vertex 315.831 9 21.65
      vertex 313.883 9 22.775
      vertex 316.034 9 22.0606
    endloop
  endfacet
  facet normal 0 1 0
    outer loop
      vertex 313.883 9 22.775
      vertex 315.831 9 21.65
      vertex 313.792 9 22.639
    endloop
  endfacet
  facet normal 0 1 -0
    outer loop
      vertex 315.577 9 21.2693
      vertex 313.792 9 22.639
      vertex 315.831 9 21.65
    endloop
  endfacet
  facet normal 0 1 0
    outer loop
      vertex 313.792 9 22.639
      vertex 315.577 9 21.2693
      vertex 313.684 9 22.5161
    endloop
  endfacet
  facet normal 0 1 -0
    outer loop
      vertex 315.275 9 20.9251
      vertex 313.684 9 22.5161
      vertex 315.577 9 21.2693
    endloop
  endfacet
  facet normal 0 1 0
    outer loop
      vertex 313.684 9 22.5161
      vertex 315.275 9 20.9251
      vertex 313.561 9 22.4083
    endloop
  endfacet
  facet normal 0 1 0
    outer loop
      vertex 313.561 9 22.4083
      vertex 314.931 9 20.6233
      vertex 313.425 9 22.3175
    endloop
  endfacet
  facet normal 0 1 -0
    outer loop
      vertex 314.931 9 20.6233
      vertex 313.561 9 22.4083
      vertex 315.275 9 20.9251
    endloop
  endfacet
  facet normal 0 1 -0
    outer loop
      vertex 312.039 9 24.3917
      vertex 310.669 9 26.1767
      vertex 312.175 9 24.4825
    endloop
  endfacet
  facet normal 0 1 0
    outer loop
      vertex 310.669 9 26.1767
      vertex 312.039 9 24.3917
      vertex 310.325 9 25.8749
    endloop
  endfacet
  facet normal 0 1 -0
    outer loop
      vertex 311.916 9 24.2839
      vertex 310.325 9 25.8749
      vertex 312.039 9 24.3917
    endloop
  endfacet
  facet normal 0 1 0
    outer loop
      vertex 310.325 9 25.8749
      vertex 311.916 9 24.2839
      vertex 310.023 9 25.5307
    endloop
  endfacet
  facet normal 0 1 -0
    outer loop
      vertex 311.808 9 24.161
      vertex 310.023 9 25.5307
      vertex 311.916 9 24.2839
    endloop
  endfacet
  facet normal 0 1 0
    outer loop
      vertex 310.023 9 25.5307
      vertex 311.808 9 24.161
      vertex 309.769 9 25.15
    endloop
  endfacet
  facet normal 0 1 -0
    outer loop
      vertex 311.717 9 24.025
      vertex 309.769 9 25.15
      vertex 311.808 9 24.161
    endloop
  endfacet
  facet normal 0 1 0
    outer loop
      vertex 309.769 9 25.15
      vertex 311.717 9 24.025
      vertex 309.566 9 24.7394
    endloop
  endfacet
  facet normal 0 1 -0
    outer loop
      vertex 311.645 9 23.8784
      vertex 309.566 9 24.7394
      vertex 311.717 9 24.025
    endloop
  endfacet
  facet normal 0 1 0
    outer loop
      vertex 309.566 9 24.7394
      vertex 311.645 9 23.8784
      vertex 309.419 9 24.3059
    endloop
  endfacet
  facet normal 0 1 -0
    outer loop
      vertex 311.593 9 23.7235
      vertex 309.419 9 24.3059
      vertex 311.645 9 23.8784
    endloop
  endfacet
  facet normal 0 1 0
    outer loop
      vertex 309.419 9 24.3059
      vertex 311.593 9 23.7235
      vertex 309.33 9 23.8568
    endloop
  endfacet
  facet normal 0 1 -0
    outer loop
      vertex 311.561 9 23.5632
      vertex 309.33 9 23.8568
      vertex 311.593 9 23.7235
    endloop
  endfacet
  facet normal 0 1 -0
    outer loop
      vertex 311.55 9 23.4
      vertex 309.33 9 23.8568
      vertex 311.561 9 23.5632
    endloop
  endfacet
  facet normal 0 1 0
    outer loop
      vertex 311.55 9 23.4
      vertex 309.3 9 23.4
      vertex 309.33 9 23.8568
    endloop
  endfacet
  facet normal 0 1 0
    outer loop
      vertex 311.561 9 23.2368
      vertex 309.3 9 23.4
      vertex 311.55 9 23.4
    endloop
  endfacet
  facet normal 0 1 0
    outer loop
      vertex 309.33 9 22.9432
      vertex 311.561 9 23.2368
      vertex 311.593 9 23.0765
    endloop
  endfacet
  facet normal 0 1 0
    outer loop
      vertex 311.561 9 23.2368
      vertex 309.33 9 22.9432
      vertex 309.3 9 23.4
    endloop
  endfacet
  facet normal 0 1 0
    outer loop
      vertex 309.419 9 22.4941
      vertex 311.593 9 23.0765
      vertex 311.645 9 22.9216
    endloop
  endfacet
  facet normal 0 1 0
    outer loop
      vertex 309.566 9 22.0606
      vertex 311.645 9 22.9216
      vertex 311.717 9 22.775
    endloop
  endfacet
  facet normal 0 1 0
    outer loop
      vertex 309.769 9 21.65
      vertex 311.717 9 22.775
      vertex 311.808 9 22.639
    endloop
  endfacet
  facet normal 0 1 0
    outer loop
      vertex 310.023 9 21.2693
      vertex 311.808 9 22.639
      vertex 311.916 9 22.5161
    endloop
  endfacet
  facet normal 0 1 0
    outer loop
      vertex 311.593 9 23.0765
      vertex 309.419 9 22.4941
      vertex 309.33 9 22.9432
    endloop
  endfacet
  facet normal 0 1 0
    outer loop
      vertex 310.325 9 20.9251
      vertex 311.916 9 22.5161
      vertex 312.039 9 22.4083
    endloop
  endfacet
  facet normal 0 1 0
    outer loop
      vertex 310.669 9 20.6233
      vertex 312.039 9 22.4083
      vertex 312.175 9 22.3175
    endloop
  endfacet
  facet normal 0 1 0
    outer loop
      vertex 311.05 9 20.3689
      vertex 312.175 9 22.3175
      vertex 312.322 9 22.2452
    endloop
  endfacet
  facet normal 0 1 0
    outer loop
      vertex 311.461 9 20.1664
      vertex 312.322 9 22.2452
      vertex 312.476 9 22.1926
    endloop
  endfacet
  facet normal 0 1 0
    outer loop
      vertex 311.894 9 20.0193
      vertex 312.476 9 22.1926
      vertex 312.637 9 22.1607
    endloop
  endfacet
  facet normal 0 1 0
    outer loop
      vertex 311.645 9 22.9216
      vertex 309.566 9 22.0606
      vertex 309.419 9 22.4941
    endloop
  endfacet
  facet normal 0 1 0
    outer loop
      vertex 312.343 9 19.9299
      vertex 312.637 9 22.1607
      vertex 312.8 9 22.15
    endloop
  endfacet
  facet normal 0 1 -0
    outer loop
      vertex 314.55 9 20.3689
      vertex 313.425 9 22.3175
      vertex 314.931 9 20.6233
    endloop
  endfacet
  facet normal 0 1 0
    outer loop
      vertex 313.425 9 22.3175
      vertex 314.55 9 20.3689
      vertex 313.278 9 22.2452
    endloop
  endfacet
  facet normal 0 1 0
    outer loop
      vertex 311.717 9 22.775
      vertex 309.769 9 21.65
      vertex 309.566 9 22.0606
    endloop
  endfacet
  facet normal 0 1 -0
    outer loop
      vertex 314.139 9 20.1664
      vertex 313.278 9 22.2452
      vertex 314.55 9 20.3689
    endloop
  endfacet
  facet normal 0 1 0
    outer loop
      vertex 311.808 9 22.639
      vertex 310.023 9 21.2693
      vertex 309.769 9 21.65
    endloop
  endfacet
  facet normal 0 1 0
    outer loop
      vertex 313.278 9 22.2452
      vertex 314.139 9 20.1664
      vertex 313.124 9 22.1926
    endloop
  endfacet
  facet normal 0 1 0
    outer loop
      vertex 311.916 9 22.5161
      vertex 310.325 9 20.9251
      vertex 310.023 9 21.2693
    endloop
  endfacet
  facet normal 0 1 -0
    outer loop
      vertex 313.706 9 20.0193
      vertex 313.124 9 22.1926
      vertex 314.139 9 20.1664
    endloop
  endfacet
  facet normal 0 1 0
    outer loop
      vertex 312.039 9 22.4083
      vertex 310.669 9 20.6233
      vertex 310.325 9 20.9251
    endloop
  endfacet
  facet normal 0 1 0
    outer loop
      vertex 313.124 9 22.1926
      vertex 313.706 9 20.0193
      vertex 312.963 9 22.1607
    endloop
  endfacet
  facet normal 0 1 0
    outer loop
      vertex 312.175 9 22.3175
      vertex 311.05 9 20.3689
      vertex 310.669 9 20.6233
    endloop
  endfacet
  facet normal 0 1 -0
    outer loop
      vertex 313.257 9 19.9299
      vertex 312.963 9 22.1607
      vertex 313.706 9 20.0193
    endloop
  endfacet
  facet normal 0 1 0
    outer loop
      vertex 312.322 9 22.2452
      vertex 311.461 9 20.1664
      vertex 311.05 9 20.3689
    endloop
  endfacet
  facet normal 0 1 0
    outer loop
      vertex 312.963 9 22.1607
      vertex 313.257 9 19.9299
      vertex 312.8 9 22.15
    endloop
  endfacet
  facet normal 0 1 0
    outer loop
      vertex 312.476 9 22.1926
      vertex 311.894 9 20.0193
      vertex 311.461 9 20.1664
    endloop
  endfacet
  facet normal 0 1 0
    outer loop
      vertex 312.8 9 19.9
      vertex 312.8 9 22.15
      vertex 313.257 9 19.9299
    endloop
  endfacet
  facet normal 0 1 0
    outer loop
      vertex 312.637 9 22.1607
      vertex 312.343 9 19.9299
      vertex 311.894 9 20.0193
    endloop
  endfacet
  facet normal 0 1 0
    outer loop
      vertex 312.8 9 22.15
      vertex 312.8 9 19.9
      vertex 312.343 9 19.9299
    endloop
  endfacet
  facet normal -0.441968 0 -0.897031
    outer loop
      vertex 311.05 3 20.3689
      vertex 311.461 9 20.1664
      vertex 311.461 3 20.1664
    endloop
  endfacet
  facet normal -0.441968 0 -0.897031
    outer loop
      vertex 311.461 9 20.1664
      vertex 311.05 3 20.3689
      vertex 311.05 9 20.3689
    endloop
  endfacet
  facet normal 0.555305 0 0.831647
    outer loop
      vertex 314.55 9 26.4311
      vertex 314.931 3 26.1767
      vertex 314.931 9 26.1767
    endloop
  endfacet
  facet normal 0.555305 0 0.831647
    outer loop
      vertex 314.931 3 26.1767
      vertex 314.55 9 26.4311
      vertex 314.55 3 26.4311
    endloop
  endfacet
  facet normal 0.751683 -0 0.659524
    outer loop
      vertex 315.275 3 25.8749
      vertex 315.577 9 25.5307
      vertex 315.275 9 25.8749
    endloop
  endfacet
  facet normal 0.751683 0 0.659524
    outer loop
      vertex 315.577 9 25.5307
      vertex 315.275 3 25.8749
      vertex 315.577 3 25.5307
    endloop
  endfacet
  facet normal 0.831849 -0 0.555003
    outer loop
      vertex 315.577 3 25.5307
      vertex 315.831 9 25.15
      vertex 315.577 9 25.5307
    endloop
  endfacet
  facet normal 0.831849 0 0.555003
    outer loop
      vertex 315.831 9 25.15
      vertex 315.577 3 25.5307
      vertex 315.831 3 25.15
    endloop
  endfacet
  facet normal 0.99785 -0 0.0655331
    outer loop
      vertex 316.27 3 23.8568
      vertex 316.3 9 23.4
      vertex 316.27 9 23.8568
    endloop
  endfacet
  facet normal 0.99785 0 0.0655331
    outer loop
      vertex 316.3 9 23.4
      vertex 316.27 3 23.8568
      vertex 316.3 3 23.4
    endloop
  endfacet
  facet normal -0.659494 0 0.75171
    outer loop
      vertex 310.325 9 25.8749
      vertex 310.669 3 26.1767
      vertex 310.669 9 26.1767
    endloop
  endfacet
  facet normal -0.659494 0 0.75171
    outer loop
      vertex 310.669 3 26.1767
      vertex 310.325 9 25.8749
      vertex 310.325 3 25.8749
    endloop
  endfacet
  facet normal -0.555305 0 0.831647
    outer loop
      vertex 310.669 9 26.1767
      vertex 311.05 3 26.4311
      vertex 311.05 9 26.4311
    endloop
  endfacet
  facet normal -0.555305 0 0.831647
    outer loop
      vertex 311.05 3 26.4311
      vertex 310.669 9 26.1767
      vertex 310.669 3 26.1767
    endloop
  endfacet
  facet normal -0.195276 0 0.980748
    outer loop
      vertex 311.894 9 26.7807
      vertex 312.343 3 26.8701
      vertex 312.343 9 26.8701
    endloop
  endfacet
  facet normal -0.195276 0 0.980748
    outer loop
      vertex 312.343 3 26.8701
      vertex 311.894 9 26.7807
      vertex 311.894 3 26.7807
    endloop
  endfacet
  facet normal -0.751683 0 0.659524
    outer loop
      vertex 310.023 3 25.5307
      vertex 310.325 9 25.8749
      vertex 310.023 9 25.5307
    endloop
  endfacet
  facet normal -0.751683 0 0.659524
    outer loop
      vertex 310.325 9 25.8749
      vertex 310.023 3 25.5307
      vertex 310.325 3 25.8749
    endloop
  endfacet
  facet normal -0.947032 0 0.321139
    outer loop
      vertex 309.419 3 24.3059
      vertex 309.566 9 24.7394
      vertex 309.419 9 24.3059
    endloop
  endfacet
  facet normal -0.947032 0 0.321139
    outer loop
      vertex 309.566 9 24.7394
      vertex 309.419 3 24.3059
      vertex 309.566 3 24.7394
    endloop
  endfacet
  facet normal -0.99785 0 0.0655331
    outer loop
      vertex 309.3 3 23.4
      vertex 309.33 9 23.8568
      vertex 309.3 9 23.4
    endloop
  endfacet
  facet normal -0.99785 0 0.0655331
    outer loop
      vertex 309.33 9 23.8568
      vertex 309.3 3 23.4
      vertex 309.33 3 23.8568
    endloop
  endfacet
  facet normal 0.321668 0 0.946853
    outer loop
      vertex 313.706 9 26.7807
      vertex 314.139 3 26.6336
      vertex 314.139 9 26.6336
    endloop
  endfacet
  facet normal 0.321668 0 0.946853
    outer loop
      vertex 314.139 3 26.6336
      vertex 313.706 9 26.7807
      vertex 313.706 3 26.7807
    endloop
  endfacet
  facet normal 0.947032 -0 0.321139
    outer loop
      vertex 316.034 3 24.7394
      vertex 316.181 9 24.3059
      vertex 316.034 9 24.7394
    endloop
  endfacet
  facet normal 0.947032 0 0.321139
    outer loop
      vertex 316.181 9 24.3059
      vertex 316.034 3 24.7394
      vertex 316.181 3 24.3059
    endloop
  endfacet
  facet normal -0.0652871 0 0.997867
    outer loop
      vertex 312.343 9 26.8701
      vertex 312.8 3 26.9
      vertex 312.8 9 26.9
    endloop
  endfacet
  facet normal -0.0652871 0 0.997867
    outer loop
      vertex 312.8 3 26.9
      vertex 312.343 9 26.8701
      vertex 312.343 3 26.8701
    endloop
  endfacet
  facet normal -0.980924 0 0.194394
    outer loop
      vertex 309.33 3 23.8568
      vertex 309.419 9 24.3059
      vertex 309.33 9 23.8568
    endloop
  endfacet
  facet normal -0.980924 0 0.194394
    outer loop
      vertex 309.419 9 24.3059
      vertex 309.33 3 23.8568
      vertex 309.419 3 24.3059
    endloop
  endfacet
  facet normal 0 0 1
    outer loop
      vertex 326.8 7 2.39999
      vertex 4 3 2.39999
      vertex 322.8 3 2.39999
    endloop
  endfacet
  facet normal 0 -0 1
    outer loop
      vertex 4 3 2.39999
      vertex 326.8 7 2.39999
      vertex 0 7 2.39999
    endloop
  endfacet
  facet normal 0 0 1
    outer loop
      vertex 322.8 3 31.8
      vertex 7 0 31.8
      vertex 319.8 0 31.8
    endloop
  endfacet
  facet normal 0 -0 1
    outer loop
      vertex 7 0 31.8
      vertex 322.8 3 31.8
      vertex 4 3 31.8
    endloop
  endfacet
  facet normal 0 -1 0
    outer loop
      vertex 7 0 0
      vertex 319.8 0 31.8
      vertex 7 0 31.8
    endloop
  endfacet
  facet normal 0 -1 -0
    outer loop
      vertex 319.8 0 31.8
      vertex 7 0 0
      vertex 319.8 0 0
    endloop
  endfacet
  facet normal 0 0 -1
    outer loop
      vertex 7 0 0
      vertex 326.8 7 0
      vertex 319.8 0 0
    endloop
  endfacet
  facet normal -0 0 -1
    outer loop
      vertex 326.8 7 0
      vertex 7 0 0
      vertex 0 7 0
    endloop
  endfacet
  facet normal 0 1 -0
    outer loop
      vertex 326.8 7 0
      vertex 0 7 2.39999
      vertex 326.8 7 2.39999
    endloop
  endfacet
  facet normal 0 1 0
    outer loop
      vertex 0 7 2.39999
      vertex 326.8 7 0
      vertex 0 7 0
    endloop
  endfacet
  facet normal -0.997858 0 0.0654233
    outer loop
      vertex 15.2393 2 23.2368
      vertex 15.25 9 23.4
      vertex 15.2393 9 23.2368
    endloop
  endfacet
  facet normal -0.997858 0 0.0654233
    outer loop
      vertex 15.25 9 23.4
      vertex 15.2393 2 23.2368
      vertex 15.25 2 23.4
    endloop
  endfacet
  facet normal 0.0654233 0 0.997858
    outer loop
      vertex 13.8368 9 22.1607
      vertex 14 2 22.15
      vertex 14 9 22.15
    endloop
  endfacet
  facet normal 0.0654233 0 0.997858
    outer loop
      vertex 14 2 22.15
      vertex 13.8368 9 22.1607
      vertex 13.8368 2 22.1607
    endloop
  endfacet
  facet normal -0.0654233 0 -0.997858
    outer loop
      vertex 14 2 24.65
      vertex 14.1632 9 24.6393
      vertex 14.1632 2 24.6393
    endloop
  endfacet
  facet normal -0.0654233 0 -0.997858
    outer loop
      vertex 14.1632 9 24.6393
      vertex 14 2 24.65
      vertex 14 9 24.65
    endloop
  endfacet
  facet normal 0.659414 0 -0.75178
    outer loop
      vertex 13.1161 2 24.2839
      vertex 13.239 9 24.3917
      vertex 13.239 2 24.3917
    endloop
  endfacet
  facet normal 0.659414 0 -0.75178
    outer loop
      vertex 13.239 9 24.3917
      vertex 13.1161 2 24.2839
      vertex 13.1161 9 24.2839
    endloop
  endfacet
  facet normal -0.659414 0 0.75178
    outer loop
      vertex 14.761 9 22.4083
      vertex 14.8839 2 22.5161
      vertex 14.8839 9 22.5161
    endloop
  endfacet
  facet normal -0.659414 0 0.75178
    outer loop
      vertex 14.8839 2 22.5161
      vertex 14.761 9 22.4083
      vertex 14.761 2 22.4083
    endloop
  endfacet
  facet normal 0.75178 -0 0.659414
    outer loop
      vertex 13.0083 2 22.639
      vertex 13.1161 9 22.5161
      vertex 13.0083 9 22.639
    endloop
  endfacet
  facet normal 0.75178 0 0.659414
    outer loop
      vertex 13.1161 9 22.5161
      vertex 13.0083 2 22.639
      vertex 13.1161 2 22.5161
    endloop
  endfacet
  facet normal 0.442313 0 0.896861
    outer loop
      vertex 13.375 9 22.3175
      vertex 13.5216 2 22.2452
      vertex 13.5216 9 22.2452
    endloop
  endfacet
  facet normal 0.442313 0 0.896861
    outer loop
      vertex 13.5216 2 22.2452
      vertex 13.375 9 22.3175
      vertex 13.375 2 22.3175
    endloop
  endfacet
  facet normal -0.896861 0 0.442313
    outer loop
      vertex 15.0825 2 22.775
      vertex 15.1548 9 22.9216
      vertex 15.0825 9 22.775
    endloop
  endfacet
  facet normal -0.896861 0 0.442313
    outer loop
      vertex 15.1548 9 22.9216
      vertex 15.0825 2 22.775
      vertex 15.1548 2 22.9216
    endloop
  endfacet
  facet normal -0.831674 0 0.555265
    outer loop
      vertex 14.9917 2 22.639
      vertex 15.0825 9 22.775
      vertex 14.9917 9 22.639
    endloop
  endfacet
  facet normal -0.831674 0 0.555265
    outer loop
      vertex 15.0825 9 22.775
      vertex 14.9917 2 22.639
      vertex 15.0825 2 22.775
    endloop
  endfacet
  facet normal -0.321541 0 0.946896
    outer loop
      vertex 14.3235 9 22.1926
      vertex 14.4784 2 22.2452
      vertex 14.4784 9 22.2452
    endloop
  endfacet
  facet normal -0.321541 0 0.946896
    outer loop
      vertex 14.4784 2 22.2452
      vertex 14.3235 9 22.1926
      vertex 14.3235 2 22.1926
    endloop
  endfacet
  facet normal -0.195175 0 0.980768
    outer loop
      vertex 14.1632 9 22.1607
      vertex 14.3235 2 22.1926
      vertex 14.3235 9 22.1926
    endloop
  endfacet
  facet normal -0.195175 0 0.980768
    outer loop
      vertex 14.3235 2 22.1926
      vertex 14.1632 9 22.1607
      vertex 14.1632 2 22.1607
    endloop
  endfacet
  facet normal -0.555265 0 0.831674
    outer loop
      vertex 14.625 9 22.3175
      vertex 14.761 2 22.4083
      vertex 14.761 9 22.4083
    endloop
  endfacet
  facet normal -0.555265 0 0.831674
    outer loop
      vertex 14.761 2 22.4083
      vertex 14.625 9 22.3175
      vertex 14.625 2 22.3175
    endloop
  endfacet
  facet normal 0.947082 -0 0.320993
    outer loop
      vertex 12.7926 2 23.0765
      vertex 12.8451 9 22.9216
      vertex 12.7926 9 23.0765
    endloop
  endfacet
  facet normal 0.947082 0 0.320993
    outer loop
      vertex 12.8451 9 22.9216
      vertex 12.7926 2 23.0765
      vertex 12.8451 2 22.9216
    endloop
  endfacet
  facet normal 0.980768 -0 0.195175
    outer loop
      vertex 12.7607 2 23.2368
      vertex 12.7926 9 23.0765
      vertex 12.7607 9 23.2368
    endloop
  endfacet
  facet normal 0.980768 0 0.195175
    outer loop
      vertex 12.7926 9 23.0765
      vertex 12.7607 2 23.2368
      vertex 12.7926 2 23.0765
    endloop
  endfacet
  facet normal 0.195175 0 0.980768
    outer loop
      vertex 13.6765 9 22.1926
      vertex 13.8368 2 22.1607
      vertex 13.8368 9 22.1607
    endloop
  endfacet
  facet normal 0.195175 0 0.980768
    outer loop
      vertex 13.8368 2 22.1607
      vertex 13.6765 9 22.1926
      vertex 13.6765 2 22.1926
    endloop
  endfacet
  facet normal -0.195175 0 -0.980768
    outer loop
      vertex 14.1632 2 24.6393
      vertex 14.3235 9 24.6074
      vertex 14.3235 2 24.6074
    endloop
  endfacet
  facet normal -0.195175 0 -0.980768
    outer loop
      vertex 14.3235 9 24.6074
      vertex 14.1632 2 24.6393
      vertex 14.1632 9 24.6393
    endloop
  endfacet
  facet normal 0.321541 0 -0.946896
    outer loop
      vertex 13.5216 2 24.5548
      vertex 13.6765 9 24.6074
      vertex 13.6765 2 24.6074
    endloop
  endfacet
  facet normal 0.321541 0 -0.946896
    outer loop
      vertex 13.6765 9 24.6074
      vertex 13.5216 2 24.5548
      vertex 13.5216 9 24.5548
    endloop
  endfacet
  facet normal 0.555265 0 -0.831674
    outer loop
      vertex 13.239 2 24.3917
      vertex 13.375 9 24.4825
      vertex 13.375 2 24.4825
    endloop
  endfacet
  facet normal 0.555265 0 -0.831674
    outer loop
      vertex 13.375 9 24.4825
      vertex 13.239 2 24.3917
      vertex 13.239 9 24.3917
    endloop
  endfacet
  facet normal 0.195175 0 -0.980768
    outer loop
      vertex 13.6765 2 24.6074
      vertex 13.8368 9 24.6393
      vertex 13.8368 2 24.6393
    endloop
  endfacet
  facet normal 0.195175 0 -0.980768
    outer loop
      vertex 13.8368 9 24.6393
      vertex 13.6765 2 24.6074
      vertex 13.6765 9 24.6074
    endloop
  endfacet
  facet normal 0.831674 0 -0.555265
    outer loop
      vertex 13.0083 2 24.161
      vertex 12.9175 9 24.025
      vertex 13.0083 9 24.161
    endloop
  endfacet
  facet normal 0.831674 0 -0.555265
    outer loop
      vertex 12.9175 9 24.025
      vertex 13.0083 2 24.161
      vertex 12.9175 2 24.025
    endloop
  endfacet
  facet normal -0.946896 0 0.321541
    outer loop
      vertex 15.1548 2 22.9216
      vertex 15.2074 9 23.0765
      vertex 15.1548 9 22.9216
    endloop
  endfacet
  facet normal -0.946896 0 0.321541
    outer loop
      vertex 15.2074 9 23.0765
      vertex 15.1548 2 22.9216
      vertex 15.2074 2 23.0765
    endloop
  endfacet
  facet normal -0.980768 0 0.195175
    outer loop
      vertex 15.2074 2 23.0765
      vertex 15.2393 9 23.2368
      vertex 15.2074 9 23.0765
    endloop
  endfacet
  facet normal -0.980768 0 0.195175
    outer loop
      vertex 15.2393 9 23.2368
      vertex 15.2074 2 23.0765
      vertex 15.2393 2 23.2368
    endloop
  endfacet
  facet normal -0.75178 0 0.659414
    outer loop
      vertex 14.8839 2 22.5161
      vertex 14.9917 9 22.639
      vertex 14.8839 9 22.5161
    endloop
  endfacet
  facet normal -0.75178 0 0.659414
    outer loop
      vertex 14.9917 9 22.639
      vertex 14.8839 2 22.5161
      vertex 14.9917 2 22.639
    endloop
  endfacet
  facet normal -0.0654233 0 0.997858
    outer loop
      vertex 14 9 22.15
      vertex 14.1632 2 22.1607
      vertex 14.1632 9 22.1607
    endloop
  endfacet
  facet normal -0.0654233 0 0.997858
    outer loop
      vertex 14.1632 2 22.1607
      vertex 14 9 22.15
      vertex 14 2 22.15
    endloop
  endfacet
  facet normal -0.442313 0 0.896861
    outer loop
      vertex 14.4784 9 22.2452
      vertex 14.625 2 22.3175
      vertex 14.625 9 22.3175
    endloop
  endfacet
  facet normal -0.442313 0 0.896861
    outer loop
      vertex 14.625 2 22.3175
      vertex 14.4784 9 22.2452
      vertex 14.4784 2 22.2452
    endloop
  endfacet
  facet normal 0 1 0
    outer loop
      vertex 14.1632 2 24.6393
      vertex 13.8368 2 24.6393
      vertex 14 2 24.65
    endloop
  endfacet
  facet normal 0 1 0
    outer loop
      vertex 14.3235 2 24.6074
      vertex 13.8368 2 24.6393
      vertex 14.1632 2 24.6393
    endloop
  endfacet
  facet normal 0 1 0
    outer loop
      vertex 14.3235 2 24.6074
      vertex 13.6765 2 24.6074
      vertex 13.8368 2 24.6393
    endloop
  endfacet
  facet normal 0 1 0
    outer loop
      vertex 14.4784 2 24.5548
      vertex 13.6765 2 24.6074
      vertex 14.3235 2 24.6074
    endloop
  endfacet
  facet normal 0 1 0
    outer loop
      vertex 14.4784 2 24.5548
      vertex 13.5216 2 24.5548
      vertex 13.6765 2 24.6074
    endloop
  endfacet
  facet normal 0 1 0
    outer loop
      vertex 14.625 2 24.4825
      vertex 13.5216 2 24.5548
      vertex 14.4784 2 24.5548
    endloop
  endfacet
  facet normal 0 1 0
    outer loop
      vertex 14.625 2 24.4825
      vertex 13.375 2 24.4825
      vertex 13.5216 2 24.5548
    endloop
  endfacet
  facet normal 0 1 0
    outer loop
      vertex 14.761 2 24.3917
      vertex 13.375 2 24.4825
      vertex 14.625 2 24.4825
    endloop
  endfacet
  facet normal 0 1 0
    outer loop
      vertex 14.761 2 24.3917
      vertex 13.239 2 24.3917
      vertex 13.375 2 24.4825
    endloop
  endfacet
  facet normal 0 1 0
    outer loop
      vertex 14.8839 2 24.2839
      vertex 13.239 2 24.3917
      vertex 14.761 2 24.3917
    endloop
  endfacet
  facet normal 0 1 0
    outer loop
      vertex 14.8839 2 24.2839
      vertex 13.1161 2 24.2839
      vertex 13.239 2 24.3917
    endloop
  endfacet
  facet normal 0 1 0
    outer loop
      vertex 14.9917 2 24.161
      vertex 13.1161 2 24.2839
      vertex 14.8839 2 24.2839
    endloop
  endfacet
  facet normal 0 1 0
    outer loop
      vertex 14.9917 2 24.161
      vertex 13.0083 2 24.161
      vertex 13.1161 2 24.2839
    endloop
  endfacet
  facet normal 0 1 0
    outer loop
      vertex 15.0825 2 24.025
      vertex 13.0083 2 24.161
      vertex 14.9917 2 24.161
    endloop
  endfacet
  facet normal 0 1 0
    outer loop
      vertex 15.0825 2 24.025
      vertex 12.9175 2 24.025
      vertex 13.0083 2 24.161
    endloop
  endfacet
  facet normal 0 1 0
    outer loop
      vertex 15.1548 2 23.8784
      vertex 12.9175 2 24.025
      vertex 15.0825 2 24.025
    endloop
  endfacet
  facet normal 0 1 0
    outer loop
      vertex 15.1548 2 23.8784
      vertex 12.8451 2 23.8784
      vertex 12.9175 2 24.025
    endloop
  endfacet
  facet normal 0 1 0
    outer loop
      vertex 15.2074 2 23.7235
      vertex 12.8451 2 23.8784
      vertex 15.1548 2 23.8784
    endloop
  endfacet
  facet normal 0 1 0
    outer loop
      vertex 15.2074 2 23.7235
      vertex 12.7926 2 23.7235
      vertex 12.8451 2 23.8784
    endloop
  endfacet
  facet normal 0 1 0
    outer loop
      vertex 15.2393 2 23.5632
      vertex 12.7926 2 23.7235
      vertex 15.2074 2 23.7235
    endloop
  endfacet
  facet normal 0 1 0
    outer loop
      vertex 15.2393 2 23.5632
      vertex 12.7607 2 23.5632
      vertex 12.7926 2 23.7235
    endloop
  endfacet
  facet normal 0 1 0
    outer loop
      vertex 15.25 2 23.4
      vertex 12.7607 2 23.5632
      vertex 15.2393 2 23.5632
    endloop
  endfacet
  facet normal 0 1 0
    outer loop
      vertex 15.25 2 23.4
      vertex 12.75 2 23.4
      vertex 12.7607 2 23.5632
    endloop
  endfacet
  facet normal 0 1 -0
    outer loop
      vertex 15.2393 2 23.2368
      vertex 12.75 2 23.4
      vertex 15.25 2 23.4
    endloop
  endfacet
  facet normal 0 1 0
    outer loop
      vertex 15.2393 2 23.2368
      vertex 12.7607 2 23.2368
      vertex 12.75 2 23.4
    endloop
  endfacet
  facet normal 0 1 -0
    outer loop
      vertex 15.2074 2 23.0765
      vertex 12.7607 2 23.2368
      vertex 15.2393 2 23.2368
    endloop
  endfacet
  facet normal 0 1 0
    outer loop
      vertex 15.2074 2 23.0765
      vertex 12.7926 2 23.0765
      vertex 12.7607 2 23.2368
    endloop
  endfacet
  facet normal 0 1 -0
    outer loop
      vertex 15.1548 2 22.9216
      vertex 12.7926 2 23.0765
      vertex 15.2074 2 23.0765
    endloop
  endfacet
  facet normal 0 1 0
    outer loop
      vertex 15.1548 2 22.9216
      vertex 12.8451 2 22.9216
      vertex 12.7926 2 23.0765
    endloop
  endfacet
  facet normal 0 1 -0
    outer loop
      vertex 15.0825 2 22.775
      vertex 12.8451 2 22.9216
      vertex 15.1548 2 22.9216
    endloop
  endfacet
  facet normal 0 1 0
    outer loop
      vertex 15.0825 2 22.775
      vertex 12.9175 2 22.775
      vertex 12.8451 2 22.9216
    endloop
  endfacet
  facet normal 0 1 -0
    outer loop
      vertex 14.9917 2 22.639
      vertex 12.9175 2 22.775
      vertex 15.0825 2 22.775
    endloop
  endfacet
  facet normal 0 1 0
    outer loop
      vertex 14.9917 2 22.639
      vertex 13.0083 2 22.639
      vertex 12.9175 2 22.775
    endloop
  endfacet
  facet normal 0 1 -0
    outer loop
      vertex 14.8839 2 22.5161
      vertex 13.0083 2 22.639
      vertex 14.9917 2 22.639
    endloop
  endfacet
  facet normal 0 1 0
    outer loop
      vertex 14.8839 2 22.5161
      vertex 13.1161 2 22.5161
      vertex 13.0083 2 22.639
    endloop
  endfacet
  facet normal 0 1 -0
    outer loop
      vertex 14.761 2 22.4083
      vertex 13.1161 2 22.5161
      vertex 14.8839 2 22.5161
    endloop
  endfacet
  facet normal 0 1 0
    outer loop
      vertex 14.761 2 22.4083
      vertex 13.239 2 22.4083
      vertex 13.1161 2 22.5161
    endloop
  endfacet
  facet normal 0 1 -0
    outer loop
      vertex 14.625 2 22.3175
      vertex 13.239 2 22.4083
      vertex 14.761 2 22.4083
    endloop
  endfacet
  facet normal 0 1 0
    outer loop
      vertex 14.625 2 22.3175
      vertex 13.375 2 22.3175
      vertex 13.239 2 22.4083
    endloop
  endfacet
  facet normal 0 1 -0
    outer loop
      vertex 14.4784 2 22.2452
      vertex 13.375 2 22.3175
      vertex 14.625 2 22.3175
    endloop
  endfacet
  facet normal 0 1 0
    outer loop
      vertex 14.4784 2 22.2452
      vertex 13.5216 2 22.2452
      vertex 13.375 2 22.3175
    endloop
  endfacet
  facet normal 0 1 -0
    outer loop
      vertex 14.3235 2 22.1926
      vertex 13.5216 2 22.2452
      vertex 14.4784 2 22.2452
    endloop
  endfacet
  facet normal 0 1 0
    outer loop
      vertex 14.3235 2 22.1926
      vertex 13.6765 2 22.1926
      vertex 13.5216 2 22.2452
    endloop
  endfacet
  facet normal 0 1 -0
    outer loop
      vertex 14.1632 2 22.1607
      vertex 13.6765 2 22.1926
      vertex 14.3235 2 22.1926
    endloop
  endfacet
  facet normal 0 1 0
    outer loop
      vertex 14.1632 2 22.1607
      vertex 13.8368 2 22.1607
      vertex 13.6765 2 22.1926
    endloop
  endfacet
  facet normal -0 1 0
    outer loop
      vertex 13.8368 2 22.1607
      vertex 14.1632 2 22.1607
      vertex 14 2 22.15
    endloop
  endfacet
  facet normal 0.896618 -0 0.442805
    outer loop
      vertex 12.8451 2 22.9216
      vertex 12.9175 9 22.775
      vertex 12.8451 9 22.9216
    endloop
  endfacet
  facet normal 0.896618 0 0.442805
    outer loop
      vertex 12.9175 9 22.775
      vertex 12.8451 2 22.9216
      vertex 12.9175 2 22.775
    endloop
  endfacet
  facet normal 0.831674 -0 0.555265
    outer loop
      vertex 12.9175 2 22.775
      vertex 13.0083 9 22.639
      vertex 12.9175 9 22.775
    endloop
  endfacet
  facet normal 0.831674 0 0.555265
    outer loop
      vertex 13.0083 9 22.639
      vertex 12.9175 2 22.775
      vertex 13.0083 2 22.639
    endloop
  endfacet
  facet normal 0.997858 -0 0.0654233
    outer loop
      vertex 12.75 2 23.4
      vertex 12.7607 9 23.2368
      vertex 12.75 9 23.4
    endloop
  endfacet
  facet normal 0.997858 0 0.0654233
    outer loop
      vertex 12.7607 9 23.2368
      vertex 12.75 2 23.4
      vertex 12.7607 2 23.2368
    endloop
  endfacet
  facet normal 0.555265 0 0.831674
    outer loop
      vertex 13.239 9 22.4083
      vertex 13.375 2 22.3175
      vertex 13.375 9 22.3175
    endloop
  endfacet
  facet normal 0.555265 0 0.831674
    outer loop
      vertex 13.375 2 22.3175
      vertex 13.239 9 22.4083
      vertex 13.239 2 22.4083
    endloop
  endfacet
  facet normal 0.659414 0 0.75178
    outer loop
      vertex 13.1161 9 22.5161
      vertex 13.239 2 22.4083
      vertex 13.239 9 22.4083
    endloop
  endfacet
  facet normal 0.659414 0 0.75178
    outer loop
      vertex 13.239 2 22.4083
      vertex 13.1161 9 22.5161
      vertex 13.1161 2 22.5161
    endloop
  endfacet
  facet normal 0.321541 0 0.946896
    outer loop
      vertex 13.5216 9 22.2452
      vertex 13.6765 2 22.1926
      vertex 13.6765 9 22.1926
    endloop
  endfacet
  facet normal 0.321541 0 0.946896
    outer loop
      vertex 13.6765 2 22.1926
      vertex 13.5216 9 22.2452
      vertex 13.5216 2 22.2452
    endloop
  endfacet
  facet normal -0.997858 0 -0.0654233
    outer loop
      vertex 15.25 2 23.4
      vertex 15.2393 9 23.5632
      vertex 15.25 9 23.4
    endloop
  endfacet
  facet normal -0.997858 -0 -0.0654233
    outer loop
      vertex 15.2393 9 23.5632
      vertex 15.25 2 23.4
      vertex 15.2393 2 23.5632
    endloop
  endfacet
  facet normal -0.321541 0 -0.946896
    outer loop
      vertex 14.3235 2 24.6074
      vertex 14.4784 9 24.5548
      vertex 14.4784 2 24.5548
    endloop
  endfacet
  facet normal -0.321541 0 -0.946896
    outer loop
      vertex 14.4784 9 24.5548
      vertex 14.3235 2 24.6074
      vertex 14.3235 9 24.6074
    endloop
  endfacet
  facet normal -0.75178 0 -0.659414
    outer loop
      vertex 14.9917 2 24.161
      vertex 14.8839 9 24.2839
      vertex 14.9917 9 24.161
    endloop
  endfacet
  facet normal -0.75178 -0 -0.659414
    outer loop
      vertex 14.8839 9 24.2839
      vertex 14.9917 2 24.161
      vertex 14.8839 2 24.2839
    endloop
  endfacet
  facet normal -0.555265 0 -0.831674
    outer loop
      vertex 14.625 2 24.4825
      vertex 14.761 9 24.3917
      vertex 14.761 2 24.3917
    endloop
  endfacet
  facet normal -0.555265 0 -0.831674
    outer loop
      vertex 14.761 9 24.3917
      vertex 14.625 2 24.4825
      vertex 14.625 9 24.4825
    endloop
  endfacet
  facet normal -0.946896 0 -0.321541
    outer loop
      vertex 15.2074 2 23.7235
      vertex 15.1548 9 23.8784
      vertex 15.2074 9 23.7235
    endloop
  endfacet
  facet normal -0.946896 -0 -0.321541
    outer loop
      vertex 15.1548 9 23.8784
      vertex 15.2074 2 23.7235
      vertex 15.1548 2 23.8784
    endloop
  endfacet
  facet normal -0.831674 0 -0.555265
    outer loop
      vertex 15.0825 2 24.025
      vertex 14.9917 9 24.161
      vertex 15.0825 9 24.025
    endloop
  endfacet
  facet normal -0.831674 -0 -0.555265
    outer loop
      vertex 14.9917 9 24.161
      vertex 15.0825 2 24.025
      vertex 14.9917 2 24.161
    endloop
  endfacet
  facet normal 0.442313 0 -0.896861
    outer loop
      vertex 13.375 2 24.4825
      vertex 13.5216 9 24.5548
      vertex 13.5216 2 24.5548
    endloop
  endfacet
  facet normal 0.442313 0 -0.896861
    outer loop
      vertex 13.5216 9 24.5548
      vertex 13.375 2 24.4825
      vertex 13.375 9 24.4825
    endloop
  endfacet
  facet normal 0.0654233 0 -0.997858
    outer loop
      vertex 13.8368 2 24.6393
      vertex 14 9 24.65
      vertex 14 2 24.65
    endloop
  endfacet
  facet normal 0.0654233 0 -0.997858
    outer loop
      vertex 14 9 24.65
      vertex 13.8368 2 24.6393
      vertex 13.8368 9 24.6393
    endloop
  endfacet
  facet normal 0.75178 0 -0.659414
    outer loop
      vertex 13.1161 2 24.2839
      vertex 13.0083 9 24.161
      vertex 13.1161 9 24.2839
    endloop
  endfacet
  facet normal 0.75178 0 -0.659414
    outer loop
      vertex 13.0083 9 24.161
      vertex 13.1161 2 24.2839
      vertex 13.0083 2 24.161
    endloop
  endfacet
  facet normal 0.896618 0 -0.442805
    outer loop
      vertex 12.9175 2 24.025
      vertex 12.8451 9 23.8784
      vertex 12.9175 9 24.025
    endloop
  endfacet
  facet normal 0.896618 0 -0.442805
    outer loop
      vertex 12.8451 9 23.8784
      vertex 12.9175 2 24.025
      vertex 12.8451 2 23.8784
    endloop
  endfacet
  facet normal 0.980768 0 -0.195175
    outer loop
      vertex 12.7926 2 23.7235
      vertex 12.7607 9 23.5632
      vertex 12.7926 9 23.7235
    endloop
  endfacet
  facet normal 0.980768 0 -0.195175
    outer loop
      vertex 12.7607 9 23.5632
      vertex 12.7926 2 23.7235
      vertex 12.7607 2 23.5632
    endloop
  endfacet
  facet normal 0.997858 0 -0.0654233
    outer loop
      vertex 12.7607 2 23.5632
      vertex 12.75 9 23.4
      vertex 12.7607 9 23.5632
    endloop
  endfacet
  facet normal 0.997858 0 -0.0654233
    outer loop
      vertex 12.75 9 23.4
      vertex 12.7607 2 23.5632
      vertex 12.75 2 23.4
    endloop
  endfacet
  facet normal -0.442313 0 -0.896861
    outer loop
      vertex 14.4784 2 24.5548
      vertex 14.625 9 24.4825
      vertex 14.625 2 24.4825
    endloop
  endfacet
  facet normal -0.442313 0 -0.896861
    outer loop
      vertex 14.625 9 24.4825
      vertex 14.4784 2 24.5548
      vertex 14.4784 9 24.5548
    endloop
  endfacet
  facet normal -0.659414 0 -0.75178
    outer loop
      vertex 14.761 2 24.3917
      vertex 14.8839 9 24.2839
      vertex 14.8839 2 24.2839
    endloop
  endfacet
  facet normal -0.659414 0 -0.75178
    outer loop
      vertex 14.8839 9 24.2839
      vertex 14.761 2 24.3917
      vertex 14.761 9 24.3917
    endloop
  endfacet
  facet normal -0.980768 0 -0.195175
    outer loop
      vertex 15.2393 2 23.5632
      vertex 15.2074 9 23.7235
      vertex 15.2393 9 23.5632
    endloop
  endfacet
  facet normal -0.980768 -0 -0.195175
    outer loop
      vertex 15.2074 9 23.7235
      vertex 15.2393 2 23.5632
      vertex 15.2074 2 23.7235
    endloop
  endfacet
  facet normal -0.896861 0 -0.442313
    outer loop
      vertex 15.1548 2 23.8784
      vertex 15.0825 9 24.025
      vertex 15.1548 9 23.8784
    endloop
  endfacet
  facet normal -0.896861 -0 -0.442313
    outer loop
      vertex 15.0825 9 24.025
      vertex 15.1548 2 23.8784
      vertex 15.0825 2 24.025
    endloop
  endfacet
  facet normal 0.947082 0 -0.320993
    outer loop
      vertex 12.8451 2 23.8784
      vertex 12.7926 9 23.7235
      vertex 12.8451 9 23.8784
    endloop
  endfacet
  facet normal 0.947082 0 -0.320993
    outer loop
      vertex 12.7926 9 23.7235
      vertex 12.8451 2 23.8784
      vertex 12.7926 2 23.7235
    endloop
  endfacet
  facet normal -0.897588 0 0.440835
    outer loop
      vertex 114.683 2 22.775
      vertex 114.755 9 22.9216
      vertex 114.683 9 22.775
    endloop
  endfacet
  facet normal -0.897588 0 0.440835
    outer loop
      vertex 114.755 9 22.9216
      vertex 114.683 2 22.775
      vertex 114.755 2 22.9216
    endloop
  endfacet
  facet normal -0.831109 0 0.55611
    outer loop
      vertex 114.592 2 22.639
      vertex 114.683 9 22.775
      vertex 114.592 9 22.639
    endloop
  endfacet
  facet normal -0.831109 0 0.55611
    outer loop
      vertex 114.683 9 22.775
      vertex 114.592 2 22.639
      vertex 114.683 2 22.775
    endloop
  endfacet
  facet normal -0.323224 0 0.946322
    outer loop
      vertex 113.924 9 22.1926
      vertex 114.078 2 22.2452
      vertex 114.078 9 22.2452
    endloop
  endfacet
  facet normal -0.323224 0 0.946322
    outer loop
      vertex 114.078 2 22.2452
      vertex 113.924 9 22.1926
      vertex 113.924 2 22.1926
    endloop
  endfacet
  facet normal 0.441344 0 0.897338
    outer loop
      vertex 112.975 9 22.3175
      vertex 113.122 2 22.2452
      vertex 113.122 9 22.2452
    endloop
  endfacet
  facet normal 0.441344 0 0.897338
    outer loop
      vertex 113.122 2 22.2452
      vertex 112.975 9 22.3175
      vertex 112.975 2 22.3175
    endloop
  endfacet
  facet normal 0.897588 -0 0.440835
    outer loop
      vertex 112.445 2 22.9216
      vertex 112.517 9 22.775
      vertex 112.445 9 22.9216
    endloop
  endfacet
  facet normal 0.897588 0 0.440835
    outer loop
      vertex 112.517 9 22.775
      vertex 112.445 2 22.9216
      vertex 112.517 2 22.775
    endloop
  endfacet
  facet normal -0.0655032 0 0.997852
    outer loop
      vertex 113.6 9 22.15
      vertex 113.763 2 22.1607
      vertex 113.763 9 22.1607
    endloop
  endfacet
  facet normal -0.0655032 0 0.997852
    outer loop
      vertex 113.763 2 22.1607
      vertex 113.6 9 22.15
      vertex 113.6 2 22.15
    endloop
  endfacet
  facet normal -0.555265 0 0.831674
    outer loop
      vertex 114.225 9 22.3175
      vertex 114.361 2 22.4083
      vertex 114.361 9 22.4083
    endloop
  endfacet
  facet normal -0.555265 0 0.831674
    outer loop
      vertex 114.361 2 22.4083
      vertex 114.225 9 22.3175
      vertex 114.225 2 22.3175
    endloop
  endfacet
  facet normal 0.997736 -0 0.0672494
    outer loop
      vertex 112.35 2 23.4
      vertex 112.361 9 23.2368
      vertex 112.35 9 23.4
    endloop
  endfacet
  facet normal 0.997736 0 0.0672494
    outer loop
      vertex 112.361 9 23.2368
      vertex 112.35 2 23.4
      vertex 112.361 2 23.2368
    endloop
  endfacet
  facet normal 0.831109 -0 0.55611
    outer loop
      vertex 112.517 2 22.775
      vertex 112.608 9 22.639
      vertex 112.517 9 22.775
    endloop
  endfacet
  facet normal 0.831109 0 0.55611
    outer loop
      vertex 112.608 9 22.639
      vertex 112.517 2 22.775
      vertex 112.608 2 22.639
    endloop
  endfacet
  facet normal 0.555265 0 0.831674
    outer loop
      vertex 112.839 9 22.4083
      vertex 112.975 2 22.3175
      vertex 112.975 9 22.3175
    endloop
  endfacet
  facet normal 0.555265 0 0.831674
    outer loop
      vertex 112.975 2 22.3175
      vertex 112.839 9 22.4083
      vertex 112.839 2 22.4083
    endloop
  endfacet
  facet normal 0.323224 0 0.946322
    outer loop
      vertex 113.122 9 22.2452
      vertex 113.276 2 22.1926
      vertex 113.276 9 22.1926
    endloop
  endfacet
  facet normal 0.323224 0 0.946322
    outer loop
      vertex 113.276 2 22.1926
      vertex 113.122 9 22.2452
      vertex 113.122 2 22.2452
    endloop
  endfacet
  facet normal -0.980651 0 0.195763
    outer loop
      vertex 114.807 2 23.0765
      vertex 114.839 9 23.2368
      vertex 114.807 9 23.0765
    endloop
  endfacet
  facet normal -0.980651 0 0.195763
    outer loop
      vertex 114.839 9 23.2368
      vertex 114.807 2 23.0765
      vertex 114.839 2 23.2368
    endloop
  endfacet
  facet normal -0.948008 0 0.318247
    outer loop
      vertex 114.755 2 22.9216
      vertex 114.807 9 23.0765
      vertex 114.755 9 22.9216
    endloop
  endfacet
  facet normal -0.948008 0 0.318247
    outer loop
      vertex 114.807 9 23.0765
      vertex 114.755 2 22.9216
      vertex 114.807 2 23.0765
    endloop
  endfacet
  facet normal -0.65911 0 0.752046
    outer loop
      vertex 114.361 9 22.4083
      vertex 114.484 2 22.5161
      vertex 114.484 9 22.5161
    endloop
  endfacet
  facet normal -0.65911 0 0.752046
    outer loop
      vertex 114.484 2 22.5161
      vertex 114.361 9 22.4083
      vertex 114.361 2 22.4083
    endloop
  endfacet
  facet normal -0.751174 0 0.660104
    outer loop
      vertex 114.484 2 22.5161
      vertex 114.592 9 22.639
      vertex 114.484 9 22.5161
    endloop
  endfacet
  facet normal -0.751174 0 0.660104
    outer loop
      vertex 114.592 9 22.639
      vertex 114.484 2 22.5161
      vertex 114.592 2 22.639
    endloop
  endfacet
  facet normal 0.0655032 0 0.997852
    outer loop
      vertex 113.437 9 22.1607
      vertex 113.6 2 22.15
      vertex 113.6 9 22.15
    endloop
  endfacet
  facet normal 0.0655032 0 0.997852
    outer loop
      vertex 113.6 2 22.15
      vertex 113.437 9 22.1607
      vertex 113.437 2 22.1607
    endloop
  endfacet
  facet normal -0.194358 0 0.980931
    outer loop
      vertex 113.763 9 22.1607
      vertex 113.924 2 22.1926
      vertex 113.924 9 22.1926
    endloop
  endfacet
  facet normal -0.194358 0 0.980931
    outer loop
      vertex 113.924 2 22.1926
      vertex 113.763 9 22.1607
      vertex 113.763 2 22.1607
    endloop
  endfacet
  facet normal -0.441344 0 0.897338
    outer loop
      vertex 114.078 9 22.2452
      vertex 114.225 2 22.3175
      vertex 114.225 9 22.3175
    endloop
  endfacet
  facet normal -0.441344 0 0.897338
    outer loop
      vertex 114.225 2 22.3175
      vertex 114.078 9 22.2452
      vertex 114.078 2 22.2452
    endloop
  endfacet
  facet normal 0.948008 -0 0.318247
    outer loop
      vertex 112.393 2 23.0765
      vertex 112.445 9 22.9216
      vertex 112.393 9 23.0765
    endloop
  endfacet
  facet normal 0.948008 0 0.318247
    outer loop
      vertex 112.445 9 22.9216
      vertex 112.393 2 23.0765
      vertex 112.445 2 22.9216
    endloop
  endfacet
  facet normal 0.980651 -0 0.195763
    outer loop
      vertex 112.361 2 23.2368
      vertex 112.393 9 23.0765
      vertex 112.361 9 23.2368
    endloop
  endfacet
  facet normal 0.980651 0 0.195763
    outer loop
      vertex 112.393 9 23.0765
      vertex 112.361 2 23.2368
      vertex 112.393 2 23.0765
    endloop
  endfacet
  facet normal 0.194358 0 0.980931
    outer loop
      vertex 113.276 9 22.1926
      vertex 113.437 2 22.1607
      vertex 113.437 9 22.1607
    endloop
  endfacet
  facet normal 0.194358 0 0.980931
    outer loop
      vertex 113.437 2 22.1607
      vertex 113.276 9 22.1926
      vertex 113.276 2 22.1926
    endloop
  endfacet
  facet normal 0.65911 0 0.752046
    outer loop
      vertex 112.716 9 22.5161
      vertex 112.839 2 22.4083
      vertex 112.839 9 22.4083
    endloop
  endfacet
  facet normal 0.65911 0 0.752046
    outer loop
      vertex 112.839 2 22.4083
      vertex 112.716 9 22.5161
      vertex 112.716 2 22.5161
    endloop
  endfacet
  facet normal 0.751174 -0 0.660104
    outer loop
      vertex 112.608 2 22.639
      vertex 112.716 9 22.5161
      vertex 112.608 9 22.639
    endloop
  endfacet
  facet normal 0.751174 0 0.660104
    outer loop
      vertex 112.716 9 22.5161
      vertex 112.608 2 22.639
      vertex 112.716 2 22.5161
    endloop
  endfacet
  facet normal -0.997736 0 0.0672494
    outer loop
      vertex 114.839 2 23.2368
      vertex 114.85 9 23.4
      vertex 114.839 9 23.2368
    endloop
  endfacet
  facet normal -0.997736 0 0.0672494
    outer loop
      vertex 114.85 9 23.4
      vertex 114.839 2 23.2368
      vertex 114.85 2 23.4
    endloop
  endfacet
  facet normal -0.997736 0 -0.0672494
    outer loop
      vertex 114.85 2 23.4
      vertex 114.839 9 23.5632
      vertex 114.85 9 23.4
    endloop
  endfacet
  facet normal -0.997736 -0 -0.0672494
    outer loop
      vertex 114.839 9 23.5632
      vertex 114.85 2 23.4
      vertex 114.839 2 23.5632
    endloop
  endfacet
  facet normal -0.980651 0 -0.195763
    outer loop
      vertex 114.839 2 23.5632
      vertex 114.807 9 23.7235
      vertex 114.839 9 23.5632
    endloop
  endfacet
  facet normal -0.980651 -0 -0.195763
    outer loop
      vertex 114.807 9 23.7235
      vertex 114.839 2 23.5632
      vertex 114.807 2 23.7235
    endloop
  endfacet
  facet normal -0.831109 0 -0.55611
    outer loop
      vertex 114.683 2 24.025
      vertex 114.592 9 24.161
      vertex 114.683 9 24.025
    endloop
  endfacet
  facet normal -0.831109 -0 -0.55611
    outer loop
      vertex 114.592 9 24.161
      vertex 114.683 2 24.025
      vertex 114.592 2 24.161
    endloop
  endfacet
  facet normal -0.0655032 0 -0.997852
    outer loop
      vertex 113.6 2 24.65
      vertex 113.763 9 24.6393
      vertex 113.763 2 24.6393
    endloop
  endfacet
  facet normal -0.0655032 0 -0.997852
    outer loop
      vertex 113.763 9 24.6393
      vertex 113.6 2 24.65
      vertex 113.6 9 24.65
    endloop
  endfacet
  facet normal 0 1 0
    outer loop
      vertex 113.763 2 24.6393
      vertex 113.437 2 24.6393
      vertex 113.6 2 24.65
    endloop
  endfacet
  facet normal 0 1 0
    outer loop
      vertex 113.924 2 24.6074
      vertex 113.437 2 24.6393
      vertex 113.763 2 24.6393
    endloop
  endfacet
  facet normal 0 1 0
    outer loop
      vertex 113.924 2 24.6074
      vertex 113.276 2 24.6074
      vertex 113.437 2 24.6393
    endloop
  endfacet
  facet normal 0 1 0
    outer loop
      vertex 114.078 2 24.5548
      vertex 113.276 2 24.6074
      vertex 113.924 2 24.6074
    endloop
  endfacet
  facet normal 0 1 0
    outer loop
      vertex 114.078 2 24.5548
      vertex 113.122 2 24.5548
      vertex 113.276 2 24.6074
    endloop
  endfacet
  facet normal 0 1 0
    outer loop
      vertex 114.225 2 24.4825
      vertex 113.122 2 24.5548
      vertex 114.078 2 24.5548
    endloop
  endfacet
  facet normal 0 1 0
    outer loop
      vertex 114.225 2 24.4825
      vertex 112.975 2 24.4825
      vertex 113.122 2 24.5548
    endloop
  endfacet
  facet normal 0 1 0
    outer loop
      vertex 114.361 2 24.3917
      vertex 112.975 2 24.4825
      vertex 114.225 2 24.4825
    endloop
  endfacet
  facet normal 0 1 0
    outer loop
      vertex 114.361 2 24.3917
      vertex 112.839 2 24.3917
      vertex 112.975 2 24.4825
    endloop
  endfacet
  facet normal 0 1 0
    outer loop
      vertex 114.484 2 24.2839
      vertex 112.839 2 24.3917
      vertex 114.361 2 24.3917
    endloop
  endfacet
  facet normal 0 1 0
    outer loop
      vertex 114.484 2 24.2839
      vertex 112.716 2 24.2839
      vertex 112.839 2 24.3917
    endloop
  endfacet
  facet normal 0 1 0
    outer loop
      vertex 114.592 2 24.161
      vertex 112.716 2 24.2839
      vertex 114.484 2 24.2839
    endloop
  endfacet
  facet normal 0 1 0
    outer loop
      vertex 114.592 2 24.161
      vertex 112.608 2 24.161
      vertex 112.716 2 24.2839
    endloop
  endfacet
  facet normal 0 1 0
    outer loop
      vertex 114.683 2 24.025
      vertex 112.608 2 24.161
      vertex 114.592 2 24.161
    endloop
  endfacet
  facet normal 0 1 0
    outer loop
      vertex 114.683 2 24.025
      vertex 112.517 2 24.025
      vertex 112.608 2 24.161
    endloop
  endfacet
  facet normal 0 1 0
    outer loop
      vertex 114.755 2 23.8784
      vertex 112.517 2 24.025
      vertex 114.683 2 24.025
    endloop
  endfacet
  facet normal 0 1 0
    outer loop
      vertex 114.755 2 23.8784
      vertex 112.445 2 23.8784
      vertex 112.517 2 24.025
    endloop
  endfacet
  facet normal 0 1 0
    outer loop
      vertex 114.807 2 23.7235
      vertex 112.445 2 23.8784
      vertex 114.755 2 23.8784
    endloop
  endfacet
  facet normal 0 1 0
    outer loop
      vertex 114.807 2 23.7235
      vertex 112.393 2 23.7235
      vertex 112.445 2 23.8784
    endloop
  endfacet
  facet normal 0 1 0
    outer loop
      vertex 114.839 2 23.5632
      vertex 112.393 2 23.7235
      vertex 114.807 2 23.7235
    endloop
  endfacet
  facet normal 0 1 0
    outer loop
      vertex 114.839 2 23.5632
      vertex 112.361 2 23.5632
      vertex 112.393 2 23.7235
    endloop
  endfacet
  facet normal 0 1 0
    outer loop
      vertex 114.85 2 23.4
      vertex 112.361 2 23.5632
      vertex 114.839 2 23.5632
    endloop
  endfacet
  facet normal 0 1 0
    outer loop
      vertex 114.85 2 23.4
      vertex 112.35 2 23.4
      vertex 112.361 2 23.5632
    endloop
  endfacet
  facet normal 0 1 -0
    outer loop
      vertex 114.839 2 23.2368
      vertex 112.35 2 23.4
      vertex 114.85 2 23.4
    endloop
  endfacet
  facet normal 0 1 0
    outer loop
      vertex 114.839 2 23.2368
      vertex 112.361 2 23.2368
      vertex 112.35 2 23.4
    endloop
  endfacet
  facet normal 0 1 -0
    outer loop
      vertex 114.807 2 23.0765
      vertex 112.361 2 23.2368
      vertex 114.839 2 23.2368
    endloop
  endfacet
  facet normal 0 1 0
    outer loop
      vertex 114.807 2 23.0765
      vertex 112.393 2 23.0765
      vertex 112.361 2 23.2368
    endloop
  endfacet
  facet normal 0 1 -0
    outer loop
      vertex 114.755 2 22.9216
      vertex 112.393 2 23.0765
      vertex 114.807 2 23.0765
    endloop
  endfacet
  facet normal 0 1 0
    outer loop
      vertex 114.755 2 22.9216
      vertex 112.445 2 22.9216
      vertex 112.393 2 23.0765
    endloop
  endfacet
  facet normal 0 1 -0
    outer loop
      vertex 114.683 2 22.775
      vertex 112.445 2 22.9216
      vertex 114.755 2 22.9216
    endloop
  endfacet
  facet normal 0 1 0
    outer loop
      vertex 114.683 2 22.775
      vertex 112.517 2 22.775
      vertex 112.445 2 22.9216
    endloop
  endfacet
  facet normal 0 1 -0
    outer loop
      vertex 114.592 2 22.639
      vertex 112.517 2 22.775
      vertex 114.683 2 22.775
    endloop
  endfacet
  facet normal 0 1 0
    outer loop
      vertex 114.592 2 22.639
      vertex 112.608 2 22.639
      vertex 112.517 2 22.775
    endloop
  endfacet
  facet normal 0 1 -0
    outer loop
      vertex 114.484 2 22.5161
      vertex 112.608 2 22.639
      vertex 114.592 2 22.639
    endloop
  endfacet
  facet normal 0 1 0
    outer loop
      vertex 114.484 2 22.5161
      vertex 112.716 2 22.5161
      vertex 112.608 2 22.639
    endloop
  endfacet
  facet normal 0 1 -0
    outer loop
      vertex 114.361 2 22.4083
      vertex 112.716 2 22.5161
      vertex 114.484 2 22.5161
    endloop
  endfacet
  facet normal 0 1 0
    outer loop
      vertex 114.361 2 22.4083
      vertex 112.839 2 22.4083
      vertex 112.716 2 22.5161
    endloop
  endfacet
  facet normal 0 1 -0
    outer loop
      vertex 114.225 2 22.3175
      vertex 112.839 2 22.4083
      vertex 114.361 2 22.4083
    endloop
  endfacet
  facet normal 0 1 0
    outer loop
      vertex 114.225 2 22.3175
      vertex 112.975 2 22.3175
      vertex 112.839 2 22.4083
    endloop
  endfacet
  facet normal 0 1 -0
    outer loop
      vertex 114.078 2 22.2452
      vertex 112.975 2 22.3175
      vertex 114.225 2 22.3175
    endloop
  endfacet
  facet normal 0 1 0
    outer loop
      vertex 114.078 2 22.2452
      vertex 113.122 2 22.2452
      vertex 112.975 2 22.3175
    endloop
  endfacet
  facet normal 0 1 -0
    outer loop
      vertex 113.924 2 22.1926
      vertex 113.122 2 22.2452
      vertex 114.078 2 22.2452
    endloop
  endfacet
  facet normal 0 1 0
    outer loop
      vertex 113.924 2 22.1926
      vertex 113.276 2 22.1926
      vertex 113.122 2 22.2452
    endloop
  endfacet
  facet normal 0 1 -0
    outer loop
      vertex 113.763 2 22.1607
      vertex 113.276 2 22.1926
      vertex 113.924 2 22.1926
    endloop
  endfacet
  facet normal 0 1 0
    outer loop
      vertex 113.763 2 22.1607
      vertex 113.437 2 22.1607
      vertex 113.276 2 22.1926
    endloop
  endfacet
  facet normal -0 1 0
    outer loop
      vertex 113.437 2 22.1607
      vertex 113.763 2 22.1607
      vertex 113.6 2 22.15
    endloop
  endfacet
  facet normal -0.194358 0 -0.980931
    outer loop
      vertex 113.763 2 24.6393
      vertex 113.924 9 24.6074
      vertex 113.924 2 24.6074
    endloop
  endfacet
  facet normal -0.194358 0 -0.980931
    outer loop
      vertex 113.924 9 24.6074
      vertex 113.763 2 24.6393
      vertex 113.763 9 24.6393
    endloop
  endfacet
  facet normal -0.441344 0 -0.897338
    outer loop
      vertex 114.078 2 24.5548
      vertex 114.225 9 24.4825
      vertex 114.225 2 24.4825
    endloop
  endfacet
  facet normal -0.441344 0 -0.897338
    outer loop
      vertex 114.225 9 24.4825
      vertex 114.078 2 24.5548
      vertex 114.078 9 24.5548
    endloop
  endfacet
  facet normal -0.897588 0 -0.440835
    outer loop
      vertex 114.755 2 23.8784
      vertex 114.683 9 24.025
      vertex 114.755 9 23.8784
    endloop
  endfacet
  facet normal -0.897588 -0 -0.440835
    outer loop
      vertex 114.683 9 24.025
      vertex 114.755 2 23.8784
      vertex 114.683 2 24.025
    endloop
  endfacet
  facet normal -0.948008 0 -0.318247
    outer loop
      vertex 114.807 2 23.7235
      vertex 114.755 9 23.8784
      vertex 114.807 9 23.7235
    endloop
  endfacet
  facet normal -0.948008 -0 -0.318247
    outer loop
      vertex 114.755 9 23.8784
      vertex 114.807 2 23.7235
      vertex 114.755 2 23.8784
    endloop
  endfacet
  facet normal -0.751174 0 -0.660104
    outer loop
      vertex 114.592 2 24.161
      vertex 114.484 9 24.2839
      vertex 114.592 9 24.161
    endloop
  endfacet
  facet normal -0.751174 -0 -0.660104
    outer loop
      vertex 114.484 9 24.2839
      vertex 114.592 2 24.161
      vertex 114.484 2 24.2839
    endloop
  endfacet
  facet normal 0.323224 0 -0.946322
    outer loop
      vertex 113.122 2 24.5548
      vertex 113.276 9 24.6074
      vertex 113.276 2 24.6074
    endloop
  endfacet
  facet normal 0.323224 0 -0.946322
    outer loop
      vertex 113.276 9 24.6074
      vertex 113.122 2 24.5548
      vertex 113.122 9 24.5548
    endloop
  endfacet
  facet normal 0.831109 0 -0.55611
    outer loop
      vertex 112.608 2 24.161
      vertex 112.517 9 24.025
      vertex 112.608 9 24.161
    endloop
  endfacet
  facet normal 0.831109 0 -0.55611
    outer loop
      vertex 112.517 9 24.025
      vertex 112.608 2 24.161
      vertex 112.517 2 24.025
    endloop
  endfacet
  facet normal -0.323224 0 -0.946322
    outer loop
      vertex 113.924 2 24.6074
      vertex 114.078 9 24.5548
      vertex 114.078 2 24.5548
    endloop
  endfacet
  facet normal -0.323224 0 -0.946322
    outer loop
      vertex 114.078 9 24.5548
      vertex 113.924 2 24.6074
      vertex 113.924 9 24.6074
    endloop
  endfacet
  facet normal -0.65911 0 -0.752046
    outer loop
      vertex 114.361 2 24.3917
      vertex 114.484 9 24.2839
      vertex 114.484 2 24.2839
    endloop
  endfacet
  facet normal -0.65911 0 -0.752046
    outer loop
      vertex 114.484 9 24.2839
      vertex 114.361 2 24.3917
      vertex 114.361 9 24.3917
    endloop
  endfacet
  facet normal -0.555265 0 -0.831674
    outer loop
      vertex 114.225 2 24.4825
      vertex 114.361 9 24.3917
      vertex 114.361 2 24.3917
    endloop
  endfacet
  facet normal -0.555265 0 -0.831674
    outer loop
      vertex 114.361 9 24.3917
      vertex 114.225 2 24.4825
      vertex 114.225 9 24.4825
    endloop
  endfacet
  facet normal 0.555265 0 -0.831674
    outer loop
      vertex 112.839 2 24.3917
      vertex 112.975 9 24.4825
      vertex 112.975 2 24.4825
    endloop
  endfacet
  facet normal 0.555265 0 -0.831674
    outer loop
      vertex 112.975 9 24.4825
      vertex 112.839 2 24.3917
      vertex 112.839 9 24.3917
    endloop
  endfacet
  facet normal 0.194358 0 -0.980931
    outer loop
      vertex 113.276 2 24.6074
      vertex 113.437 9 24.6393
      vertex 113.437 2 24.6393
    endloop
  endfacet
  facet normal 0.194358 0 -0.980931
    outer loop
      vertex 113.437 9 24.6393
      vertex 113.276 2 24.6074
      vertex 113.276 9 24.6074
    endloop
  endfacet
  facet normal 0.0655032 0 -0.997852
    outer loop
      vertex 113.437 2 24.6393
      vertex 113.6 9 24.65
      vertex 113.6 2 24.65
    endloop
  endfacet
  facet normal 0.0655032 0 -0.997852
    outer loop
      vertex 113.6 9 24.65
      vertex 113.437 2 24.6393
      vertex 113.437 9 24.6393
    endloop
  endfacet
  facet normal 0.948008 0 -0.318247
    outer loop
      vertex 112.445 2 23.8784
      vertex 112.393 9 23.7235
      vertex 112.445 9 23.8784
    endloop
  endfacet
  facet normal 0.948008 0 -0.318247
    outer loop
      vertex 112.393 9 23.7235
      vertex 112.445 2 23.8784
      vertex 112.393 2 23.7235
    endloop
  endfacet
  facet normal 0.980651 0 -0.195763
    outer loop
      vertex 112.393 2 23.7235
      vertex 112.361 9 23.5632
      vertex 112.393 9 23.7235
    endloop
  endfacet
  facet normal 0.980651 0 -0.195763
    outer loop
      vertex 112.361 9 23.5632
      vertex 112.393 2 23.7235
      vertex 112.361 2 23.5632
    endloop
  endfacet
  facet normal 0.997736 0 -0.0672494
    outer loop
      vertex 112.361 2 23.5632
      vertex 112.35 9 23.4
      vertex 112.361 9 23.5632
    endloop
  endfacet
  facet normal 0.997736 0 -0.0672494
    outer loop
      vertex 112.35 9 23.4
      vertex 112.361 2 23.5632
      vertex 112.35 2 23.4
    endloop
  endfacet
  facet normal 0.897588 0 -0.440835
    outer loop
      vertex 112.517 2 24.025
      vertex 112.445 9 23.8784
      vertex 112.517 9 24.025
    endloop
  endfacet
  facet normal 0.897588 0 -0.440835
    outer loop
      vertex 112.445 9 23.8784
      vertex 112.517 2 24.025
      vertex 112.445 2 23.8784
    endloop
  endfacet
  facet normal 0.751174 0 -0.660104
    outer loop
      vertex 112.716 2 24.2839
      vertex 112.608 9 24.161
      vertex 112.716 9 24.2839
    endloop
  endfacet
  facet normal 0.751174 0 -0.660104
    outer loop
      vertex 112.608 9 24.161
      vertex 112.716 2 24.2839
      vertex 112.608 2 24.161
    endloop
  endfacet
  facet normal 0.65911 0 -0.752046
    outer loop
      vertex 112.716 2 24.2839
      vertex 112.839 9 24.3917
      vertex 112.839 2 24.3917
    endloop
  endfacet
  facet normal 0.65911 0 -0.752046
    outer loop
      vertex 112.839 9 24.3917
      vertex 112.716 2 24.2839
      vertex 112.716 9 24.2839
    endloop
  endfacet
  facet normal 0.441344 0 -0.897338
    outer loop
      vertex 112.975 2 24.4825
      vertex 113.122 9 24.5548
      vertex 113.122 2 24.5548
    endloop
  endfacet
  facet normal 0.441344 0 -0.897338
    outer loop
      vertex 113.122 9 24.5548
      vertex 112.975 2 24.4825
      vertex 112.975 9 24.4825
    endloop
  endfacet
  facet normal -0.997736 0 0.0672494
    outer loop
      vertex 214.439 2 23.2368
      vertex 214.45 9 23.4
      vertex 214.439 9 23.2368
    endloop
  endfacet
  facet normal -0.997736 0 0.0672494
    outer loop
      vertex 214.45 9 23.4
      vertex 214.439 2 23.2368
      vertex 214.45 2 23.4
    endloop
  endfacet
  facet normal 0.0655032 0 0.997852
    outer loop
      vertex 213.037 9 22.1607
      vertex 213.2 2 22.15
      vertex 213.2 9 22.15
    endloop
  endfacet
  facet normal 0.0655032 0 0.997852
    outer loop
      vertex 213.2 2 22.15
      vertex 213.037 9 22.1607
      vertex 213.037 2 22.1607
    endloop
  endfacet
  facet normal -0.65911 0 0.752046
    outer loop
      vertex 213.961 9 22.4083
      vertex 214.084 2 22.5161
      vertex 214.084 9 22.5161
    endloop
  endfacet
  facet normal -0.65911 0 0.752046
    outer loop
      vertex 214.084 2 22.5161
      vertex 213.961 9 22.4083
      vertex 213.961 2 22.4083
    endloop
  endfacet
  facet normal 0.751174 -0 0.660104
    outer loop
      vertex 212.208 2 22.639
      vertex 212.316 9 22.5161
      vertex 212.208 9 22.639
    endloop
  endfacet
  facet normal 0.751174 0 0.660104
    outer loop
      vertex 212.316 9 22.5161
      vertex 212.208 2 22.639
      vertex 212.316 2 22.5161
    endloop
  endfacet
  facet normal 0.441344 0 0.897338
    outer loop
      vertex 212.575 9 22.3175
      vertex 212.722 2 22.2452
      vertex 212.722 9 22.2452
    endloop
  endfacet
  facet normal 0.441344 0 0.897338
    outer loop
      vertex 212.722 2 22.2452
      vertex 212.575 9 22.3175
      vertex 212.575 2 22.3175
    endloop
  endfacet
  facet normal -0.831109 0 -0.55611
    outer loop
      vertex 214.283 2 24.025
      vertex 214.192 9 24.161
      vertex 214.283 9 24.025
    endloop
  endfacet
  facet normal -0.831109 -0 -0.55611
    outer loop
      vertex 214.192 9 24.161
      vertex 214.283 2 24.025
      vertex 214.192 2 24.161
    endloop
  endfacet
  facet normal 0.751174 0 -0.660104
    outer loop
      vertex 212.316 2 24.2839
      vertex 212.208 9 24.161
      vertex 212.316 9 24.2839
    endloop
  endfacet
  facet normal 0.751174 0 -0.660104
    outer loop
      vertex 212.208 9 24.161
      vertex 212.316 2 24.2839
      vertex 212.208 2 24.161
    endloop
  endfacet
  facet normal -0.948008 0 0.318247
    outer loop
      vertex 214.355 2 22.9216
      vertex 214.407 9 23.0765
      vertex 214.355 9 22.9216
    endloop
  endfacet
  facet normal -0.948008 0 0.318247
    outer loop
      vertex 214.407 9 23.0765
      vertex 214.355 2 22.9216
      vertex 214.407 2 23.0765
    endloop
  endfacet
  facet normal -0.980651 0 0.195763
    outer loop
      vertex 214.407 2 23.0765
      vertex 214.439 9 23.2368
      vertex 214.407 9 23.0765
    endloop
  endfacet
  facet normal -0.980651 0 0.195763
    outer loop
      vertex 214.439 9 23.2368
      vertex 214.407 2 23.0765
      vertex 214.439 2 23.2368
    endloop
  endfacet
  facet normal -0.323224 0 0.946322
    outer loop
      vertex 213.524 9 22.1926
      vertex 213.678 2 22.2452
      vertex 213.678 9 22.2452
    endloop
  endfacet
  facet normal -0.323224 0 0.946322
    outer loop
      vertex 213.678 2 22.2452
      vertex 213.524 9 22.1926
      vertex 213.524 2 22.1926
    endloop
  endfacet
  facet normal -0.194358 0 0.980931
    outer loop
      vertex 213.363 9 22.1607
      vertex 213.524 2 22.1926
      vertex 213.524 9 22.1926
    endloop
  endfacet
  facet normal -0.194358 0 0.980931
    outer loop
      vertex 213.524 2 22.1926
      vertex 213.363 9 22.1607
      vertex 213.363 2 22.1607
    endloop
  endfacet
  facet normal -0.555265 0 0.831674
    outer loop
      vertex 213.825 9 22.3175
      vertex 213.961 2 22.4083
      vertex 213.961 9 22.4083
    endloop
  endfacet
  facet normal -0.555265 0 0.831674
    outer loop
      vertex 213.961 2 22.4083
      vertex 213.825 9 22.3175
      vertex 213.825 2 22.3175
    endloop
  endfacet
  facet normal 0.948008 -0 0.318247
    outer loop
      vertex 211.993 2 23.0765
      vertex 212.045 9 22.9216
      vertex 211.993 9 23.0765
    endloop
  endfacet
  facet normal 0.948008 0 0.318247
    outer loop
      vertex 212.045 9 22.9216
      vertex 211.993 2 23.0765
      vertex 212.045 2 22.9216
    endloop
  endfacet
  facet normal 0.897588 -0 0.440835
    outer loop
      vertex 212.045 2 22.9216
      vertex 212.117 9 22.775
      vertex 212.045 9 22.9216
    endloop
  endfacet
  facet normal 0.897588 0 0.440835
    outer loop
      vertex 212.117 9 22.775
      vertex 212.045 2 22.9216
      vertex 212.117 2 22.775
    endloop
  endfacet
  facet normal 0.980651 -0 0.195763
    outer loop
      vertex 211.961 2 23.2368
      vertex 211.993 9 23.0765
      vertex 211.961 9 23.2368
    endloop
  endfacet
  facet normal 0.980651 0 0.195763
    outer loop
      vertex 211.993 9 23.0765
      vertex 211.961 2 23.2368
      vertex 211.993 2 23.0765
    endloop
  endfacet
  facet normal 0.997736 0 -0.0672494
    outer loop
      vertex 211.961 2 23.5632
      vertex 211.95 9 23.4
      vertex 211.961 9 23.5632
    endloop
  endfacet
  facet normal 0.997736 0 -0.0672494
    outer loop
      vertex 211.95 9 23.4
      vertex 211.961 2 23.5632
      vertex 211.95 2 23.4
    endloop
  endfacet
  facet normal 0.555265 0 0.831674
    outer loop
      vertex 212.439 9 22.4083
      vertex 212.575 2 22.3175
      vertex 212.575 9 22.3175
    endloop
  endfacet
  facet normal 0.555265 0 0.831674
    outer loop
      vertex 212.575 2 22.3175
      vertex 212.439 9 22.4083
      vertex 212.439 2 22.4083
    endloop
  endfacet
  facet normal 0.194358 0 0.980931
    outer loop
      vertex 212.876 9 22.1926
      vertex 213.037 2 22.1607
      vertex 213.037 9 22.1607
    endloop
  endfacet
  facet normal 0.194358 0 0.980931
    outer loop
      vertex 213.037 2 22.1607
      vertex 212.876 9 22.1926
      vertex 212.876 2 22.1926
    endloop
  endfacet
  facet normal -0.997736 0 -0.0672494
    outer loop
      vertex 214.45 2 23.4
      vertex 214.439 9 23.5632
      vertex 214.45 9 23.4
    endloop
  endfacet
  facet normal -0.997736 -0 -0.0672494
    outer loop
      vertex 214.439 9 23.5632
      vertex 214.45 2 23.4
      vertex 214.439 2 23.5632
    endloop
  endfacet
  facet normal 0.555265 0 -0.831674
    outer loop
      vertex 212.439 2 24.3917
      vertex 212.575 9 24.4825
      vertex 212.575 2 24.4825
    endloop
  endfacet
  facet normal 0.555265 0 -0.831674
    outer loop
      vertex 212.575 9 24.4825
      vertex 212.439 2 24.3917
      vertex 212.439 9 24.3917
    endloop
  endfacet
  facet normal 0.194358 0 -0.980931
    outer loop
      vertex 212.876 2 24.6074
      vertex 213.037 9 24.6393
      vertex 213.037 2 24.6393
    endloop
  endfacet
  facet normal 0.194358 0 -0.980931
    outer loop
      vertex 213.037 9 24.6393
      vertex 212.876 2 24.6074
      vertex 212.876 9 24.6074
    endloop
  endfacet
  facet normal 0.948008 0 -0.318247
    outer loop
      vertex 212.045 2 23.8784
      vertex 211.993 9 23.7235
      vertex 212.045 9 23.8784
    endloop
  endfacet
  facet normal 0.948008 0 -0.318247
    outer loop
      vertex 211.993 9 23.7235
      vertex 212.045 2 23.8784
      vertex 211.993 2 23.7235
    endloop
  endfacet
  facet normal 0.831109 0 -0.55611
    outer loop
      vertex 212.208 2 24.161
      vertex 212.117 9 24.025
      vertex 212.208 9 24.161
    endloop
  endfacet
  facet normal 0.831109 0 -0.55611
    outer loop
      vertex 212.117 9 24.025
      vertex 212.208 2 24.161
      vertex 212.117 2 24.025
    endloop
  endfacet
  facet normal -0.897588 0 0.440835
    outer loop
      vertex 214.283 2 22.775
      vertex 214.355 9 22.9216
      vertex 214.283 9 22.775
    endloop
  endfacet
  facet normal -0.897588 0 0.440835
    outer loop
      vertex 214.355 9 22.9216
      vertex 214.283 2 22.775
      vertex 214.355 2 22.9216
    endloop
  endfacet
  facet normal -0.831109 0 0.55611
    outer loop
      vertex 214.192 2 22.639
      vertex 214.283 9 22.775
      vertex 214.192 9 22.639
    endloop
  endfacet
  facet normal -0.831109 0 0.55611
    outer loop
      vertex 214.283 9 22.775
      vertex 214.192 2 22.639
      vertex 214.283 2 22.775
    endloop
  endfacet
  facet normal -0.751174 0 0.660104
    outer loop
      vertex 214.084 2 22.5161
      vertex 214.192 9 22.639
      vertex 214.084 9 22.5161
    endloop
  endfacet
  facet normal -0.751174 0 0.660104
    outer loop
      vertex 214.192 9 22.639
      vertex 214.084 2 22.5161
      vertex 214.192 2 22.639
    endloop
  endfacet
  facet normal -0.0655032 0 0.997852
    outer loop
      vertex 213.2 9 22.15
      vertex 213.363 2 22.1607
      vertex 213.363 9 22.1607
    endloop
  endfacet
  facet normal -0.0655032 0 0.997852
    outer loop
      vertex 213.363 2 22.1607
      vertex 213.2 9 22.15
      vertex 213.2 2 22.15
    endloop
  endfacet
  facet normal -0.441344 0 0.897338
    outer loop
      vertex 213.678 9 22.2452
      vertex 213.825 2 22.3175
      vertex 213.825 9 22.3175
    endloop
  endfacet
  facet normal -0.441344 0 0.897338
    outer loop
      vertex 213.825 2 22.3175
      vertex 213.678 9 22.2452
      vertex 213.678 2 22.2452
    endloop
  endfacet
  facet normal 0 1 0
    outer loop
      vertex 213.363 2 24.6393
      vertex 213.037 2 24.6393
      vertex 213.2 2 24.65
    endloop
  endfacet
  facet normal 0 1 0
    outer loop
      vertex 213.524 2 24.6074
      vertex 213.037 2 24.6393
      vertex 213.363 2 24.6393
    endloop
  endfacet
  facet normal 0 1 0
    outer loop
      vertex 213.524 2 24.6074
      vertex 212.876 2 24.6074
      vertex 213.037 2 24.6393
    endloop
  endfacet
  facet normal 0 1 0
    outer loop
      vertex 213.678 2 24.5548
      vertex 212.876 2 24.6074
      vertex 213.524 2 24.6074
    endloop
  endfacet
  facet normal 0 1 0
    outer loop
      vertex 213.678 2 24.5548
      vertex 212.722 2 24.5548
      vertex 212.876 2 24.6074
    endloop
  endfacet
  facet normal 0 1 0
    outer loop
      vertex 213.825 2 24.4825
      vertex 212.722 2 24.5548
      vertex 213.678 2 24.5548
    endloop
  endfacet
  facet normal 0 1 0
    outer loop
      vertex 213.825 2 24.4825
      vertex 212.575 2 24.4825
      vertex 212.722 2 24.5548
    endloop
  endfacet
  facet normal 0 1 0
    outer loop
      vertex 213.961 2 24.3917
      vertex 212.575 2 24.4825
      vertex 213.825 2 24.4825
    endloop
  endfacet
  facet normal 0 1 0
    outer loop
      vertex 213.961 2 24.3917
      vertex 212.439 2 24.3917
      vertex 212.575 2 24.4825
    endloop
  endfacet
  facet normal 0 1 0
    outer loop
      vertex 214.084 2 24.2839
      vertex 212.439 2 24.3917
      vertex 213.961 2 24.3917
    endloop
  endfacet
  facet normal 0 1 0
    outer loop
      vertex 214.084 2 24.2839
      vertex 212.316 2 24.2839
      vertex 212.439 2 24.3917
    endloop
  endfacet
  facet normal 0 1 0
    outer loop
      vertex 214.192 2 24.161
      vertex 212.316 2 24.2839
      vertex 214.084 2 24.2839
    endloop
  endfacet
  facet normal 0 1 0
    outer loop
      vertex 214.192 2 24.161
      vertex 212.208 2 24.161
      vertex 212.316 2 24.2839
    endloop
  endfacet
  facet normal 0 1 0
    outer loop
      vertex 214.283 2 24.025
      vertex 212.208 2 24.161
      vertex 214.192 2 24.161
    endloop
  endfacet
  facet normal 0 1 0
    outer loop
      vertex 214.283 2 24.025
      vertex 212.117 2 24.025
      vertex 212.208 2 24.161
    endloop
  endfacet
  facet normal 0 1 0
    outer loop
      vertex 214.355 2 23.8784
      vertex 212.117 2 24.025
      vertex 214.283 2 24.025
    endloop
  endfacet
  facet normal 0 1 0
    outer loop
      vertex 214.355 2 23.8784
      vertex 212.045 2 23.8784
      vertex 212.117 2 24.025
    endloop
  endfacet
  facet normal 0 1 0
    outer loop
      vertex 214.407 2 23.7235
      vertex 212.045 2 23.8784
      vertex 214.355 2 23.8784
    endloop
  endfacet
  facet normal 0 1 0
    outer loop
      vertex 214.407 2 23.7235
      vertex 211.993 2 23.7235
      vertex 212.045 2 23.8784
    endloop
  endfacet
  facet normal 0 1 0
    outer loop
      vertex 214.439 2 23.5632
      vertex 211.993 2 23.7235
      vertex 214.407 2 23.7235
    endloop
  endfacet
  facet normal 0 1 0
    outer loop
      vertex 214.439 2 23.5632
      vertex 211.961 2 23.5632
      vertex 211.993 2 23.7235
    endloop
  endfacet
  facet normal 0 1 0
    outer loop
      vertex 214.45 2 23.4
      vertex 211.961 2 23.5632
      vertex 214.439 2 23.5632
    endloop
  endfacet
  facet normal 0 1 0
    outer loop
      vertex 214.45 2 23.4
      vertex 211.95 2 23.4
      vertex 211.961 2 23.5632
    endloop
  endfacet
  facet normal 0 1 -0
    outer loop
      vertex 214.439 2 23.2368
      vertex 211.95 2 23.4
      vertex 214.45 2 23.4
    endloop
  endfacet
  facet normal 0 1 0
    outer loop
      vertex 214.439 2 23.2368
      vertex 211.961 2 23.2368
      vertex 211.95 2 23.4
    endloop
  endfacet
  facet normal 0 1 -0
    outer loop
      vertex 214.407 2 23.0765
      vertex 211.961 2 23.2368
      vertex 214.439 2 23.2368
    endloop
  endfacet
  facet normal 0 1 0
    outer loop
      vertex 214.407 2 23.0765
      vertex 211.993 2 23.0765
      vertex 211.961 2 23.2368
    endloop
  endfacet
  facet normal 0 1 -0
    outer loop
      vertex 214.355 2 22.9216
      vertex 211.993 2 23.0765
      vertex 214.407 2 23.0765
    endloop
  endfacet
  facet normal 0 1 0
    outer loop
      vertex 214.355 2 22.9216
      vertex 212.045 2 22.9216
      vertex 211.993 2 23.0765
    endloop
  endfacet
  facet normal 0 1 -0
    outer loop
      vertex 214.283 2 22.775
      vertex 212.045 2 22.9216
      vertex 214.355 2 22.9216
    endloop
  endfacet
  facet normal 0 1 0
    outer loop
      vertex 214.283 2 22.775
      vertex 212.117 2 22.775
      vertex 212.045 2 22.9216
    endloop
  endfacet
  facet normal 0 1 -0
    outer loop
      vertex 214.192 2 22.639
      vertex 212.117 2 22.775
      vertex 214.283 2 22.775
    endloop
  endfacet
  facet normal 0 1 0
    outer loop
      vertex 214.192 2 22.639
      vertex 212.208 2 22.639
      vertex 212.117 2 22.775
    endloop
  endfacet
  facet normal 0 1 -0
    outer loop
      vertex 214.084 2 22.5161
      vertex 212.208 2 22.639
      vertex 214.192 2 22.639
    endloop
  endfacet
  facet normal 0 1 0
    outer loop
      vertex 214.084 2 22.5161
      vertex 212.316 2 22.5161
      vertex 212.208 2 22.639
    endloop
  endfacet
  facet normal 0 1 -0
    outer loop
      vertex 213.961 2 22.4083
      vertex 212.316 2 22.5161
      vertex 214.084 2 22.5161
    endloop
  endfacet
  facet normal 0 1 0
    outer loop
      vertex 213.961 2 22.4083
      vertex 212.439 2 22.4083
      vertex 212.316 2 22.5161
    endloop
  endfacet
  facet normal 0 1 -0
    outer loop
      vertex 213.825 2 22.3175
      vertex 212.439 2 22.4083
      vertex 213.961 2 22.4083
    endloop
  endfacet
  facet normal 0 1 0
    outer loop
      vertex 213.825 2 22.3175
      vertex 212.575 2 22.3175
      vertex 212.439 2 22.4083
    endloop
  endfacet
  facet normal 0 1 -0
    outer loop
      vertex 213.678 2 22.2452
      vertex 212.575 2 22.3175
      vertex 213.825 2 22.3175
    endloop
  endfacet
  facet normal 0 1 0
    outer loop
      vertex 213.678 2 22.2452
      vertex 212.722 2 22.2452
      vertex 212.575 2 22.3175
    endloop
  endfacet
  facet normal 0 1 -0
    outer loop
      vertex 213.524 2 22.1926
      vertex 212.722 2 22.2452
      vertex 213.678 2 22.2452
    endloop
  endfacet
  facet normal 0 1 0
    outer loop
      vertex 213.524 2 22.1926
      vertex 212.876 2 22.1926
      vertex 212.722 2 22.2452
    endloop
  endfacet
  facet normal 0 1 -0
    outer loop
      vertex 213.363 2 22.1607
      vertex 212.876 2 22.1926
      vertex 213.524 2 22.1926
    endloop
  endfacet
  facet normal 0 1 0
    outer loop
      vertex 213.363 2 22.1607
      vertex 213.037 2 22.1607
      vertex 212.876 2 22.1926
    endloop
  endfacet
  facet normal -0 1 0
    outer loop
      vertex 213.037 2 22.1607
      vertex 213.363 2 22.1607
      vertex 213.2 2 22.15
    endloop
  endfacet
  facet normal 0.997736 -0 0.0672494
    outer loop
      vertex 211.95 2 23.4
      vertex 211.961 9 23.2368
      vertex 211.95 9 23.4
    endloop
  endfacet
  facet normal 0.997736 0 0.0672494
    outer loop
      vertex 211.961 9 23.2368
      vertex 211.95 2 23.4
      vertex 211.961 2 23.2368
    endloop
  endfacet
  facet normal 0.65911 0 0.752046
    outer loop
      vertex 212.316 9 22.5161
      vertex 212.439 2 22.4083
      vertex 212.439 9 22.4083
    endloop
  endfacet
  facet normal 0.65911 0 0.752046
    outer loop
      vertex 212.439 2 22.4083
      vertex 212.316 9 22.5161
      vertex 212.316 2 22.5161
    endloop
  endfacet
  facet normal 0.323224 0 0.946322
    outer loop
      vertex 212.722 9 22.2452
      vertex 212.876 2 22.1926
      vertex 212.876 9 22.1926
    endloop
  endfacet
  facet normal 0.323224 0 0.946322
    outer loop
      vertex 212.876 2 22.1926
      vertex 212.722 9 22.2452
      vertex 212.722 2 22.2452
    endloop
  endfacet
  facet normal -0.441344 0 -0.897338
    outer loop
      vertex 213.678 2 24.5548
      vertex 213.825 9 24.4825
      vertex 213.825 2 24.4825
    endloop
  endfacet
  facet normal -0.441344 0 -0.897338
    outer loop
      vertex 213.825 9 24.4825
      vertex 213.678 2 24.5548
      vertex 213.678 9 24.5548
    endloop
  endfacet
  facet normal -0.194358 0 -0.980931
    outer loop
      vertex 213.363 2 24.6393
      vertex 213.524 9 24.6074
      vertex 213.524 2 24.6074
    endloop
  endfacet
  facet normal -0.194358 0 -0.980931
    outer loop
      vertex 213.524 9 24.6074
      vertex 213.363 2 24.6393
      vertex 213.363 9 24.6393
    endloop
  endfacet
  facet normal -0.323224 0 -0.946322
    outer loop
      vertex 213.524 2 24.6074
      vertex 213.678 9 24.5548
      vertex 213.678 2 24.5548
    endloop
  endfacet
  facet normal -0.323224 0 -0.946322
    outer loop
      vertex 213.678 9 24.5548
      vertex 213.524 2 24.6074
      vertex 213.524 9 24.6074
    endloop
  endfacet
  facet normal -0.555265 0 -0.831674
    outer loop
      vertex 213.825 2 24.4825
      vertex 213.961 9 24.3917
      vertex 213.961 2 24.3917
    endloop
  endfacet
  facet normal -0.555265 0 -0.831674
    outer loop
      vertex 213.961 9 24.3917
      vertex 213.825 2 24.4825
      vertex 213.825 9 24.4825
    endloop
  endfacet
  facet normal -0.751174 0 -0.660104
    outer loop
      vertex 214.192 2 24.161
      vertex 214.084 9 24.2839
      vertex 214.192 9 24.161
    endloop
  endfacet
  facet normal -0.751174 -0 -0.660104
    outer loop
      vertex 214.084 9 24.2839
      vertex 214.192 2 24.161
      vertex 214.084 2 24.2839
    endloop
  endfacet
  facet normal -0.980651 0 -0.195763
    outer loop
      vertex 214.439 2 23.5632
      vertex 214.407 9 23.7235
      vertex 214.439 9 23.5632
    endloop
  endfacet
  facet normal -0.980651 -0 -0.195763
    outer loop
      vertex 214.407 9 23.7235
      vertex 214.439 2 23.5632
      vertex 214.407 2 23.7235
    endloop
  endfacet
  facet normal 0.0655032 0 -0.997852
    outer loop
      vertex 213.037 2 24.6393
      vertex 213.2 9 24.65
      vertex 213.2 2 24.65
    endloop
  endfacet
  facet normal 0.0655032 0 -0.997852
    outer loop
      vertex 213.2 9 24.65
      vertex 213.037 2 24.6393
      vertex 213.037 9 24.6393
    endloop
  endfacet
  facet normal 0.441344 0 -0.897338
    outer loop
      vertex 212.575 2 24.4825
      vertex 212.722 9 24.5548
      vertex 212.722 2 24.5548
    endloop
  endfacet
  facet normal 0.441344 0 -0.897338
    outer loop
      vertex 212.722 9 24.5548
      vertex 212.575 2 24.4825
      vertex 212.575 9 24.4825
    endloop
  endfacet
  facet normal -0.0655032 0 -0.997852
    outer loop
      vertex 213.2 2 24.65
      vertex 213.363 9 24.6393
      vertex 213.363 2 24.6393
    endloop
  endfacet
  facet normal -0.0655032 0 -0.997852
    outer loop
      vertex 213.363 9 24.6393
      vertex 213.2 2 24.65
      vertex 213.2 9 24.65
    endloop
  endfacet
  facet normal 0.65911 0 -0.752046
    outer loop
      vertex 212.316 2 24.2839
      vertex 212.439 9 24.3917
      vertex 212.439 2 24.3917
    endloop
  endfacet
  facet normal 0.65911 0 -0.752046
    outer loop
      vertex 212.439 9 24.3917
      vertex 212.316 2 24.2839
      vertex 212.316 9 24.2839
    endloop
  endfacet
  facet normal 0.897588 0 -0.440835
    outer loop
      vertex 212.117 2 24.025
      vertex 212.045 9 23.8784
      vertex 212.117 9 24.025
    endloop
  endfacet
  facet normal 0.897588 0 -0.440835
    outer loop
      vertex 212.045 9 23.8784
      vertex 212.117 2 24.025
      vertex 212.045 2 23.8784
    endloop
  endfacet
  facet normal 0.980651 0 -0.195763
    outer loop
      vertex 211.993 2 23.7235
      vertex 211.961 9 23.5632
      vertex 211.993 9 23.7235
    endloop
  endfacet
  facet normal 0.980651 0 -0.195763
    outer loop
      vertex 211.961 9 23.5632
      vertex 211.993 2 23.7235
      vertex 211.961 2 23.5632
    endloop
  endfacet
  facet normal 0.831109 -0 0.55611
    outer loop
      vertex 212.117 2 22.775
      vertex 212.208 9 22.639
      vertex 212.117 9 22.775
    endloop
  endfacet
  facet normal 0.831109 0 0.55611
    outer loop
      vertex 212.208 9 22.639
      vertex 212.117 2 22.775
      vertex 212.208 2 22.639
    endloop
  endfacet
  facet normal -0.65911 0 -0.752046
    outer loop
      vertex 213.961 2 24.3917
      vertex 214.084 9 24.2839
      vertex 214.084 2 24.2839
    endloop
  endfacet
  facet normal -0.65911 0 -0.752046
    outer loop
      vertex 214.084 9 24.2839
      vertex 213.961 2 24.3917
      vertex 213.961 9 24.3917
    endloop
  endfacet
  facet normal -0.897588 0 -0.440835
    outer loop
      vertex 214.355 2 23.8784
      vertex 214.283 9 24.025
      vertex 214.355 9 23.8784
    endloop
  endfacet
  facet normal -0.897588 -0 -0.440835
    outer loop
      vertex 214.283 9 24.025
      vertex 214.355 2 23.8784
      vertex 214.283 2 24.025
    endloop
  endfacet
  facet normal 0.323224 0 -0.946322
    outer loop
      vertex 212.722 2 24.5548
      vertex 212.876 9 24.6074
      vertex 212.876 2 24.6074
    endloop
  endfacet
  facet normal 0.323224 0 -0.946322
    outer loop
      vertex 212.876 9 24.6074
      vertex 212.722 2 24.5548
      vertex 212.722 9 24.5548
    endloop
  endfacet
  facet normal -0.948008 0 -0.318247
    outer loop
      vertex 214.407 2 23.7235
      vertex 214.355 9 23.8784
      vertex 214.407 9 23.7235
    endloop
  endfacet
  facet normal -0.948008 -0 -0.318247
    outer loop
      vertex 214.355 9 23.8784
      vertex 214.407 2 23.7235
      vertex 214.355 2 23.8784
    endloop
  endfacet
  facet normal -0.897588 0 0.440835
    outer loop
      vertex 313.883 2 22.775
      vertex 313.955 9 22.9216
      vertex 313.883 9 22.775
    endloop
  endfacet
  facet normal -0.897588 0 0.440835
    outer loop
      vertex 313.955 9 22.9216
      vertex 313.883 2 22.775
      vertex 313.955 2 22.9216
    endloop
  endfacet
  facet normal -0.831109 0 0.55611
    outer loop
      vertex 313.792 2 22.639
      vertex 313.883 9 22.775
      vertex 313.792 9 22.639
    endloop
  endfacet
  facet normal -0.831109 0 0.55611
    outer loop
      vertex 313.883 9 22.775
      vertex 313.792 2 22.639
      vertex 313.883 2 22.775
    endloop
  endfacet
  facet normal -0.194358 0 0.980931
    outer loop
      vertex 312.963 9 22.1607
      vertex 313.124 2 22.1926
      vertex 313.124 9 22.1926
    endloop
  endfacet
  facet normal -0.194358 0 0.980931
    outer loop
      vertex 313.124 2 22.1926
      vertex 312.963 9 22.1607
      vertex 312.963 2 22.1607
    endloop
  endfacet
  facet normal -0.323224 0 0.946322
    outer loop
      vertex 313.124 9 22.1926
      vertex 313.278 2 22.2452
      vertex 313.278 9 22.2452
    endloop
  endfacet
  facet normal -0.323224 0 0.946322
    outer loop
      vertex 313.278 2 22.2452
      vertex 313.124 9 22.1926
      vertex 313.124 2 22.1926
    endloop
  endfacet
  facet normal 0.441344 0 0.897338
    outer loop
      vertex 312.175 9 22.3175
      vertex 312.322 2 22.2452
      vertex 312.322 9 22.2452
    endloop
  endfacet
  facet normal 0.441344 0 0.897338
    outer loop
      vertex 312.322 2 22.2452
      vertex 312.175 9 22.3175
      vertex 312.175 2 22.3175
    endloop
  endfacet
  facet normal 0.897588 -0 0.440835
    outer loop
      vertex 311.645 2 22.9216
      vertex 311.717 9 22.775
      vertex 311.645 9 22.9216
    endloop
  endfacet
  facet normal 0.897588 0 0.440835
    outer loop
      vertex 311.717 9 22.775
      vertex 311.645 2 22.9216
      vertex 311.717 2 22.775
    endloop
  endfacet
  facet normal -0.997736 0 -0.0672494
    outer loop
      vertex 314.05 2 23.4
      vertex 314.039 9 23.5632
      vertex 314.05 9 23.4
    endloop
  endfacet
  facet normal -0.997736 -0 -0.0672494
    outer loop
      vertex 314.039 9 23.5632
      vertex 314.05 2 23.4
      vertex 314.039 2 23.5632
    endloop
  endfacet
  facet normal -0.555265 0 0.831674
    outer loop
      vertex 313.425 9 22.3175
      vertex 313.561 2 22.4083
      vertex 313.561 9 22.4083
    endloop
  endfacet
  facet normal -0.555265 0 0.831674
    outer loop
      vertex 313.561 2 22.4083
      vertex 313.425 9 22.3175
      vertex 313.425 2 22.3175
    endloop
  endfacet
  facet normal 0.980651 -0 0.195763
    outer loop
      vertex 311.561 2 23.2368
      vertex 311.593 9 23.0765
      vertex 311.561 9 23.2368
    endloop
  endfacet
  facet normal 0.980651 0 0.195763
    outer loop
      vertex 311.593 9 23.0765
      vertex 311.561 2 23.2368
      vertex 311.593 2 23.0765
    endloop
  endfacet
  facet normal 0.831109 -0 0.55611
    outer loop
      vertex 311.717 2 22.775
      vertex 311.808 9 22.639
      vertex 311.717 9 22.775
    endloop
  endfacet
  facet normal 0.831109 0 0.55611
    outer loop
      vertex 311.808 9 22.639
      vertex 311.717 2 22.775
      vertex 311.808 2 22.639
    endloop
  endfacet
  facet normal 0.323224 0 0.946322
    outer loop
      vertex 312.322 9 22.2452
      vertex 312.476 2 22.1926
      vertex 312.476 9 22.1926
    endloop
  endfacet
  facet normal 0.323224 0 0.946322
    outer loop
      vertex 312.476 2 22.1926
      vertex 312.322 9 22.2452
      vertex 312.322 2 22.2452
    endloop
  endfacet
  facet normal 0.751174 -0 0.660104
    outer loop
      vertex 311.808 2 22.639
      vertex 311.916 9 22.5161
      vertex 311.808 9 22.639
    endloop
  endfacet
  facet normal 0.751174 0 0.660104
    outer loop
      vertex 311.916 9 22.5161
      vertex 311.808 2 22.639
      vertex 311.916 2 22.5161
    endloop
  endfacet
  facet normal -0.555265 0 -0.831674
    outer loop
      vertex 313.425 2 24.4825
      vertex 313.561 9 24.3917
      vertex 313.561 2 24.3917
    endloop
  endfacet
  facet normal -0.555265 0 -0.831674
    outer loop
      vertex 313.561 9 24.3917
      vertex 313.425 2 24.4825
      vertex 313.425 9 24.4825
    endloop
  endfacet
  facet normal -0.948008 0 -0.318247
    outer loop
      vertex 314.007 2 23.7235
      vertex 313.955 9 23.8784
      vertex 314.007 9 23.7235
    endloop
  endfacet
  facet normal -0.948008 -0 -0.318247
    outer loop
      vertex 313.955 9 23.8784
      vertex 314.007 2 23.7235
      vertex 313.955 2 23.8784
    endloop
  endfacet
  facet normal 0.65911 0 -0.752046
    outer loop
      vertex 311.916 2 24.2839
      vertex 312.039 9 24.3917
      vertex 312.039 2 24.3917
    endloop
  endfacet
  facet normal 0.65911 0 -0.752046
    outer loop
      vertex 312.039 9 24.3917
      vertex 311.916 2 24.2839
      vertex 311.916 9 24.2839
    endloop
  endfacet
  facet normal 0.897588 0 -0.440835
    outer loop
      vertex 311.717 2 24.025
      vertex 311.645 9 23.8784
      vertex 311.717 9 24.025
    endloop
  endfacet
  facet normal 0.897588 0 -0.440835
    outer loop
      vertex 311.645 9 23.8784
      vertex 311.717 2 24.025
      vertex 311.645 2 23.8784
    endloop
  endfacet
  facet normal -0.948008 0 0.318247
    outer loop
      vertex 313.955 2 22.9216
      vertex 314.007 9 23.0765
      vertex 313.955 9 22.9216
    endloop
  endfacet
  facet normal -0.948008 0 0.318247
    outer loop
      vertex 314.007 9 23.0765
      vertex 313.955 2 22.9216
      vertex 314.007 2 23.0765
    endloop
  endfacet
  facet normal -0.65911 0 0.752046
    outer loop
      vertex 313.561 9 22.4083
      vertex 313.684 2 22.5161
      vertex 313.684 9 22.5161
    endloop
  endfacet
  facet normal -0.65911 0 0.752046
    outer loop
      vertex 313.684 2 22.5161
      vertex 313.561 9 22.4083
      vertex 313.561 2 22.4083
    endloop
  endfacet
  facet normal 0.0655032 0 0.997852
    outer loop
      vertex 312.637 9 22.1607
      vertex 312.8 2 22.15
      vertex 312.8 9 22.15
    endloop
  endfacet
  facet normal 0.0655032 0 0.997852
    outer loop
      vertex 312.8 2 22.15
      vertex 312.637 9 22.1607
      vertex 312.637 2 22.1607
    endloop
  endfacet
  facet normal -0.441344 0 0.897338
    outer loop
      vertex 313.278 9 22.2452
      vertex 313.425 2 22.3175
      vertex 313.425 9 22.3175
    endloop
  endfacet
  facet normal -0.441344 0 0.897338
    outer loop
      vertex 313.425 2 22.3175
      vertex 313.278 9 22.2452
      vertex 313.278 2 22.2452
    endloop
  endfacet
  facet normal 0.997736 -0 0.0672494
    outer loop
      vertex 311.55 2 23.4
      vertex 311.561 9 23.2368
      vertex 311.55 9 23.4
    endloop
  endfacet
  facet normal 0.997736 0 0.0672494
    outer loop
      vertex 311.561 9 23.2368
      vertex 311.55 2 23.4
      vertex 311.561 2 23.2368
    endloop
  endfacet
  facet normal 0.948008 -0 0.318247
    outer loop
      vertex 311.593 2 23.0765
      vertex 311.645 9 22.9216
      vertex 311.593 9 23.0765
    endloop
  endfacet
  facet normal 0.948008 0 0.318247
    outer loop
      vertex 311.645 9 22.9216
      vertex 311.593 2 23.0765
      vertex 311.645 2 22.9216
    endloop
  endfacet
  facet normal 0.194358 0 0.980931
    outer loop
      vertex 312.476 9 22.1926
      vertex 312.637 2 22.1607
      vertex 312.637 9 22.1607
    endloop
  endfacet
  facet normal 0.194358 0 0.980931
    outer loop
      vertex 312.637 2 22.1607
      vertex 312.476 9 22.1926
      vertex 312.476 2 22.1926
    endloop
  endfacet
  facet normal 0.65911 0 0.752046
    outer loop
      vertex 311.916 9 22.5161
      vertex 312.039 2 22.4083
      vertex 312.039 9 22.4083
    endloop
  endfacet
  facet normal 0.65911 0 0.752046
    outer loop
      vertex 312.039 2 22.4083
      vertex 311.916 9 22.5161
      vertex 311.916 2 22.5161
    endloop
  endfacet
  facet normal 0.555265 0 0.831674
    outer loop
      vertex 312.039 9 22.4083
      vertex 312.175 2 22.3175
      vertex 312.175 9 22.3175
    endloop
  endfacet
  facet normal 0.555265 0 0.831674
    outer loop
      vertex 312.175 2 22.3175
      vertex 312.039 9 22.4083
      vertex 312.039 2 22.4083
    endloop
  endfacet
  facet normal -0.997736 0 0.0672494
    outer loop
      vertex 314.039 2 23.2368
      vertex 314.05 9 23.4
      vertex 314.039 9 23.2368
    endloop
  endfacet
  facet normal -0.997736 0 0.0672494
    outer loop
      vertex 314.05 9 23.4
      vertex 314.039 2 23.2368
      vertex 314.05 2 23.4
    endloop
  endfacet
  facet normal -0.980651 0 -0.195763
    outer loop
      vertex 314.039 2 23.5632
      vertex 314.007 9 23.7235
      vertex 314.039 9 23.5632
    endloop
  endfacet
  facet normal -0.980651 -0 -0.195763
    outer loop
      vertex 314.007 9 23.7235
      vertex 314.039 2 23.5632
      vertex 314.007 2 23.7235
    endloop
  endfacet
  facet normal -0.0655032 0 -0.997852
    outer loop
      vertex 312.8 2 24.65
      vertex 312.963 9 24.6393
      vertex 312.963 2 24.6393
    endloop
  endfacet
  facet normal -0.0655032 0 -0.997852
    outer loop
      vertex 312.963 9 24.6393
      vertex 312.8 2 24.65
      vertex 312.8 9 24.65
    endloop
  endfacet
  facet normal 0.948008 0 -0.318247
    outer loop
      vertex 311.645 2 23.8784
      vertex 311.593 9 23.7235
      vertex 311.645 9 23.8784
    endloop
  endfacet
  facet normal 0.948008 0 -0.318247
    outer loop
      vertex 311.593 9 23.7235
      vertex 311.645 2 23.8784
      vertex 311.593 2 23.7235
    endloop
  endfacet
  facet normal 0.831109 0 -0.55611
    outer loop
      vertex 311.808 2 24.161
      vertex 311.717 9 24.025
      vertex 311.808 9 24.161
    endloop
  endfacet
  facet normal 0.831109 0 -0.55611
    outer loop
      vertex 311.717 9 24.025
      vertex 311.808 2 24.161
      vertex 311.717 2 24.025
    endloop
  endfacet
  facet normal -0.194358 0 -0.980931
    outer loop
      vertex 312.963 2 24.6393
      vertex 313.124 9 24.6074
      vertex 313.124 2 24.6074
    endloop
  endfacet
  facet normal -0.194358 0 -0.980931
    outer loop
      vertex 313.124 9 24.6074
      vertex 312.963 2 24.6393
      vertex 312.963 9 24.6393
    endloop
  endfacet
  facet normal -0.441344 0 -0.897338
    outer loop
      vertex 313.278 2 24.5548
      vertex 313.425 9 24.4825
      vertex 313.425 2 24.4825
    endloop
  endfacet
  facet normal -0.441344 0 -0.897338
    outer loop
      vertex 313.425 9 24.4825
      vertex 313.278 2 24.5548
      vertex 313.278 9 24.5548
    endloop
  endfacet
  facet normal -0.980651 0 0.195763
    outer loop
      vertex 314.007 2 23.0765
      vertex 314.039 9 23.2368
      vertex 314.007 9 23.0765
    endloop
  endfacet
  facet normal -0.980651 0 0.195763
    outer loop
      vertex 314.039 9 23.2368
      vertex 314.007 2 23.0765
      vertex 314.039 2 23.2368
    endloop
  endfacet
  facet normal -0.751174 0 0.660104
    outer loop
      vertex 313.684 2 22.5161
      vertex 313.792 9 22.639
      vertex 313.684 9 22.5161
    endloop
  endfacet
  facet normal -0.751174 0 0.660104
    outer loop
      vertex 313.792 9 22.639
      vertex 313.684 2 22.5161
      vertex 313.792 2 22.639
    endloop
  endfacet
  facet normal -0.0655032 0 0.997852
    outer loop
      vertex 312.8 9 22.15
      vertex 312.963 2 22.1607
      vertex 312.963 9 22.1607
    endloop
  endfacet
  facet normal -0.0655032 0 0.997852
    outer loop
      vertex 312.963 2 22.1607
      vertex 312.8 9 22.15
      vertex 312.8 2 22.15
    endloop
  endfacet
  facet normal -0.751174 0 -0.660104
    outer loop
      vertex 313.792 2 24.161
      vertex 313.684 9 24.2839
      vertex 313.792 9 24.161
    endloop
  endfacet
  facet normal -0.751174 -0 -0.660104
    outer loop
      vertex 313.684 9 24.2839
      vertex 313.792 2 24.161
      vertex 313.684 2 24.2839
    endloop
  endfacet
  facet normal -0.831109 0 -0.55611
    outer loop
      vertex 313.883 2 24.025
      vertex 313.792 9 24.161
      vertex 313.883 9 24.025
    endloop
  endfacet
  facet normal -0.831109 -0 -0.55611
    outer loop
      vertex 313.792 9 24.161
      vertex 313.883 2 24.025
      vertex 313.792 2 24.161
    endloop
  endfacet
  facet normal -0.897588 0 -0.440835
    outer loop
      vertex 313.955 2 23.8784
      vertex 313.883 9 24.025
      vertex 313.955 9 23.8784
    endloop
  endfacet
  facet normal -0.897588 -0 -0.440835
    outer loop
      vertex 313.883 9 24.025
      vertex 313.955 2 23.8784
      vertex 313.883 2 24.025
    endloop
  endfacet
  facet normal 0 1 0
    outer loop
      vertex 312.963 2 24.6393
      vertex 312.637 2 24.6393
      vertex 312.8 2 24.65
    endloop
  endfacet
  facet normal 0 1 0
    outer loop
      vertex 313.124 2 24.6074
      vertex 312.637 2 24.6393
      vertex 312.963 2 24.6393
    endloop
  endfacet
  facet normal 0 1 0
    outer loop
      vertex 313.124 2 24.6074
      vertex 312.476 2 24.6074
      vertex 312.637 2 24.6393
    endloop
  endfacet
  facet normal 0 1 0
    outer loop
      vertex 313.278 2 24.5548
      vertex 312.476 2 24.6074
      vertex 313.124 2 24.6074
    endloop
  endfacet
  facet normal 0 1 0
    outer loop
      vertex 313.278 2 24.5548
      vertex 312.322 2 24.5548
      vertex 312.476 2 24.6074
    endloop
  endfacet
  facet normal 0 1 0
    outer loop
      vertex 313.425 2 24.4825
      vertex 312.322 2 24.5548
      vertex 313.278 2 24.5548
    endloop
  endfacet
  facet normal 0 1 0
    outer loop
      vertex 313.425 2 24.4825
      vertex 312.175 2 24.4825
      vertex 312.322 2 24.5548
    endloop
  endfacet
  facet normal 0 1 0
    outer loop
      vertex 313.561 2 24.3917
      vertex 312.175 2 24.4825
      vertex 313.425 2 24.4825
    endloop
  endfacet
  facet normal 0 1 0
    outer loop
      vertex 313.561 2 24.3917
      vertex 312.039 2 24.3917
      vertex 312.175 2 24.4825
    endloop
  endfacet
  facet normal 0 1 0
    outer loop
      vertex 313.684 2 24.2839
      vertex 312.039 2 24.3917
      vertex 313.561 2 24.3917
    endloop
  endfacet
  facet normal 0 1 0
    outer loop
      vertex 313.684 2 24.2839
      vertex 311.916 2 24.2839
      vertex 312.039 2 24.3917
    endloop
  endfacet
  facet normal 0 1 0
    outer loop
      vertex 313.792 2 24.161
      vertex 311.916 2 24.2839
      vertex 313.684 2 24.2839
    endloop
  endfacet
  facet normal 0 1 0
    outer loop
      vertex 313.792 2 24.161
      vertex 311.808 2 24.161
      vertex 311.916 2 24.2839
    endloop
  endfacet
  facet normal 0 1 0
    outer loop
      vertex 313.883 2 24.025
      vertex 311.808 2 24.161
      vertex 313.792 2 24.161
    endloop
  endfacet
  facet normal 0 1 0
    outer loop
      vertex 313.883 2 24.025
      vertex 311.717 2 24.025
      vertex 311.808 2 24.161
    endloop
  endfacet
  facet normal 0 1 0
    outer loop
      vertex 313.955 2 23.8784
      vertex 311.717 2 24.025
      vertex 313.883 2 24.025
    endloop
  endfacet
  facet normal 0 1 0
    outer loop
      vertex 313.955 2 23.8784
      vertex 311.645 2 23.8784
      vertex 311.717 2 24.025
    endloop
  endfacet
  facet normal 0 1 0
    outer loop
      vertex 314.007 2 23.7235
      vertex 311.645 2 23.8784
      vertex 313.955 2 23.8784
    endloop
  endfacet
  facet normal 0 1 0
    outer loop
      vertex 314.007 2 23.7235
      vertex 311.593 2 23.7235
      vertex 311.645 2 23.8784
    endloop
  endfacet
  facet normal 0 1 0
    outer loop
      vertex 314.039 2 23.5632
      vertex 311.593 2 23.7235
      vertex 314.007 2 23.7235
    endloop
  endfacet
  facet normal 0 1 0
    outer loop
      vertex 314.039 2 23.5632
      vertex 311.561 2 23.5632
      vertex 311.593 2 23.7235
    endloop
  endfacet
  facet normal 0 1 0
    outer loop
      vertex 314.05 2 23.4
      vertex 311.561 2 23.5632
      vertex 314.039 2 23.5632
    endloop
  endfacet
  facet normal 0 1 0
    outer loop
      vertex 314.05 2 23.4
      vertex 311.55 2 23.4
      vertex 311.561 2 23.5632
    endloop
  endfacet
  facet normal 0 1 -0
    outer loop
      vertex 314.039 2 23.2368
      vertex 311.55 2 23.4
      vertex 314.05 2 23.4
    endloop
  endfacet
  facet normal 0 1 0
    outer loop
      vertex 314.039 2 23.2368
      vertex 311.561 2 23.2368
      vertex 311.55 2 23.4
    endloop
  endfacet
  facet normal 0 1 -0
    outer loop
      vertex 314.007 2 23.0765
      vertex 311.561 2 23.2368
      vertex 314.039 2 23.2368
    endloop
  endfacet
  facet normal 0 1 0
    outer loop
      vertex 314.007 2 23.0765
      vertex 311.593 2 23.0765
      vertex 311.561 2 23.2368
    endloop
  endfacet
  facet normal 0 1 -0
    outer loop
      vertex 313.955 2 22.9216
      vertex 311.593 2 23.0765
      vertex 314.007 2 23.0765
    endloop
  endfacet
  facet normal 0 1 0
    outer loop
      vertex 313.955 2 22.9216
      vertex 311.645 2 22.9216
      vertex 311.593 2 23.0765
    endloop
  endfacet
  facet normal 0 1 -0
    outer loop
      vertex 313.883 2 22.775
      vertex 311.645 2 22.9216
      vertex 313.955 2 22.9216
    endloop
  endfacet
  facet normal 0 1 0
    outer loop
      vertex 313.883 2 22.775
      vertex 311.717 2 22.775
      vertex 311.645 2 22.9216
    endloop
  endfacet
  facet normal 0 1 -0
    outer loop
      vertex 313.792 2 22.639
      vertex 311.717 2 22.775
      vertex 313.883 2 22.775
    endloop
  endfacet
  facet normal 0 1 0
    outer loop
      vertex 313.792 2 22.639
      vertex 311.808 2 22.639
      vertex 311.717 2 22.775
    endloop
  endfacet
  facet normal 0 1 -0
    outer loop
      vertex 313.684 2 22.5161
      vertex 311.808 2 22.639
      vertex 313.792 2 22.639
    endloop
  endfacet
  facet normal 0 1 0
    outer loop
      vertex 313.684 2 22.5161
      vertex 311.916 2 22.5161
      vertex 311.808 2 22.639
    endloop
  endfacet
  facet normal 0 1 -0
    outer loop
      vertex 313.561 2 22.4083
      vertex 311.916 2 22.5161
      vertex 313.684 2 22.5161
    endloop
  endfacet
  facet normal 0 1 0
    outer loop
      vertex 313.561 2 22.4083
      vertex 312.039 2 22.4083
      vertex 311.916 2 22.5161
    endloop
  endfacet
  facet normal 0 1 -0
    outer loop
      vertex 313.425 2 22.3175
      vertex 312.039 2 22.4083
      vertex 313.561 2 22.4083
    endloop
  endfacet
  facet normal 0 1 0
    outer loop
      vertex 313.425 2 22.3175
      vertex 312.175 2 22.3175
      vertex 312.039 2 22.4083
    endloop
  endfacet
  facet normal 0 1 -0
    outer loop
      vertex 313.278 2 22.2452
      vertex 312.175 2 22.3175
      vertex 313.425 2 22.3175
    endloop
  endfacet
  facet normal 0 1 0
    outer loop
      vertex 313.278 2 22.2452
      vertex 312.322 2 22.2452
      vertex 312.175 2 22.3175
    endloop
  endfacet
  facet normal 0 1 -0
    outer loop
      vertex 313.124 2 22.1926
      vertex 312.322 2 22.2452
      vertex 313.278 2 22.2452
    endloop
  endfacet
  facet normal 0 1 0
    outer loop
      vertex 313.124 2 22.1926
      vertex 312.476 2 22.1926
      vertex 312.322 2 22.2452
    endloop
  endfacet
  facet normal 0 1 -0
    outer loop
      vertex 312.963 2 22.1607
      vertex 312.476 2 22.1926
      vertex 313.124 2 22.1926
    endloop
  endfacet
  facet normal 0 1 0
    outer loop
      vertex 312.963 2 22.1607
      vertex 312.637 2 22.1607
      vertex 312.476 2 22.1926
    endloop
  endfacet
  facet normal -0 1 0
    outer loop
      vertex 312.637 2 22.1607
      vertex 312.963 2 22.1607
      vertex 312.8 2 22.15
    endloop
  endfacet
  facet normal 0.751174 0 -0.660104
    outer loop
      vertex 311.916 2 24.2839
      vertex 311.808 9 24.161
      vertex 311.916 9 24.2839
    endloop
  endfacet
  facet normal 0.751174 0 -0.660104
    outer loop
      vertex 311.808 9 24.161
      vertex 311.916 2 24.2839
      vertex 311.808 2 24.161
    endloop
  endfacet
  facet normal -0.323224 0 -0.946322
    outer loop
      vertex 313.124 2 24.6074
      vertex 313.278 9 24.5548
      vertex 313.278 2 24.5548
    endloop
  endfacet
  facet normal -0.323224 0 -0.946322
    outer loop
      vertex 313.278 9 24.5548
      vertex 313.124 2 24.6074
      vertex 313.124 9 24.6074
    endloop
  endfacet
  facet normal -0.65911 0 -0.752046
    outer loop
      vertex 313.561 2 24.3917
      vertex 313.684 9 24.2839
      vertex 313.684 2 24.2839
    endloop
  endfacet
  facet normal -0.65911 0 -0.752046
    outer loop
      vertex 313.684 9 24.2839
      vertex 313.561 2 24.3917
      vertex 313.561 9 24.3917
    endloop
  endfacet
  facet normal 0.0655032 0 -0.997852
    outer loop
      vertex 312.637 2 24.6393
      vertex 312.8 9 24.65
      vertex 312.8 2 24.65
    endloop
  endfacet
  facet normal 0.0655032 0 -0.997852
    outer loop
      vertex 312.8 9 24.65
      vertex 312.637 2 24.6393
      vertex 312.637 9 24.6393
    endloop
  endfacet
  facet normal 0.441344 0 -0.897338
    outer loop
      vertex 312.175 2 24.4825
      vertex 312.322 9 24.5548
      vertex 312.322 2 24.5548
    endloop
  endfacet
  facet normal 0.441344 0 -0.897338
    outer loop
      vertex 312.322 9 24.5548
      vertex 312.175 2 24.4825
      vertex 312.175 9 24.4825
    endloop
  endfacet
  facet normal 0.980651 0 -0.195763
    outer loop
      vertex 311.593 2 23.7235
      vertex 311.561 9 23.5632
      vertex 311.593 9 23.7235
    endloop
  endfacet
  facet normal 0.980651 0 -0.195763
    outer loop
      vertex 311.561 9 23.5632
      vertex 311.593 2 23.7235
      vertex 311.561 2 23.5632
    endloop
  endfacet
  facet normal 0.997736 0 -0.0672494
    outer loop
      vertex 311.561 2 23.5632
      vertex 311.55 9 23.4
      vertex 311.561 9 23.5632
    endloop
  endfacet
  facet normal 0.997736 0 -0.0672494
    outer loop
      vertex 311.55 9 23.4
      vertex 311.561 2 23.5632
      vertex 311.55 2 23.4
    endloop
  endfacet
  facet normal 0.555265 0 -0.831674
    outer loop
      vertex 312.039 2 24.3917
      vertex 312.175 9 24.4825
      vertex 312.175 2 24.4825
    endloop
  endfacet
  facet normal 0.555265 0 -0.831674
    outer loop
      vertex 312.175 9 24.4825
      vertex 312.039 2 24.3917
      vertex 312.039 9 24.3917
    endloop
  endfacet
  facet normal 0.194358 0 -0.980931
    outer loop
      vertex 312.476 2 24.6074
      vertex 312.637 9 24.6393
      vertex 312.637 2 24.6393
    endloop
  endfacet
  facet normal 0.194358 0 -0.980931
    outer loop
      vertex 312.637 9 24.6393
      vertex 312.476 2 24.6074
      vertex 312.476 9 24.6074
    endloop
  endfacet
  facet normal 0.323224 0 -0.946322
    outer loop
      vertex 312.322 2 24.5548
      vertex 312.476 9 24.6074
      vertex 312.476 2 24.6074
    endloop
  endfacet
  facet normal 0.323224 0 -0.946322
    outer loop
      vertex 312.476 9 24.6074
      vertex 312.322 2 24.5548
      vertex 312.322 9 24.5548
    endloop
  endfacet
  facet normal -0.707107 -0.707107 0
    outer loop
      vertex 0 7 0
      vertex 4 3 2.39999
      vertex 0 7 2.39999
    endloop
  endfacet
  facet normal -0.707107 -0.707107 0
    outer loop
      vertex 7 0 0
      vertex 4 3 2.39999
      vertex 0 7 0
    endloop
  endfacet
  facet normal -0.707107 -0.707107 -0
    outer loop
      vertex 7 0 31.8
      vertex 4 3 2.39999
      vertex 7 0 0
    endloop
  endfacet
  facet normal -0.707107 -0.707107 0
    outer loop
      vertex 4 3 2.39999
      vertex 7 0 31.8
      vertex 4 3 31.8
    endloop
  endfacet
  facet normal 0.707107 -0.707107 0
    outer loop
      vertex 322.8 3 31.8
      vertex 319.8 0 31.8
      vertex 322.8 3 2.39999
    endloop
  endfacet
  facet normal 0.707107 -0.707107 0
    outer loop
      vertex 322.8 3 2.39999
      vertex 326.8 7 0
      vertex 326.8 7 2.39999
    endloop
  endfacet
  facet normal 0.707107 -0.707107 0
    outer loop
      vertex 322.8 3 2.39999
      vertex 319.8 0 0
      vertex 326.8 7 0
    endloop
  endfacet
  facet normal 0.707107 -0.707107 0
    outer loop
      vertex 319.8 0 0
      vertex 322.8 3 2.39999
      vertex 319.8 0 31.8
    endloop
  endfacet
endsolid OpenSCAD_Model
