solid OpenSCAD_Model
  facet normal -0.0785128 0.138725 0.987214
    outer loop
      vertex 5.06139 48.3523 36.6149
      vertex 6 45.1937 37.1334
      vertex 6 48.3626 36.6881
    endloop
  endfacet
  facet normal -0.0784083 0.138757 0.987218
    outer loop
      vertex 6 45.1937 37.1334
      vertex 5.06139 48.3523 36.6149
      vertex 5.06139 45.1834 37.0603
    endloop
  endfacet
  facet normal -0.233394 0.135341 0.962917
    outer loop
      vertex 4.14589 48.3217 36.3973
      vertex 5.06139 45.1834 37.0603
      vertex 5.06139 48.3523 36.6149
    endloop
  endfacet
  facet normal -0.233494 0.135308 0.962898
    outer loop
      vertex 5.06139 45.1834 37.0603
      vertex 4.14589 48.3217 36.3973
      vertex 4.14589 45.1528 36.8426
    endloop
  endfacet
  facet normal -0.382697 0.128561 0.914885
    outer loop
      vertex 3.27605 48.2715 36.0405
      vertex 4.14589 45.1528 36.8426
      vertex 4.14589 48.3217 36.3973
    endloop
  endfacet
  facet normal -0.382594 0.1286 0.914923
    outer loop
      vertex 4.14589 45.1528 36.8426
      vertex 3.27605 48.2715 36.0405
      vertex 3.27605 45.1027 36.4859
    endloop
  endfacet
  facet normal -0.522529 0.118676 0.844322
    outer loop
      vertex 2.47328 48.2031 35.5533
      vertex 3.27605 45.1027 36.4859
      vertex 3.27605 48.2715 36.0405
    endloop
  endfacet
  facet normal -0.52254 0.118672 0.844316
    outer loop
      vertex 3.27605 45.1027 36.4859
      vertex 2.47328 48.2031 35.5533
      vertex 2.47328 45.0342 35.9987
    endloop
  endfacet
  facet normal -0.649441 0.105838 0.75301
    outer loop
      vertex 1.75735 48.118 34.9478
      vertex 2.47328 45.0342 35.9987
      vertex 2.47328 48.2031 35.5533
    endloop
  endfacet
  facet normal -0.649441 0.105838 0.75301
    outer loop
      vertex 2.47328 45.0342 35.9987
      vertex 1.75735 48.118 34.9478
      vertex 1.75735 44.9491 35.3932
    endloop
  endfacet
  facet normal -0.760383 0.0903974 0.643153
    outer loop
      vertex 1.14589 48.0183 34.2389
      vertex 1.75735 44.9491 35.3932
      vertex 1.75735 48.118 34.9478
    endloop
  endfacet
  facet normal -0.760421 0.0903741 0.643111
    outer loop
      vertex 1.75735 44.9491 35.3932
      vertex 1.14589 48.0183 34.2389
      vertex 1.14589 44.8495 34.6842
    endloop
  endfacet
  facet normal -0.852649 0.0727085 0.517401
    outer loop
      vertex 0.653946 47.9066 33.4439
      vertex 1.14589 44.8495 34.6842
      vertex 1.14589 48.0183 34.2389
    endloop
  endfacet
  facet normal -0.85262 0.072731 0.517445
    outer loop
      vertex 1.14589 44.8495 34.6842
      vertex 0.653946 47.9066 33.4439
      vertex 0.653946 44.7378 33.8893
    endloop
  endfacet
  facet normal -0.923885 0.0532636 0.378944
    outer loop
      vertex 0.293655 47.7856 32.5825
      vertex 0.653946 44.7378 33.8893
      vertex 0.653946 47.9066 33.4439
    endloop
  endfacet
  facet normal -0.923888 0.0532613 0.378939
    outer loop
      vertex 0.653946 44.7378 33.8893
      vertex 0.293655 47.7856 32.5825
      vertex 0.293655 44.6167 33.0279
    endloop
  endfacet
  facet normal -0.972367 0.0324941 0.231187
    outer loop
      vertex 0.0738678 47.6581 31.676
      vertex 0.293655 44.6167 33.0279
      vertex 0.293655 47.7856 32.5825
    endloop
  endfacet
  facet normal -0.972372 0.0324851 0.231167
    outer loop
      vertex 0.293655 44.6167 33.0279
      vertex 0.0738678 47.6581 31.676
      vertex 0.0738678 44.4893 32.1213
    endloop
  endfacet
  facet normal -0.996918 0.0109177 0.0776915
    outer loop
      vertex 0 47.5275 30.7465
      vertex 0.0738678 44.4893 32.1213
      vertex 0.0738678 47.6581 31.676
    endloop
  endfacet
  facet normal -0.996918 0.0109177 0.0776915
    outer loop
      vertex 0.0738678 44.4893 32.1213
      vertex 0 47.5275 30.7465
      vertex 0 44.3587 31.1918
    endloop
  endfacet
  facet normal 0.996915 0.0109224 0.0777252
    outer loop
      vertex 71.9261 44.4893 32.1213
      vertex 72 47.5275 30.7465
      vertex 71.9261 47.6581 31.676
    endloop
  endfacet
  facet normal 0.996915 0.0109224 0.0777252
    outer loop
      vertex 72 47.5275 30.7465
      vertex 71.9261 44.4893 32.1213
      vertex 72 44.3587 31.1918
    endloop
  endfacet
  facet normal 0.972364 0.0324959 0.231199
    outer loop
      vertex 71.7063 44.6167 33.0279
      vertex 71.9261 47.6581 31.676
      vertex 71.7063 47.7856 32.5825
    endloop
  endfacet
  facet normal 0.972368 0.0324869 0.23118
    outer loop
      vertex 71.9261 47.6581 31.676
      vertex 71.7063 44.6167 33.0279
      vertex 71.9261 44.4893 32.1213
    endloop
  endfacet
  facet normal 0.92392 0.0532522 0.378863
    outer loop
      vertex 71.3461 44.7378 33.8893
      vertex 71.7063 47.7856 32.5825
      vertex 71.3461 47.9066 33.4439
    endloop
  endfacet
  facet normal 0.923922 0.0532498 0.378858
    outer loop
      vertex 71.7063 47.7856 32.5825
      vertex 71.3461 44.7378 33.8893
      vertex 71.7063 44.6167 33.0279
    endloop
  endfacet
  facet normal 0.852622 0.0727145 0.517444
    outer loop
      vertex 70.8541 44.8495 34.6842
      vertex 71.3461 47.9066 33.4439
      vertex 70.8541 48.0183 34.2389
    endloop
  endfacet
  facet normal 0.852593 0.072737 0.517488
    outer loop
      vertex 71.3461 47.9066 33.4439
      vertex 70.8541 44.8495 34.6842
      vertex 71.3461 44.7378 33.8893
    endloop
  endfacet
  facet normal 0.760362 0.0904008 0.643177
    outer loop
      vertex 70.2426 44.9491 35.3932
      vertex 70.8541 48.0183 34.2389
      vertex 70.2426 48.118 34.9478
    endloop
  endfacet
  facet normal 0.7604 0.0903775 0.643136
    outer loop
      vertex 70.8541 48.0183 34.2389
      vertex 70.2426 44.9491 35.3932
      vertex 70.8541 44.8495 34.6842
    endloop
  endfacet
  facet normal 0.649457 0.105836 0.752997
    outer loop
      vertex 69.5267 45.0342 35.9987
      vertex 70.2426 48.118 34.9478
      vertex 69.5267 48.2031 35.5533
    endloop
  endfacet
  facet normal 0.649457 0.105836 0.752997
    outer loop
      vertex 70.2426 48.118 34.9478
      vertex 69.5267 45.0342 35.9987
      vertex 70.2426 44.9491 35.3932
    endloop
  endfacet
  facet normal 0.522563 0.118673 0.844302
    outer loop
      vertex 68.724 45.1027 36.4859
      vertex 69.5267 48.2031 35.5533
      vertex 68.724 48.2715 36.0405
    endloop
  endfacet
  facet normal 0.522573 0.118669 0.844296
    outer loop
      vertex 69.5267 48.2031 35.5533
      vertex 68.724 45.1027 36.4859
      vertex 69.5267 45.0342 35.9987
    endloop
  endfacet
  facet normal 0.382674 0.128563 0.914895
    outer loop
      vertex 67.8541 45.1528 36.8426
      vertex 68.724 48.2715 36.0405
      vertex 67.8541 48.3217 36.3973
    endloop
  endfacet
  facet normal 0.382572 0.128601 0.914932
    outer loop
      vertex 68.724 48.2715 36.0405
      vertex 67.8541 45.1528 36.8426
      vertex 68.724 45.1027 36.4859
    endloop
  endfacet
  facet normal 0.233394 0.135341 0.962917
    outer loop
      vertex 66.9386 45.1834 37.0603
      vertex 67.8541 48.3217 36.3973
      vertex 66.9386 48.3523 36.6149
    endloop
  endfacet
  facet normal 0.233494 0.135308 0.962898
    outer loop
      vertex 67.8541 48.3217 36.3973
      vertex 66.9386 45.1834 37.0603
      vertex 67.8541 45.1528 36.8426
    endloop
  endfacet
  facet normal 0.0785137 0.138725 0.987214
    outer loop
      vertex 66 45.1937 37.1334
      vertex 66.9386 48.3523 36.6149
      vertex 66 48.3626 36.6881
    endloop
  endfacet
  facet normal 0.0784091 0.138757 0.987218
    outer loop
      vertex 66.9386 48.3523 36.6149
      vertex 66 45.1937 37.1334
      vertex 66.9386 45.1834 37.0603
    endloop
  endfacet
  facet normal -1 0 0
    outer loop
      vertex 0 74 0
      vertex 0 43.7685 4
      vertex 0 74 4
    endloop
  endfacet
  facet normal -1 0 0
    outer loop
      vertex 0 74 0
      vertex 0 40.5371 4
      vertex 0 43.7685 4
    endloop
  endfacet
  facet normal -1 0 0
    outer loop
      vertex 0 6 0
      vertex 0 40.5371 4
      vertex 0 74 0
    endloop
  endfacet
  facet normal -1 -0 0
    outer loop
      vertex 0 26.0039 5.49625
      vertex 0 22.5622 4
      vertex 0 23.0438 7.42701
    endloop
  endfacet
  facet normal -1 0 0
    outer loop
      vertex 0 36.6503 4
      vertex 0 22.5622 4
      vertex 0 26.0039 5.49625
    endloop
  endfacet
  facet normal -1 -0 0
    outer loop
      vertex 0 40.5371 4
      vertex 0 6 0
      vertex 0 36.6503 4
    endloop
  endfacet
  facet normal -1 -0 0
    outer loop
      vertex 0 36.6503 4
      vertex 0 6 0
      vertex 0 22.5622 4
    endloop
  endfacet
  facet normal -1 -0 0
    outer loop
      vertex 0 22.5622 4
      vertex 0 6 0
      vertex 0 6 4
    endloop
  endfacet
  facet normal -1 0 0
    outer loop
      vertex 0 43.7685 4
      vertex 0 44.3587 31.1918
      vertex 0 47.5275 30.7465
    endloop
  endfacet
  facet normal -1 0 0
    outer loop
      vertex 0 44.3587 31.1918
      vertex 0 43.7685 4
      vertex 0 40.5371 4
    endloop
  endfacet
  facet normal -1 -0 0
    outer loop
      vertex 0 26.2127 6.98166
      vertex 0 26.0039 5.49625
      vertex 0 23.0438 7.42701
    endloop
  endfacet
  facet normal -0 0.139155 0.990271
    outer loop
      vertex 6 48.3626 36.6881
      vertex 66 45.1937 37.1334
      vertex 66 48.3626 36.6881
    endloop
  endfacet
  facet normal 0 0.139155 0.990271
    outer loop
      vertex 66 45.1937 37.1334
      vertex 6 48.3626 36.6881
      vertex 6 45.1937 37.1334
    endloop
  endfacet
  facet normal 1 0 0
    outer loop
      vertex 72 26.2127 6.98166
      vertex 72 23.0438 7.42701
      vertex 72 26.0039 5.49625
    endloop
  endfacet
  facet normal 1 0 0
    outer loop
      vertex 72 44.3587 31.1918
      vertex 72 43.7685 4
      vertex 72 47.5275 30.7465
    endloop
  endfacet
  facet normal 1 0 -0
    outer loop
      vertex 72 43.7685 4
      vertex 72 44.3587 31.1918
      vertex 72 40.5371 4
    endloop
  endfacet
  facet normal 1 -0 0
    outer loop
      vertex 72 43.7685 4
      vertex 72 74 0
      vertex 72 74 4
    endloop
  endfacet
  facet normal 1 -0 0
    outer loop
      vertex 72 40.5371 4
      vertex 72 74 0
      vertex 72 43.7685 4
    endloop
  endfacet
  facet normal 1 0 0
    outer loop
      vertex 72 6 0
      vertex 72 40.5371 4
      vertex 72 36.6503 4
    endloop
  endfacet
  facet normal 1 0 0
    outer loop
      vertex 72 22.5622 4
      vertex 72 26.0039 5.49625
      vertex 72 23.0438 7.42701
    endloop
  endfacet
  facet normal 1 0 0
    outer loop
      vertex 72 22.5622 4
      vertex 72 36.6503 4
      vertex 72 26.0039 5.49625
    endloop
  endfacet
  facet normal 1 0 0
    outer loop
      vertex 72 6 0
      vertex 72 36.6503 4
      vertex 72 22.5622 4
    endloop
  endfacet
  facet normal 1 0 0
    outer loop
      vertex 72 6 0
      vertex 72 22.5622 4
      vertex 72 6 4
    endloop
  endfacet
  facet normal 1 0 0
    outer loop
      vertex 72 40.5371 4
      vertex 72 6 0
      vertex 72 74 0
    endloop
  endfacet
  facet normal 0 0.990268 -0.139173
    outer loop
      vertex 34.3 45.3007 14.9022
      vertex 34.3 43.7685 4
      vertex 16 45.3007 14.9022
    endloop
  endfacet
  facet normal 1.33306e-05 0.990268 -0.13917
    outer loop
      vertex 72 47.5275 30.7465
      vertex 66 48.3626 36.6881
      vertex 66.9386 48.3523 36.6149
    endloop
  endfacet
  facet normal 0 0.990267 -0.13918
    outer loop
      vertex 66 48.3626 36.6881
      vertex 56 46.9708 26.7854
      vertex 6 48.3626 36.6881
    endloop
  endfacet
  facet normal 2.23875e-05 0.99027 -0.139162
    outer loop
      vertex 72 47.5275 30.7465
      vertex 66.9386 48.3523 36.6149
      vertex 67.8541 48.3217 36.3973
    endloop
  endfacet
  facet normal 0 0.990267 -0.13918
    outer loop
      vertex 16 46.9708 26.7854
      vertex 6 48.3626 36.6881
      vertex 56 46.9708 26.7854
    endloop
  endfacet
  facet normal 8.63371e-05 0.990276 -0.139116
    outer loop
      vertex 72 47.5275 30.7465
      vertex 67.8541 48.3217 36.3973
      vertex 68.724 48.2715 36.0405
    endloop
  endfacet
  facet normal -1.88241e-06 0.990267 -0.139181
    outer loop
      vertex 0 47.5275 30.7465
      vertex 6 48.3626 36.6881
      vertex 16 46.9708 26.7854
    endloop
  endfacet
  facet normal -0.000137039 0.990257 -0.139252
    outer loop
      vertex 72 47.5275 30.7465
      vertex 68.724 48.2715 36.0405
      vertex 69.5267 48.2031 35.5533
    endloop
  endfacet
  facet normal -1.33304e-05 0.990268 -0.13917
    outer loop
      vertex 6 48.3626 36.6881
      vertex 0 47.5275 30.7465
      vertex 5.06139 48.3523 36.6149
    endloop
  endfacet
  facet normal -8.72263e-06 0.990266 -0.139187
    outer loop
      vertex 72 47.5275 30.7465
      vertex 69.5267 48.2031 35.5533
      vertex 70.2426 48.118 34.9478
    endloop
  endfacet
  facet normal -2.23875e-05 0.99027 -0.139162
    outer loop
      vertex 5.06139 48.3523 36.6149
      vertex 0 47.5275 30.7465
      vertex 4.14589 48.3217 36.3973
    endloop
  endfacet
  facet normal 0.000197685 0.990278 -0.139103
    outer loop
      vertex 72 47.5275 30.7465
      vertex 70.2426 48.118 34.9478
      vertex 70.8541 48.0183 34.2389
    endloop
  endfacet
  facet normal -8.63456e-05 0.990276 -0.139116
    outer loop
      vertex 4.14589 48.3217 36.3973
      vertex 0 47.5275 30.7465
      vertex 3.27605 48.2715 36.0405
    endloop
  endfacet
  facet normal -0.00010417 0.990264 -0.1392
    outer loop
      vertex 72 47.5275 30.7465
      vertex 70.8541 48.0183 34.2389
      vertex 71.3461 47.9066 33.4439
    endloop
  endfacet
  facet normal 0.000137021 0.990257 -0.139252
    outer loop
      vertex 3.27605 48.2715 36.0405
      vertex 0 47.5275 30.7465
      vertex 2.47328 48.2031 35.5533
    endloop
  endfacet
  facet normal -0.000415518 0.990254 -0.139274
    outer loop
      vertex 72 47.5275 30.7465
      vertex 71.3461 47.9066 33.4439
      vertex 71.7063 47.7856 32.5825
    endloop
  endfacet
  facet normal 8.72193e-06 0.990266 -0.139187
    outer loop
      vertex 2.47328 48.2031 35.5533
      vertex 0 47.5275 30.7465
      vertex 1.75735 48.118 34.9478
    endloop
  endfacet
  facet normal 0.000882366 0.990282 -0.13907
    outer loop
      vertex 72 47.5275 30.7465
      vertex 71.7063 47.7856 32.5825
      vertex 71.9261 47.6581 31.676
    endloop
  endfacet
  facet normal -0.000197705 0.990278 -0.139103
    outer loop
      vertex 1.75735 48.118 34.9478
      vertex 0 47.5275 30.7465
      vertex 1.14589 48.0183 34.2389
    endloop
  endfacet
  facet normal 1.88241e-06 0.990267 -0.139181
    outer loop
      vertex 66 48.3626 36.6881
      vertex 72 47.5275 30.7465
      vertex 56 46.9708 26.7854
    endloop
  endfacet
  facet normal 0.000104194 0.990264 -0.1392
    outer loop
      vertex 1.14589 48.0183 34.2389
      vertex 0 47.5275 30.7465
      vertex 0.653946 47.9066 33.4439
    endloop
  endfacet
  facet normal 0.000415309 0.990254 -0.139274
    outer loop
      vertex 0.653946 47.9066 33.4439
      vertex 0 47.5275 30.7465
      vertex 0.293655 47.7856 32.5825
    endloop
  endfacet
  facet normal 2.89948e-07 0.990268 -0.139175
    outer loop
      vertex 72 47.5275 30.7465
      vertex 56 45.3007 14.9022
      vertex 56 46.9708 26.7854
    endloop
  endfacet
  facet normal -8.8511e-07 0.990268 -0.139174
    outer loop
      vertex 72 43.7685 4
      vertex 56 45.3007 14.9022
      vertex 72 47.5275 30.7465
    endloop
  endfacet
  facet normal 0 0.990268 -0.139173
    outer loop
      vertex 37.7 43.7685 4
      vertex 56 45.3007 14.9022
      vertex 72 43.7685 4
    endloop
  endfacet
  facet normal 0 0.990268 -0.139173
    outer loop
      vertex 56 45.3007 14.9022
      vertex 37.7 43.7685 4
      vertex 37.7 45.3007 14.9022
    endloop
  endfacet
  facet normal -0.000882255 0.990282 -0.13907
    outer loop
      vertex 0.293655 47.7856 32.5825
      vertex 0 47.5275 30.7465
      vertex 0.0738678 47.6581 31.676
    endloop
  endfacet
  facet normal -2.89948e-07 0.990268 -0.139175
    outer loop
      vertex 16 45.3007 14.9022
      vertex 0 47.5275 30.7465
      vertex 16 46.9708 26.7854
    endloop
  endfacet
  facet normal 8.8511e-07 0.990268 -0.139174
    outer loop
      vertex 16 45.3007 14.9022
      vertex 0 43.7685 4
      vertex 0 47.5275 30.7465
    endloop
  endfacet
  facet normal 0 0.990268 -0.139173
    outer loop
      vertex 0 43.7685 4
      vertex 16 45.3007 14.9022
      vertex 34.3 43.7685 4
    endloop
  endfacet
  facet normal 0 -0.990269 0.139163
    outer loop
      vertex 0 22.5622 4
      vertex 72 23.0438 7.42701
      vertex 0 23.0438 7.42701
    endloop
  endfacet
  facet normal 0 -0.990269 0.139163
    outer loop
      vertex 72 23.0438 7.42701
      vertex 0 22.5622 4
      vertex 72 22.5622 4
    endloop
  endfacet
  facet normal -4.52938e-07 0.139145 0.990272
    outer loop
      vertex 33.7777 36.352 4.04193
      vertex 0 36.6503 4
      vertex 33.75 36 4.09139
    endloop
  endfacet
  facet normal -0 0.139195 0.990265
    outer loop
      vertex 0 36.6503 4
      vertex 33.7777 36.352 4.04193
      vertex 33.8493 36.6503 4
    endloop
  endfacet
  facet normal -8.85749e-08 0.139172 0.990268
    outer loop
      vertex 38.2223 35.648 4.14086
      vertex 72 36.6503 4
      vertex 38.25 36 4.09139
    endloop
  endfacet
  facet normal 4.52938e-07 0.139145 0.990272
    outer loop
      vertex 72 36.6503 4
      vertex 38.2223 36.352 4.04193
      vertex 38.25 36 4.09139
    endloop
  endfacet
  facet normal 0 0.139195 0.990265
    outer loop
      vertex 38.2223 36.352 4.04193
      vertex 72 36.6503 4
      vertex 38.1507 36.6503 4
    endloop
  endfacet
  facet normal -1.08692e-07 0.139173 0.990268
    outer loop
      vertex 72 36.6503 4
      vertex 38.2223 35.648 4.14086
      vertex 72 26.0039 5.49625
    endloop
  endfacet
  facet normal 1.79327e-06 0.139179 0.990267
    outer loop
      vertex 38.1399 35.3047 4.18911
      vertex 72 26.0039 5.49625
      vertex 38.2223 35.648 4.14086
    endloop
  endfacet
  facet normal -3.25182e-06 0.139161 0.99027
    outer loop
      vertex 38.0048 34.9785 4.23495
      vertex 72 26.0039 5.49625
      vertex 38.1399 35.3047 4.18911
    endloop
  endfacet
  facet normal 5.33317e-06 0.139193 0.990265
    outer loop
      vertex 37.8203 34.6775 4.27726
      vertex 72 26.0039 5.49625
      vertex 38.0048 34.9785 4.23495
    endloop
  endfacet
  facet normal -3.89213e-06 0.139158 0.99027
    outer loop
      vertex 37.591 34.409 4.31499
      vertex 72 26.0039 5.49625
      vertex 37.8203 34.6775 4.27726
    endloop
  endfacet
  facet normal 3.26502e-06 0.139186 0.990266
    outer loop
      vertex 37.3225 34.1797 4.34722
      vertex 72 26.0039 5.49625
      vertex 37.591 34.409 4.31499
    endloop
  endfacet
  facet normal 2.74872e-07 0.139174 0.990268
    outer loop
      vertex 37.0215 33.9952 4.37315
      vertex 72 26.0039 5.49625
      vertex 37.3225 34.1797 4.34722
    endloop
  endfacet
  facet normal -7.55445e-06 0.13914 0.990273
    outer loop
      vertex 36.6953 33.8601 4.39213
      vertex 72 26.0039 5.49625
      vertex 37.0215 33.9952 4.37315
    endloop
  endfacet
  facet normal 1.30483e-05 0.139231 0.99026
    outer loop
      vertex 36.352 33.7777 4.40372
      vertex 72 26.0039 5.49625
      vertex 36.6953 33.8601 4.39213
    endloop
  endfacet
  facet normal -6.11609e-06 0.139145 0.990272
    outer loop
      vertex 36 33.75 4.40761
      vertex 72 26.0039 5.49625
      vertex 36.352 33.7777 4.40372
    endloop
  endfacet
  facet normal 6.11609e-06 0.139145 0.990272
    outer loop
      vertex 0 26.0039 5.49625
      vertex 36 33.75 4.40761
      vertex 35.648 33.7777 4.40372
    endloop
  endfacet
  facet normal 8.85749e-08 0.139172 0.990268
    outer loop
      vertex 0 36.6503 4
      vertex 33.7777 35.648 4.14086
      vertex 33.75 36 4.09139
    endloop
  endfacet
  facet normal 3.21422e-07 0.13918 0.990267
    outer loop
      vertex 0 36.6503 4
      vertex 33.8601 35.3047 4.18911
      vertex 33.7777 35.648 4.14086
    endloop
  endfacet
  facet normal 3.65244e-08 0.139173 0.990268
    outer loop
      vertex 0 26.0039 5.49625
      vertex 33.8601 35.3047 4.18911
      vertex 0 36.6503 4
    endloop
  endfacet
  facet normal 3.25182e-06 0.139161 0.99027
    outer loop
      vertex 33.8601 35.3047 4.18911
      vertex 0 26.0039 5.49625
      vertex 33.9952 34.9785 4.23495
    endloop
  endfacet
  facet normal -5.33317e-06 0.139193 0.990265
    outer loop
      vertex 33.9952 34.9785 4.23495
      vertex 0 26.0039 5.49625
      vertex 34.1797 34.6775 4.27726
    endloop
  endfacet
  facet normal 3.89213e-06 0.139158 0.99027
    outer loop
      vertex 34.1797 34.6775 4.27726
      vertex 0 26.0039 5.49625
      vertex 34.409 34.409 4.31499
    endloop
  endfacet
  facet normal -3.26502e-06 0.139186 0.990266
    outer loop
      vertex 34.409 34.409 4.31499
      vertex 0 26.0039 5.49625
      vertex 34.6775 34.1797 4.34722
    endloop
  endfacet
  facet normal -2.74872e-07 0.139174 0.990268
    outer loop
      vertex 34.6775 34.1797 4.34722
      vertex 0 26.0039 5.49625
      vertex 34.9785 33.9952 4.37315
    endloop
  endfacet
  facet normal 7.55445e-06 0.13914 0.990273
    outer loop
      vertex 34.9785 33.9952 4.37315
      vertex 0 26.0039 5.49625
      vertex 35.3047 33.8601 4.39213
    endloop
  endfacet
  facet normal -1.30483e-05 0.139231 0.99026
    outer loop
      vertex 35.3047 33.8601 4.39213
      vertex 0 26.0039 5.49625
      vertex 35.648 33.7777 4.40372
    endloop
  endfacet
  facet normal 0 0.139173 0.990268
    outer loop
      vertex 36 33.75 4.40761
      vertex 0 26.0039 5.49625
      vertex 72 26.0039 5.49625
    endloop
  endfacet
  facet normal 0 0.990264 -0.139199
    outer loop
      vertex 72 26.0039 5.49625
      vertex 0 26.2127 6.98166
      vertex 72 26.2127 6.98166
    endloop
  endfacet
  facet normal 0 0.990264 -0.139199
    outer loop
      vertex 0 26.2127 6.98166
      vertex 72 26.0039 5.49625
      vertex 0 26.0039 5.49625
    endloop
  endfacet
  facet normal 0 -0.990268 0.139174
    outer loop
      vertex 37.7 42.1319 15.3475
      vertex 37.7 40.5371 4
      vertex 56 42.1319 15.3475
    endloop
  endfacet
  facet normal 3.08323e-05 -0.990273 0.139136
    outer loop
      vertex 0 44.3587 31.1918
      vertex 6 45.1937 37.1334
      vertex 5.06139 45.1834 37.0603
    endloop
  endfacet
  facet normal 0 -0.990268 0.139171
    outer loop
      vertex 6 45.1937 37.1334
      vertex 16 43.802 27.2308
      vertex 66 45.1937 37.1334
    endloop
  endfacet
  facet normal 9.02218e-06 -0.990271 0.139155
    outer loop
      vertex 0 44.3587 31.1918
      vertex 5.06139 45.1834 37.0603
      vertex 4.14589 45.1528 36.8426
    endloop
  endfacet
  facet normal 0 -0.990268 0.139171
    outer loop
      vertex 56 43.802 27.2308
      vertex 66 45.1937 37.1334
      vertex 16 43.802 27.2308
    endloop
  endfacet
  facet normal -4.33371e-05 -0.990265 0.139193
    outer loop
      vertex 0 44.3587 31.1918
      vertex 4.14589 45.1528 36.8426
      vertex 3.27605 45.1027 36.4859
    endloop
  endfacet
  facet normal 2.11434e-06 -0.990269 0.139169
    outer loop
      vertex 72 44.3587 31.1918
      vertex 66 45.1937 37.1334
      vertex 56 43.802 27.2308
    endloop
  endfacet
  facet normal 6.30803e-05 -0.990274 0.139128
    outer loop
      vertex 0 44.3587 31.1918
      vertex 3.27605 45.1027 36.4859
      vertex 2.47328 45.0342 35.9987
    endloop
  endfacet
  facet normal -3.08327e-05 -0.990273 0.139136
    outer loop
      vertex 66 45.1937 37.1334
      vertex 72 44.3587 31.1918
      vertex 66.9386 45.1834 37.0603
    endloop
  endfacet
  facet normal 2.64605e-05 -0.990272 0.139146
    outer loop
      vertex 0 44.3587 31.1918
      vertex 2.47328 45.0342 35.9987
      vertex 1.75735 44.9491 35.3932
    endloop
  endfacet
  facet normal -9.02218e-06 -0.990271 0.139155
    outer loop
      vertex 66.9386 45.1834 37.0603
      vertex 72 44.3587 31.1918
      vertex 67.8541 45.1528 36.8426
    endloop
  endfacet
  facet normal -0.000100417 -0.990264 0.139199
    outer loop
      vertex 0 44.3587 31.1918
      vertex 1.75735 44.9491 35.3932
      vertex 1.14589 44.8495 34.6842
    endloop
  endfacet
  facet normal 4.33329e-05 -0.990265 0.139193
    outer loop
      vertex 67.8541 45.1528 36.8426
      vertex 72 44.3587 31.1918
      vertex 68.724 45.1027 36.4859
    endloop
  endfacet
  facet normal -4.39684e-05 -0.990267 0.13918
    outer loop
      vertex 0 44.3587 31.1918
      vertex 1.14589 44.8495 34.6842
      vertex 0.653946 44.7378 33.8893
    endloop
  endfacet
  facet normal -6.30885e-05 -0.990274 0.139128
    outer loop
      vertex 68.724 45.1027 36.4859
      vertex 72 44.3587 31.1918
      vertex 69.5267 45.0342 35.9987
    endloop
  endfacet
  facet normal 0.000267846 -0.990277 0.139106
    outer loop
      vertex 0 44.3587 31.1918
      vertex 0.653946 44.7378 33.8893
      vertex 0.293655 44.6167 33.0279
    endloop
  endfacet
  facet normal -2.64626e-05 -0.990272 0.139146
    outer loop
      vertex 69.5267 45.0342 35.9987
      vertex 72 44.3587 31.1918
      vertex 70.2426 44.9491 35.3932
    endloop
  endfacet
  facet normal 0.000117832 -0.990274 0.13913
    outer loop
      vertex 0 44.3587 31.1918
      vertex 0.293655 44.6167 33.0279
      vertex 0.0738678 44.4893 32.1213
    endloop
  endfacet
  facet normal 0.000100407 -0.990264 0.139199
    outer loop
      vertex 70.2426 44.9491 35.3932
      vertex 72 44.3587 31.1918
      vertex 70.8541 44.8495 34.6842
    endloop
  endfacet
  facet normal -2.11434e-06 -0.990269 0.139169
    outer loop
      vertex 6 45.1937 37.1334
      vertex 0 44.3587 31.1918
      vertex 16 43.802 27.2308
    endloop
  endfacet
  facet normal 4.39582e-05 -0.990267 0.13918
    outer loop
      vertex 70.8541 44.8495 34.6842
      vertex 72 44.3587 31.1918
      vertex 71.3461 44.7378 33.8893
    endloop
  endfacet
  facet normal -0.000267981 -0.990277 0.139106
    outer loop
      vertex 71.3461 44.7378 33.8893
      vertex 72 44.3587 31.1918
      vertex 71.7063 44.6167 33.0279
    endloop
  endfacet
  facet normal -8.69838e-07 -0.990268 0.139174
    outer loop
      vertex 0 44.3587 31.1918
      vertex 16 42.1319 15.3475
      vertex 16 43.802 27.2308
    endloop
  endfacet
  facet normal -2.80782e-07 -0.990268 0.139175
    outer loop
      vertex 0 40.5371 4
      vertex 16 42.1319 15.3475
      vertex 0 44.3587 31.1918
    endloop
  endfacet
  facet normal 0 -0.990268 0.139174
    outer loop
      vertex 34.3 40.5371 4
      vertex 16 42.1319 15.3475
      vertex 0 40.5371 4
    endloop
  endfacet
  facet normal 0 -0.990268 0.139174
    outer loop
      vertex 16 42.1319 15.3475
      vertex 34.3 40.5371 4
      vertex 34.3 42.1319 15.3475
    endloop
  endfacet
  facet normal -0.000117847 -0.990274 0.13913
    outer loop
      vertex 71.7063 44.6167 33.0279
      vertex 72 44.3587 31.1918
      vertex 71.9261 44.4893 32.1213
    endloop
  endfacet
  facet normal 8.69838e-07 -0.990268 0.139174
    outer loop
      vertex 56 42.1319 15.3475
      vertex 72 44.3587 31.1918
      vertex 56 43.802 27.2308
    endloop
  endfacet
  facet normal 2.80782e-07 -0.990268 0.139175
    outer loop
      vertex 56 42.1319 15.3475
      vertex 72 40.5371 4
      vertex 72 44.3587 31.1918
    endloop
  endfacet
  facet normal 0 -0.990268 0.139174
    outer loop
      vertex 72 40.5371 4
      vertex 56 42.1319 15.3475
      vertex 37.7 40.5371 4
    endloop
  endfacet
  facet normal -0 0.13917 0.990268
    outer loop
      vertex 0 26.2127 6.98166
      vertex 72 23.0438 7.42701
      vertex 72 26.2127 6.98166
    endloop
  endfacet
  facet normal 0 0.13917 0.990268
    outer loop
      vertex 72 23.0438 7.42701
      vertex 0 26.2127 6.98166
      vertex 0 23.0438 7.42701
    endloop
  endfacet
  facet normal 1 0 0
    outer loop
      vertex 16 43.802 27.2308
      vertex 16 45.3007 14.9022
      vertex 16 46.9708 26.7854
    endloop
  endfacet
  facet normal 1 0 0
    outer loop
      vertex 16 45.3007 14.9022
      vertex 16 43.802 27.2308
      vertex 16 42.1319 15.3475
    endloop
  endfacet
  facet normal 0 -0.13919 -0.990266
    outer loop
      vertex 16 43.802 27.2308
      vertex 56 46.9708 26.7854
      vertex 56 43.802 27.2308
    endloop
  endfacet
  facet normal -0 -0.13919 -0.990266
    outer loop
      vertex 56 46.9708 26.7854
      vertex 16 43.802 27.2308
      vertex 16 46.9708 26.7854
    endloop
  endfacet
  facet normal -1 0 0
    outer loop
      vertex 56 45.3007 14.9022
      vertex 56 43.802 27.2308
      vertex 56 46.9708 26.7854
    endloop
  endfacet
  facet normal -1 0 -0
    outer loop
      vertex 56 43.802 27.2308
      vertex 56 45.3007 14.9022
      vertex 56 42.1319 15.3475
    endloop
  endfacet
  facet normal -0 0.139159 0.99027
    outer loop
      vertex 16 45.3007 14.9022
      vertex 34.3 42.1319 15.3475
      vertex 34.3 45.3007 14.9022
    endloop
  endfacet
  facet normal 0 0.139159 0.99027
    outer loop
      vertex 34.3 42.1319 15.3475
      vertex 16 45.3007 14.9022
      vertex 16 42.1319 15.3475
    endloop
  endfacet
  facet normal -0 0.139159 0.99027
    outer loop
      vertex 37.7 45.3007 14.9022
      vertex 56 42.1319 15.3475
      vertex 56 45.3007 14.9022
    endloop
  endfacet
  facet normal 0 0.139159 0.99027
    outer loop
      vertex 56 42.1319 15.3475
      vertex 37.7 45.3007 14.9022
      vertex 37.7 42.1319 15.3475
    endloop
  endfacet
  facet normal 0 -0.257663 0.966235
    outer loop
      vertex 72 6 4
      vertex 4 0 2.4
      vertex 68 0 2.4
    endloop
  endfacet
  facet normal 0 -0.257663 0.966235
    outer loop
      vertex 4 0 2.4
      vertex 72 6 4
      vertex 0 6 4
    endloop
  endfacet
  facet normal -0 0 1
    outer loop
      vertex 0 22.5622 4
      vertex 72 6 4
      vertex 72 22.5622 4
    endloop
  endfacet
  facet normal 0 0 1
    outer loop
      vertex 72 6 4
      vertex 0 22.5622 4
      vertex 0 6 4
    endloop
  endfacet
  facet normal -0 0 1
    outer loop
      vertex 37.591 62.409 4
      vertex 37.7 44.7784 4
      vertex 37.8203 62.6775 4
    endloop
  endfacet
  facet normal -0 0 1
    outer loop
      vertex 37.3225 62.1797 4
      vertex 37.7 44.7784 4
      vertex 37.591 62.409 4
    endloop
  endfacet
  facet normal -0 0 1
    outer loop
      vertex 37.0215 61.9952 4
      vertex 37.7 44.7784 4
      vertex 37.3225 62.1797 4
    endloop
  endfacet
  facet normal -0 0 1
    outer loop
      vertex 36.6953 61.8601 4
      vertex 37.7 44.7784 4
      vertex 37.0215 61.9952 4
    endloop
  endfacet
  facet normal -0 0 1
    outer loop
      vertex 36.352 61.7777 4
      vertex 37.7 44.7784 4
      vertex 36.6953 61.8601 4
    endloop
  endfacet
  facet normal 0 0 1
    outer loop
      vertex 37.7 44.7784 4
      vertex 36.352 61.7777 4
      vertex 37.6983 44.7784 4
    endloop
  endfacet
  facet normal 0 0 1
    outer loop
      vertex 37.6983 44.7784 4
      vertex 36.352 61.7777 4
      vertex 37.6791 44.7784 4
    endloop
  endfacet
  facet normal 0 0 1
    outer loop
      vertex 37.6791 44.7784 4
      vertex 36.352 61.7777 4
      vertex 37.1082 44.7784 4
    endloop
  endfacet
  facet normal -0 0 1
    outer loop
      vertex 36 61.75 4
      vertex 37.1082 44.7784 4
      vertex 36.352 61.7777 4
    endloop
  endfacet
  facet normal 0 0 1
    outer loop
      vertex 34.8918 44.7784 4
      vertex 36 61.75 4
      vertex 35.648 61.7777 4
    endloop
  endfacet
  facet normal 0 0 1
    outer loop
      vertex 34.3 44.7784 4
      vertex 35.648 61.7777 4
      vertex 35.3047 61.8601 4
    endloop
  endfacet
  facet normal 0 0 1
    outer loop
      vertex 34.3 44.7784 4
      vertex 35.3047 61.8601 4
      vertex 34.9785 61.9952 4
    endloop
  endfacet
  facet normal 0 0 1
    outer loop
      vertex 36 61.75 4
      vertex 34.8918 44.7784 4
      vertex 37.1082 44.7784 4
    endloop
  endfacet
  facet normal 0 0 1
    outer loop
      vertex 34.3 44.7784 4
      vertex 34.9785 61.9952 4
      vertex 34.6775 62.1797 4
    endloop
  endfacet
  facet normal 0 0 1
    outer loop
      vertex 34.3 44.7784 4
      vertex 34.6775 62.1797 4
      vertex 34.409 62.409 4
    endloop
  endfacet
  facet normal 0 0 1
    outer loop
      vertex 35.648 61.7777 4
      vertex 34.3209 44.7784 4
      vertex 34.8918 44.7784 4
    endloop
  endfacet
  facet normal 0 0 1
    outer loop
      vertex 35.648 61.7777 4
      vertex 34.3017 44.7784 4
      vertex 34.3209 44.7784 4
    endloop
  endfacet
  facet normal 0 0 1
    outer loop
      vertex 35.648 61.7777 4
      vertex 34.3 44.7784 4
      vertex 34.3017 44.7784 4
    endloop
  endfacet
  facet normal 0 0 1
    outer loop
      vertex 34.1797 62.6775 4
      vertex 34.3 44.7784 4
      vertex 34.409 62.409 4
    endloop
  endfacet
  facet normal 0 0 1
    outer loop
      vertex 33.9952 62.9785 4
      vertex 34.3 44.7784 4
      vertex 34.1797 62.6775 4
    endloop
  endfacet
  facet normal 0 0 1
    outer loop
      vertex 0 43.7685 4
      vertex 34.3 44.7784 4
      vertex 33.9952 62.9785 4
    endloop
  endfacet
  facet normal 0 0 1
    outer loop
      vertex 0 43.7685 4
      vertex 33.9952 62.9785 4
      vertex 33.8601 63.3047 4
    endloop
  endfacet
  facet normal 0 0 1
    outer loop
      vertex 0 43.7685 4
      vertex 33.8601 63.3047 4
      vertex 33.7777 63.648 4
    endloop
  endfacet
  facet normal 0 0 1
    outer loop
      vertex 0 74 4
      vertex 33.7777 63.648 4
      vertex 33.75 64 4
    endloop
  endfacet
  facet normal -0 0 1
    outer loop
      vertex 0 74 4
      vertex 33.75 64 4
      vertex 6 80 4
    endloop
  endfacet
  facet normal 0 0 1
    outer loop
      vertex 0 74 4
      vertex 6 80 4
      vertex 5.06139 79.9261 4
    endloop
  endfacet
  facet normal 0 0 1
    outer loop
      vertex 0 74 4
      vertex 5.06139 79.9261 4
      vertex 4.1459 79.7063 4
    endloop
  endfacet
  facet normal 0 0 1
    outer loop
      vertex 0 74 4
      vertex 4.1459 79.7063 4
      vertex 3.27606 79.346 4
    endloop
  endfacet
  facet normal 0 0 1
    outer loop
      vertex 0 74 4
      vertex 3.27606 79.346 4
      vertex 2.47329 78.8541 4
    endloop
  endfacet
  facet normal 0 0 1
    outer loop
      vertex 0 74 4
      vertex 2.47329 78.8541 4
      vertex 1.75736 78.2426 4
    endloop
  endfacet
  facet normal 0 0 1
    outer loop
      vertex 0 74 4
      vertex 1.75736 78.2426 4
      vertex 1.1459 77.5267 4
    endloop
  endfacet
  facet normal 0 0 1
    outer loop
      vertex 0 74 4
      vertex 1.1459 77.5267 4
      vertex 0.65396 76.7239 4
    endloop
  endfacet
  facet normal 0 0 1
    outer loop
      vertex 0 74 4
      vertex 0.65396 76.7239 4
      vertex 0.29366 75.8541 4
    endloop
  endfacet
  facet normal 0 0 1
    outer loop
      vertex 0 74 4
      vertex 0.29366 75.8541 4
      vertex 0.0738697 74.9386 4
    endloop
  endfacet
  facet normal 0 0 1
    outer loop
      vertex 33.7777 63.648 4
      vertex 0 74 4
      vertex 0 43.7685 4
    endloop
  endfacet
  facet normal 0 0 1
    outer loop
      vertex 34.3 44.7784 4
      vertex 0 43.7685 4
      vertex 34.3 43.7685 4
    endloop
  endfacet
  facet normal 0 0 1
    outer loop
      vertex 66 80 4
      vertex 38.2223 64.352 4
      vertex 38.25 64 4
    endloop
  endfacet
  facet normal 0 0 1
    outer loop
      vertex 66 80 4
      vertex 38.1399 64.6953 4
      vertex 38.2223 64.352 4
    endloop
  endfacet
  facet normal 0 0 1
    outer loop
      vertex 66 80 4
      vertex 38.0048 65.0215 4
      vertex 38.1399 64.6953 4
    endloop
  endfacet
  facet normal 0 0 1
    outer loop
      vertex 66 80 4
      vertex 37.8203 65.3225 4
      vertex 38.0048 65.0215 4
    endloop
  endfacet
  facet normal 0 0 1
    outer loop
      vertex 66 80 4
      vertex 37.591 65.591 4
      vertex 37.8203 65.3225 4
    endloop
  endfacet
  facet normal 0 0 1
    outer loop
      vertex 66 80 4
      vertex 37.3225 65.8203 4
      vertex 37.591 65.591 4
    endloop
  endfacet
  facet normal 0 0 1
    outer loop
      vertex 66 80 4
      vertex 37.0215 66.0048 4
      vertex 37.3225 65.8203 4
    endloop
  endfacet
  facet normal 0 0 1
    outer loop
      vertex 66 80 4
      vertex 36.6953 66.1399 4
      vertex 37.0215 66.0048 4
    endloop
  endfacet
  facet normal 0 0 1
    outer loop
      vertex 66 80 4
      vertex 36.352 66.2223 4
      vertex 36.6953 66.1399 4
    endloop
  endfacet
  facet normal 0 0 1
    outer loop
      vertex 66 80 4
      vertex 36 66.25 4
      vertex 36.352 66.2223 4
    endloop
  endfacet
  facet normal -0 0 1
    outer loop
      vertex 6 80 4
      vertex 36 66.25 4
      vertex 66 80 4
    endloop
  endfacet
  facet normal 0 0 1
    outer loop
      vertex 36 66.25 4
      vertex 6 80 4
      vertex 35.648 66.2223 4
    endloop
  endfacet
  facet normal 0 0 1
    outer loop
      vertex 35.648 66.2223 4
      vertex 6 80 4
      vertex 35.3047 66.1399 4
    endloop
  endfacet
  facet normal 0 0 1
    outer loop
      vertex 33.7777 64.352 4
      vertex 6 80 4
      vertex 33.75 64 4
    endloop
  endfacet
  facet normal 0 0 1
    outer loop
      vertex 33.8601 64.6953 4
      vertex 6 80 4
      vertex 33.7777 64.352 4
    endloop
  endfacet
  facet normal 0 0 1
    outer loop
      vertex 33.9952 65.0215 4
      vertex 6 80 4
      vertex 33.8601 64.6953 4
    endloop
  endfacet
  facet normal 0 0 1
    outer loop
      vertex 34.1797 65.3225 4
      vertex 6 80 4
      vertex 33.9952 65.0215 4
    endloop
  endfacet
  facet normal 0 0 1
    outer loop
      vertex 34.409 65.591 4
      vertex 6 80 4
      vertex 34.1797 65.3225 4
    endloop
  endfacet
  facet normal 0 0 1
    outer loop
      vertex 34.6775 65.8203 4
      vertex 6 80 4
      vertex 34.409 65.591 4
    endloop
  endfacet
  facet normal 0 0 1
    outer loop
      vertex 34.9785 66.0048 4
      vertex 6 80 4
      vertex 34.6775 65.8203 4
    endloop
  endfacet
  facet normal 0 0 1
    outer loop
      vertex 35.3047 66.1399 4
      vertex 6 80 4
      vertex 34.9785 66.0048 4
    endloop
  endfacet
  facet normal 0 0 1
    outer loop
      vertex 66 80 4
      vertex 72 74 4
      vertex 71.9261 74.9386 4
    endloop
  endfacet
  facet normal 0 0 1
    outer loop
      vertex 66 80 4
      vertex 71.9261 74.9386 4
      vertex 71.7063 75.8541 4
    endloop
  endfacet
  facet normal 0 0 1
    outer loop
      vertex 66 80 4
      vertex 71.7063 75.8541 4
      vertex 71.346 76.7239 4
    endloop
  endfacet
  facet normal 0 0 1
    outer loop
      vertex 66 80 4
      vertex 71.346 76.7239 4
      vertex 70.8541 77.5267 4
    endloop
  endfacet
  facet normal 0 0 1
    outer loop
      vertex 66 80 4
      vertex 70.8541 77.5267 4
      vertex 70.2426 78.2426 4
    endloop
  endfacet
  facet normal 0 0 1
    outer loop
      vertex 66 80 4
      vertex 70.2426 78.2426 4
      vertex 69.5267 78.8541 4
    endloop
  endfacet
  facet normal 0 0 1
    outer loop
      vertex 66 80 4
      vertex 69.5267 78.8541 4
      vertex 68.7239 79.346 4
    endloop
  endfacet
  facet normal 0 0 1
    outer loop
      vertex 66 80 4
      vertex 68.7239 79.346 4
      vertex 67.8541 79.7063 4
    endloop
  endfacet
  facet normal 0 0 1
    outer loop
      vertex 66 80 4
      vertex 67.8541 79.7063 4
      vertex 66.9386 79.9261 4
    endloop
  endfacet
  facet normal 0 0 1
    outer loop
      vertex 72 74 4
      vertex 66 80 4
      vertex 38.25 64 4
    endloop
  endfacet
  facet normal 0 0 1
    outer loop
      vertex 72 74 4
      vertex 38.25 64 4
      vertex 38.2223 63.648 4
    endloop
  endfacet
  facet normal 0 0 1
    outer loop
      vertex 72 74 4
      vertex 38.2223 63.648 4
      vertex 72 43.7685 4
    endloop
  endfacet
  facet normal -0 0 1
    outer loop
      vertex 38.1399 63.3047 4
      vertex 72 43.7685 4
      vertex 38.2223 63.648 4
    endloop
  endfacet
  facet normal -0 0 1
    outer loop
      vertex 38.0048 62.9785 4
      vertex 72 43.7685 4
      vertex 38.1399 63.3047 4
    endloop
  endfacet
  facet normal 0 0 1
    outer loop
      vertex 37.7 44.7784 4
      vertex 38.0048 62.9785 4
      vertex 37.8203 62.6775 4
    endloop
  endfacet
  facet normal 0 0 1
    outer loop
      vertex 38.0048 62.9785 4
      vertex 37.7 44.7784 4
      vertex 72 43.7685 4
    endloop
  endfacet
  facet normal 0 0 1
    outer loop
      vertex 72 43.7685 4
      vertex 37.7 44.7784 4
      vertex 37.7 43.7685 4
    endloop
  endfacet
  facet normal 0 0 1
    outer loop
      vertex 33.8601 36.6953 4
      vertex 34.3 39.5273 4
      vertex 34.3 40.5371 4
    endloop
  endfacet
  facet normal 0 0 1
    outer loop
      vertex 34.3 39.5273 4
      vertex 33.9952 37.0215 4
      vertex 34.1797 37.3225 4
    endloop
  endfacet
  facet normal 0 0 1
    outer loop
      vertex 34.3 39.5273 4
      vertex 33.8601 36.6953 4
      vertex 33.9952 37.0215 4
    endloop
  endfacet
  facet normal 0 0 1
    outer loop
      vertex 34.3 40.5371 4
      vertex 33.8493 36.6503 4
      vertex 33.8601 36.6953 4
    endloop
  endfacet
  facet normal -0 0 1
    outer loop
      vertex 0 40.5371 4
      vertex 33.8493 36.6503 4
      vertex 34.3 40.5371 4
    endloop
  endfacet
  facet normal 0 0 1
    outer loop
      vertex 33.8493 36.6503 4
      vertex 0 40.5371 4
      vertex 0 36.6503 4
    endloop
  endfacet
  facet normal 0 0 1
    outer loop
      vertex 72 40.5371 4
      vertex 38.1507 36.6503 4
      vertex 72 36.6503 4
    endloop
  endfacet
  facet normal 0 0 1
    outer loop
      vertex 72 40.5371 4
      vertex 38.1399 36.6953 4
      vertex 38.1507 36.6503 4
    endloop
  endfacet
  facet normal -0 0 1
    outer loop
      vertex 37.7 40.5371 4
      vertex 38.1399 36.6953 4
      vertex 72 40.5371 4
    endloop
  endfacet
  facet normal -0 0 1
    outer loop
      vertex 37.7 39.5273 4
      vertex 38.1399 36.6953 4
      vertex 37.7 40.5371 4
    endloop
  endfacet
  facet normal 0 0 1
    outer loop
      vertex 38.1399 36.6953 4
      vertex 37.7 39.5273 4
      vertex 38.0048 37.0215 4
    endloop
  endfacet
  facet normal 0 0 1
    outer loop
      vertex 38.0048 37.0215 4
      vertex 37.7 39.5273 4
      vertex 37.8203 37.3225 4
    endloop
  endfacet
  facet normal 0 0 1
    outer loop
      vertex 37.3225 37.8203 4
      vertex 37.7 39.5273 4
      vertex 37.6977 39.5273 4
    endloop
  endfacet
  facet normal 0 0 1
    outer loop
      vertex 37.7 39.5273 4
      vertex 37.591 37.591 4
      vertex 37.8203 37.3225 4
    endloop
  endfacet
  facet normal 0 0 1
    outer loop
      vertex 37.0215 38.0048 4
      vertex 37.6977 39.5273 4
      vertex 37.3971 39.5273 4
    endloop
  endfacet
  facet normal 0 0 1
    outer loop
      vertex 37.7 39.5273 4
      vertex 37.3225 37.8203 4
      vertex 37.591 37.591 4
    endloop
  endfacet
  facet normal 0 0 1
    outer loop
      vertex 37.6977 39.5273 4
      vertex 37.0215 38.0048 4
      vertex 37.3225 37.8203 4
    endloop
  endfacet
  facet normal 0 0 1
    outer loop
      vertex 37.3971 39.5273 4
      vertex 36.6953 38.1399 4
      vertex 37.0215 38.0048 4
    endloop
  endfacet
  facet normal -0 0 1
    outer loop
      vertex 36.6617 39.5273 4
      vertex 36.6953 38.1399 4
      vertex 37.3971 39.5273 4
    endloop
  endfacet
  facet normal 0 0 1
    outer loop
      vertex 36.6617 39.5273 4
      vertex 36.352 38.2223 4
      vertex 36.6953 38.1399 4
    endloop
  endfacet
  facet normal 0 0 1
    outer loop
      vertex 36.6617 39.5273 4
      vertex 36 38.25 4
      vertex 36.352 38.2223 4
    endloop
  endfacet
  facet normal -0 0 1
    outer loop
      vertex 35.3383 39.5273 4
      vertex 36 38.25 4
      vertex 36.6617 39.5273 4
    endloop
  endfacet
  facet normal 0 0 1
    outer loop
      vertex 36 38.25 4
      vertex 35.3383 39.5273 4
      vertex 35.648 38.2223 4
    endloop
  endfacet
  facet normal 0 0 1
    outer loop
      vertex 35.3383 39.5273 4
      vertex 35.3047 38.1399 4
      vertex 35.648 38.2223 4
    endloop
  endfacet
  facet normal -0 0 1
    outer loop
      vertex 34.6029 39.5273 4
      vertex 35.3047 38.1399 4
      vertex 35.3383 39.5273 4
    endloop
  endfacet
  facet normal 0 0 1
    outer loop
      vertex 35.3047 38.1399 4
      vertex 34.6029 39.5273 4
      vertex 34.9785 38.0048 4
    endloop
  endfacet
  facet normal -0 0 1
    outer loop
      vertex 34.3023 39.5273 4
      vertex 34.9785 38.0048 4
      vertex 34.6029 39.5273 4
    endloop
  endfacet
  facet normal 0 0 1
    outer loop
      vertex 34.9785 38.0048 4
      vertex 34.3023 39.5273 4
      vertex 34.6775 37.8203 4
    endloop
  endfacet
  facet normal -0 0 1
    outer loop
      vertex 34.3 39.5273 4
      vertex 34.6775 37.8203 4
      vertex 34.3023 39.5273 4
    endloop
  endfacet
  facet normal 0 0 1
    outer loop
      vertex 34.6775 37.8203 4
      vertex 34.3 39.5273 4
      vertex 34.409 37.591 4
    endloop
  endfacet
  facet normal 0 0 1
    outer loop
      vertex 34.409 37.591 4
      vertex 34.3 39.5273 4
      vertex 34.1797 37.3225 4
    endloop
  endfacet
  facet normal 0.83205 -0.5547 0
    outer loop
      vertex 68 0 2.4
      vertex 72 6 0
      vertex 72 6 4
    endloop
  endfacet
  facet normal 0.83205 -0.5547 0
    outer loop
      vertex 72 6 0
      vertex 68 0 2.4
      vertex 68 0 0
    endloop
  endfacet
  facet normal -0.996917 0.0784594 0
    outer loop
      vertex 0 74 0
      vertex 0.0738697 74.9386 4
      vertex 0.0738697 74.9386 0
    endloop
  endfacet
  facet normal -0.996917 0.0784594 0
    outer loop
      vertex 0.0738697 74.9386 4
      vertex 0 74 0
      vertex 0 74 4
    endloop
  endfacet
  facet normal 0.996915 0.0784914 0
    outer loop
      vertex 72 74 4
      vertex 71.9261 74.9386 0
      vertex 71.9261 74.9386 4
    endloop
  endfacet
  facet normal 0.996915 0.0784914 0
    outer loop
      vertex 71.9261 74.9386 0
      vertex 72 74 4
      vertex 72 74 0
    endloop
  endfacet
  facet normal 0 0 -1
    outer loop
      vertex 38.1399 36.6953 0
      vertex 72 74 0
      vertex 38.2223 36.352 0
    endloop
  endfacet
  facet normal 0 0 -1
    outer loop
      vertex 72 74 0
      vertex 38.2223 63.648 0
      vertex 38.25 64 0
    endloop
  endfacet
  facet normal 0 0 -1
    outer loop
      vertex 38.0048 37.0215 0
      vertex 72 74 0
      vertex 38.1399 36.6953 0
    endloop
  endfacet
  facet normal 0 0 -1
    outer loop
      vertex 72 74 0
      vertex 38.1399 63.3047 0
      vertex 38.2223 63.648 0
    endloop
  endfacet
  facet normal 0 0 -1
    outer loop
      vertex 38.0048 62.9785 0
      vertex 72 74 0
      vertex 38.0048 37.0215 0
    endloop
  endfacet
  facet normal 0 0 -1
    outer loop
      vertex 72 74 0
      vertex 38.0048 62.9785 0
      vertex 38.1399 63.3047 0
    endloop
  endfacet
  facet normal 0 0 -1
    outer loop
      vertex 37.8203 37.3225 0
      vertex 38.0048 62.9785 0
      vertex 38.0048 37.0215 0
    endloop
  endfacet
  facet normal 0 0 -1
    outer loop
      vertex 37.8203 37.3225 0
      vertex 37.8203 62.6775 0
      vertex 38.0048 62.9785 0
    endloop
  endfacet
  facet normal 0 0 -1
    outer loop
      vertex 37.591 37.591 0
      vertex 37.8203 62.6775 0
      vertex 37.8203 37.3225 0
    endloop
  endfacet
  facet normal 0 0 -1
    outer loop
      vertex 37.591 37.591 0
      vertex 37.591 62.409 0
      vertex 37.8203 62.6775 0
    endloop
  endfacet
  facet normal 0 0 -1
    outer loop
      vertex 37.3225 37.8203 0
      vertex 37.591 62.409 0
      vertex 37.591 37.591 0
    endloop
  endfacet
  facet normal 0 0 -1
    outer loop
      vertex 37.3225 37.8203 0
      vertex 37.3225 62.1797 0
      vertex 37.591 62.409 0
    endloop
  endfacet
  facet normal 0 0 -1
    outer loop
      vertex 37.0215 38.0048 0
      vertex 37.3225 62.1797 0
      vertex 37.3225 37.8203 0
    endloop
  endfacet
  facet normal 0 0 -1
    outer loop
      vertex 37.0215 38.0048 0
      vertex 37.0215 61.9952 0
      vertex 37.3225 62.1797 0
    endloop
  endfacet
  facet normal 0 0 -1
    outer loop
      vertex 36.6953 38.1399 0
      vertex 37.0215 61.9952 0
      vertex 37.0215 38.0048 0
    endloop
  endfacet
  facet normal 0 0 -1
    outer loop
      vertex 36.6953 38.1399 0
      vertex 36.6953 61.8601 0
      vertex 37.0215 61.9952 0
    endloop
  endfacet
  facet normal 0 0 -1
    outer loop
      vertex 36.352 38.2223 0
      vertex 36.6953 61.8601 0
      vertex 36.6953 38.1399 0
    endloop
  endfacet
  facet normal 0 0 -1
    outer loop
      vertex 36.352 38.2223 0
      vertex 36.352 61.7777 0
      vertex 36.6953 61.8601 0
    endloop
  endfacet
  facet normal 0 0 -1
    outer loop
      vertex 36 38.25 0
      vertex 36.352 61.7777 0
      vertex 36.352 38.2223 0
    endloop
  endfacet
  facet normal 0 0 -1
    outer loop
      vertex 36 38.25 0
      vertex 36 61.75 0
      vertex 36.352 61.7777 0
    endloop
  endfacet
  facet normal 0 0 -1
    outer loop
      vertex 35.648 38.2223 0
      vertex 36 61.75 0
      vertex 36 38.25 0
    endloop
  endfacet
  facet normal 0 0 -1
    outer loop
      vertex 35.648 38.2223 0
      vertex 35.648 61.7777 0
      vertex 36 61.75 0
    endloop
  endfacet
  facet normal 0 0 -1
    outer loop
      vertex 35.3047 38.1399 0
      vertex 35.648 61.7777 0
      vertex 35.648 38.2223 0
    endloop
  endfacet
  facet normal 0 0 -1
    outer loop
      vertex 35.3047 38.1399 0
      vertex 35.3047 61.8601 0
      vertex 35.648 61.7777 0
    endloop
  endfacet
  facet normal 0 0 -1
    outer loop
      vertex 34.9785 38.0048 0
      vertex 35.3047 61.8601 0
      vertex 35.3047 38.1399 0
    endloop
  endfacet
  facet normal 0 0 -1
    outer loop
      vertex 34.9785 38.0048 0
      vertex 34.9785 61.9952 0
      vertex 35.3047 61.8601 0
    endloop
  endfacet
  facet normal 0 0 -1
    outer loop
      vertex 34.6775 37.8203 0
      vertex 34.9785 61.9952 0
      vertex 34.9785 38.0048 0
    endloop
  endfacet
  facet normal 0 0 -1
    outer loop
      vertex 34.6775 37.8203 0
      vertex 34.6775 62.1797 0
      vertex 34.9785 61.9952 0
    endloop
  endfacet
  facet normal 0 0 -1
    outer loop
      vertex 34.409 37.591 0
      vertex 34.6775 62.1797 0
      vertex 34.6775 37.8203 0
    endloop
  endfacet
  facet normal 0 0 -1
    outer loop
      vertex 34.409 37.591 0
      vertex 34.409 62.409 0
      vertex 34.6775 62.1797 0
    endloop
  endfacet
  facet normal 0 0 -1
    outer loop
      vertex 34.1797 37.3225 0
      vertex 34.409 62.409 0
      vertex 34.409 37.591 0
    endloop
  endfacet
  facet normal 0 0 -1
    outer loop
      vertex 34.1797 37.3225 0
      vertex 34.1797 62.6775 0
      vertex 34.409 62.409 0
    endloop
  endfacet
  facet normal 0 0 -1
    outer loop
      vertex 33.9952 37.0215 0
      vertex 34.1797 62.6775 0
      vertex 34.1797 37.3225 0
    endloop
  endfacet
  facet normal 0 0 -1
    outer loop
      vertex 33.9952 37.0215 0
      vertex 33.9952 62.9785 0
      vertex 34.1797 62.6775 0
    endloop
  endfacet
  facet normal 0 0 -1
    outer loop
      vertex 0 74 0
      vertex 33.9952 37.0215 0
      vertex 33.8601 36.6953 0
    endloop
  endfacet
  facet normal 0 0 -1
    outer loop
      vertex 33.9952 37.0215 0
      vertex 0 74 0
      vertex 33.9952 62.9785 0
    endloop
  endfacet
  facet normal 0 0 -1
    outer loop
      vertex 0 74 0
      vertex 33.8601 36.6953 0
      vertex 33.7777 36.352 0
    endloop
  endfacet
  facet normal 0 0 -1
    outer loop
      vertex 33.9952 62.9785 0
      vertex 0 74 0
      vertex 33.8601 63.3047 0
    endloop
  endfacet
  facet normal 0 0 -1
    outer loop
      vertex 0 6 0
      vertex 33.7777 36.352 0
      vertex 33.75 36 0
    endloop
  endfacet
  facet normal 0 0 -1
    outer loop
      vertex 33.8601 63.3047 0
      vertex 0 74 0
      vertex 33.7777 63.648 0
    endloop
  endfacet
  facet normal 0 0 -1
    outer loop
      vertex 38.2223 36.352 0
      vertex 72 6 0
      vertex 38.25 36 0
    endloop
  endfacet
  facet normal 0 0 -1
    outer loop
      vertex 72 6 0
      vertex 38.2223 36.352 0
      vertex 72 74 0
    endloop
  endfacet
  facet normal 0 -0 -1
    outer loop
      vertex 66 80 0
      vertex 72 74 0
      vertex 38.25 64 0
    endloop
  endfacet
  facet normal 0 0 -1
    outer loop
      vertex 72 74 0
      vertex 66 80 0
      vertex 71.9261 74.9386 0
    endloop
  endfacet
  facet normal 0 0 -1
    outer loop
      vertex 71.9261 74.9386 0
      vertex 66 80 0
      vertex 71.7063 75.8541 0
    endloop
  endfacet
  facet normal 0 0 -1
    outer loop
      vertex 71.7063 75.8541 0
      vertex 66 80 0
      vertex 71.346 76.7239 0
    endloop
  endfacet
  facet normal 0 0 -1
    outer loop
      vertex 71.346 76.7239 0
      vertex 66 80 0
      vertex 70.8541 77.5267 0
    endloop
  endfacet
  facet normal 0 0 -1
    outer loop
      vertex 37.3225 34.1797 0
      vertex 72 6 0
      vertex 68 0 0
    endloop
  endfacet
  facet normal 0 0 -1
    outer loop
      vertex 70.8541 77.5267 0
      vertex 66 80 0
      vertex 70.2426 78.2426 0
    endloop
  endfacet
  facet normal 0 0 -1
    outer loop
      vertex 70.2426 78.2426 0
      vertex 66 80 0
      vertex 69.5267 78.8541 0
    endloop
  endfacet
  facet normal 0 0 -1
    outer loop
      vertex 69.5267 78.8541 0
      vertex 66 80 0
      vertex 68.7239 79.346 0
    endloop
  endfacet
  facet normal 0 0 -1
    outer loop
      vertex 68.7239 79.346 0
      vertex 66 80 0
      vertex 67.8541 79.7063 0
    endloop
  endfacet
  facet normal 0 0 -1
    outer loop
      vertex 72 6 0
      vertex 38.2223 35.648 0
      vertex 38.25 36 0
    endloop
  endfacet
  facet normal 0 0 -1
    outer loop
      vertex 72 6 0
      vertex 38.1399 35.3047 0
      vertex 38.2223 35.648 0
    endloop
  endfacet
  facet normal 0 0 -1
    outer loop
      vertex 72 6 0
      vertex 38.0048 34.9785 0
      vertex 38.1399 35.3047 0
    endloop
  endfacet
  facet normal 0 0 -1
    outer loop
      vertex 72 6 0
      vertex 37.8203 34.6775 0
      vertex 38.0048 34.9785 0
    endloop
  endfacet
  facet normal 0 0 -1
    outer loop
      vertex 72 6 0
      vertex 37.591 34.409 0
      vertex 37.8203 34.6775 0
    endloop
  endfacet
  facet normal 0 0 -1
    outer loop
      vertex 72 6 0
      vertex 37.3225 34.1797 0
      vertex 37.591 34.409 0
    endloop
  endfacet
  facet normal 0 0 -1
    outer loop
      vertex 68 0 0
      vertex 37.0215 33.9952 0
      vertex 37.3225 34.1797 0
    endloop
  endfacet
  facet normal 0 0 -1
    outer loop
      vertex 68 0 0
      vertex 36.6953 33.8601 0
      vertex 37.0215 33.9952 0
    endloop
  endfacet
  facet normal 0 0 -1
    outer loop
      vertex 68 0 0
      vertex 36.352 33.7777 0
      vertex 36.6953 33.8601 0
    endloop
  endfacet
  facet normal 0 0 -1
    outer loop
      vertex 68 0 0
      vertex 36 33.75 0
      vertex 36.352 33.7777 0
    endloop
  endfacet
  facet normal 0 0 -1
    outer loop
      vertex 4 0 0
      vertex 36 33.75 0
      vertex 68 0 0
    endloop
  endfacet
  facet normal -0 0 -1
    outer loop
      vertex 36 33.75 0
      vertex 4 0 0
      vertex 35.648 33.7777 0
    endloop
  endfacet
  facet normal -0 0 -1
    outer loop
      vertex 35.648 33.7777 0
      vertex 4 0 0
      vertex 35.3047 33.8601 0
    endloop
  endfacet
  facet normal -0 0 -1
    outer loop
      vertex 35.3047 33.8601 0
      vertex 4 0 0
      vertex 34.9785 33.9952 0
    endloop
  endfacet
  facet normal -0 0 -1
    outer loop
      vertex 34.9785 33.9952 0
      vertex 4 0 0
      vertex 34.6775 34.1797 0
    endloop
  endfacet
  facet normal 0 0 -1
    outer loop
      vertex 33.7777 63.648 0
      vertex 0 74 0
      vertex 33.75 64 0
    endloop
  endfacet
  facet normal 0 0 -1
    outer loop
      vertex 0 6 0
      vertex 33.75 36 0
      vertex 33.7777 35.648 0
    endloop
  endfacet
  facet normal 0 0 -1
    outer loop
      vertex 0 6 0
      vertex 33.7777 35.648 0
      vertex 33.8601 35.3047 0
    endloop
  endfacet
  facet normal 0 0 -1
    outer loop
      vertex 0 6 0
      vertex 33.8601 35.3047 0
      vertex 33.9952 34.9785 0
    endloop
  endfacet
  facet normal 0 0 -1
    outer loop
      vertex 0 6 0
      vertex 33.9952 34.9785 0
      vertex 34.1797 34.6775 0
    endloop
  endfacet
  facet normal 0 0 -1
    outer loop
      vertex 33.75 64 0
      vertex 0 74 0
      vertex 6 80 0
    endloop
  endfacet
  facet normal 0 0 -1
    outer loop
      vertex 6 80 0
      vertex 0 74 0
      vertex 5.06139 79.9261 0
    endloop
  endfacet
  facet normal 0 0 -1
    outer loop
      vertex 0 6 0
      vertex 34.6775 34.1797 0
      vertex 4 0 0
    endloop
  endfacet
  facet normal -0 0 -1
    outer loop
      vertex 34.6775 34.1797 0
      vertex 0 6 0
      vertex 34.409 34.409 0
    endloop
  endfacet
  facet normal -0 0 -1
    outer loop
      vertex 34.409 34.409 0
      vertex 0 6 0
      vertex 34.1797 34.6775 0
    endloop
  endfacet
  facet normal -0 0 -1
    outer loop
      vertex 33.7777 36.352 0
      vertex 0 6 0
      vertex 0 74 0
    endloop
  endfacet
  facet normal 0 0 -1
    outer loop
      vertex 4.1459 79.7063 0
      vertex 0 74 0
      vertex 3.27606 79.346 0
    endloop
  endfacet
  facet normal 0 0 -1
    outer loop
      vertex 3.27606 79.346 0
      vertex 0 74 0
      vertex 2.47329 78.8541 0
    endloop
  endfacet
  facet normal 0 0 -1
    outer loop
      vertex 2.47329 78.8541 0
      vertex 0 74 0
      vertex 1.75736 78.2426 0
    endloop
  endfacet
  facet normal 0 0 -1
    outer loop
      vertex 1.75736 78.2426 0
      vertex 0 74 0
      vertex 1.1459 77.5267 0
    endloop
  endfacet
  facet normal 0 0 -1
    outer loop
      vertex 1.1459 77.5267 0
      vertex 0 74 0
      vertex 0.65396 76.7239 0
    endloop
  endfacet
  facet normal 0 0 -1
    outer loop
      vertex 0.65396 76.7239 0
      vertex 0 74 0
      vertex 0.29366 75.8541 0
    endloop
  endfacet
  facet normal 0 0 -1
    outer loop
      vertex 5.06139 79.9261 0
      vertex 0 74 0
      vertex 4.1459 79.7063 0
    endloop
  endfacet
  facet normal 0 0 -1
    outer loop
      vertex 0.29366 75.8541 0
      vertex 0 74 0
      vertex 0.0738697 74.9386 0
    endloop
  endfacet
  facet normal 0 0 -1
    outer loop
      vertex 67.8541 79.7063 0
      vertex 66 80 0
      vertex 66.9386 79.9261 0
    endloop
  endfacet
  facet normal 0 0 -1
    outer loop
      vertex 38.2223 64.352 0
      vertex 66 80 0
      vertex 38.25 64 0
    endloop
  endfacet
  facet normal 0 0 -1
    outer loop
      vertex 38.1399 64.6953 0
      vertex 66 80 0
      vertex 38.2223 64.352 0
    endloop
  endfacet
  facet normal 0 0 -1
    outer loop
      vertex 38.0048 65.0215 0
      vertex 66 80 0
      vertex 38.1399 64.6953 0
    endloop
  endfacet
  facet normal 0 0 -1
    outer loop
      vertex 37.8203 65.3225 0
      vertex 66 80 0
      vertex 38.0048 65.0215 0
    endloop
  endfacet
  facet normal 0 0 -1
    outer loop
      vertex 37.591 65.591 0
      vertex 66 80 0
      vertex 37.8203 65.3225 0
    endloop
  endfacet
  facet normal 0 0 -1
    outer loop
      vertex 37.3225 65.8203 0
      vertex 66 80 0
      vertex 37.591 65.591 0
    endloop
  endfacet
  facet normal 0 0 -1
    outer loop
      vertex 37.0215 66.0048 0
      vertex 66 80 0
      vertex 37.3225 65.8203 0
    endloop
  endfacet
  facet normal 0 0 -1
    outer loop
      vertex 36.6953 66.1399 0
      vertex 66 80 0
      vertex 37.0215 66.0048 0
    endloop
  endfacet
  facet normal 0 0 -1
    outer loop
      vertex 36.352 66.2223 0
      vertex 66 80 0
      vertex 36.6953 66.1399 0
    endloop
  endfacet
  facet normal 0 0 -1
    outer loop
      vertex 36 66.25 0
      vertex 66 80 0
      vertex 36.352 66.2223 0
    endloop
  endfacet
  facet normal 0 0 -1
    outer loop
      vertex 6 80 0
      vertex 36 66.25 0
      vertex 35.648 66.2223 0
    endloop
  endfacet
  facet normal 0 0 -1
    outer loop
      vertex 6 80 0
      vertex 35.648 66.2223 0
      vertex 35.3047 66.1399 0
    endloop
  endfacet
  facet normal 0 0 -1
    outer loop
      vertex 6 80 0
      vertex 35.3047 66.1399 0
      vertex 34.9785 66.0048 0
    endloop
  endfacet
  facet normal 0 0 -1
    outer loop
      vertex 36 66.25 0
      vertex 6 80 0
      vertex 66 80 0
    endloop
  endfacet
  facet normal 0 0 -1
    outer loop
      vertex 34.6775 65.8203 0
      vertex 6 80 0
      vertex 34.9785 66.0048 0
    endloop
  endfacet
  facet normal 0 0 -1
    outer loop
      vertex 34.409 65.591 0
      vertex 6 80 0
      vertex 34.6775 65.8203 0
    endloop
  endfacet
  facet normal 0 0 -1
    outer loop
      vertex 34.1797 65.3225 0
      vertex 6 80 0
      vertex 34.409 65.591 0
    endloop
  endfacet
  facet normal 0 0 -1
    outer loop
      vertex 33.9952 65.0215 0
      vertex 6 80 0
      vertex 34.1797 65.3225 0
    endloop
  endfacet
  facet normal 0 0 -1
    outer loop
      vertex 33.8601 64.6953 0
      vertex 6 80 0
      vertex 33.9952 65.0215 0
    endloop
  endfacet
  facet normal 0 0 -1
    outer loop
      vertex 33.7777 64.352 0
      vertex 6 80 0
      vertex 33.8601 64.6953 0
    endloop
  endfacet
  facet normal 0 0 -1
    outer loop
      vertex 6 80 0
      vertex 33.7777 64.352 0
      vertex 33.75 64 0
    endloop
  endfacet
  facet normal -0.83205 -0.5547 -0
    outer loop
      vertex 4 0 2.4
      vertex 0 6 0
      vertex 4 0 0
    endloop
  endfacet
  facet normal -0.83205 -0.5547 0
    outer loop
      vertex 0 6 0
      vertex 4 0 2.4
      vertex 0 6 4
    endloop
  endfacet
  facet normal 0 -1 0
    outer loop
      vertex 4 0 0
      vertex 68 0 2.4
      vertex 4 0 2.4
    endloop
  endfacet
  facet normal 0 -1 -0
    outer loop
      vertex 68 0 2.4
      vertex 4 0 0
      vertex 68 0 0
    endloop
  endfacet
  facet normal 0.760373 0.649487 0
    outer loop
      vertex 70.8541 77.5267 4
      vertex 70.2426 78.2426 0
      vertex 70.2426 78.2426 4
    endloop
  endfacet
  facet normal 0.760373 0.649487 0
    outer loop
      vertex 70.2426 78.2426 0
      vertex 70.8541 77.5267 4
      vertex 70.8541 77.5267 0
    endloop
  endfacet
  facet normal 0 1 -0
    outer loop
      vertex 66 80 0
      vertex 6 80 4
      vertex 66 80 4
    endloop
  endfacet
  facet normal 0 1 0
    outer loop
      vertex 6 80 4
      vertex 66 80 0
      vertex 6 80 0
    endloop
  endfacet
  facet normal 0.923873 0.382699 0
    outer loop
      vertex 71.7063 75.8541 4
      vertex 71.346 76.7239 0
      vertex 71.346 76.7239 4
    endloop
  endfacet
  facet normal 0.923873 0.382699 0
    outer loop
      vertex 71.346 76.7239 0
      vertex 71.7063 75.8541 4
      vertex 71.7063 75.8541 0
    endloop
  endfacet
  facet normal 0.852667 0.522455 0
    outer loop
      vertex 71.346 76.7239 4
      vertex 70.8541 77.5267 0
      vertex 70.8541 77.5267 4
    endloop
  endfacet
  facet normal 0.852667 0.522455 0
    outer loop
      vertex 70.8541 77.5267 0
      vertex 71.346 76.7239 4
      vertex 71.346 76.7239 0
    endloop
  endfacet
  facet normal 0.972368 0.233453 0
    outer loop
      vertex 71.9261 74.9386 4
      vertex 71.7063 75.8541 0
      vertex 71.7063 75.8541 4
    endloop
  endfacet
  facet normal 0.972368 0.233453 0
    outer loop
      vertex 71.7063 75.8541 0
      vertex 71.9261 74.9386 4
      vertex 71.9261 74.9386 0
    endloop
  endfacet
  facet normal -0.97237 0.233444 0
    outer loop
      vertex 0.0738697 74.9386 0
      vertex 0.29366 75.8541 4
      vertex 0.29366 75.8541 0
    endloop
  endfacet
  facet normal -0.97237 0.233444 0
    outer loop
      vertex 0.29366 75.8541 4
      vertex 0.0738697 74.9386 0
      vertex 0.0738697 74.9386 4
    endloop
  endfacet
  facet normal -0.923873 0.382699 0
    outer loop
      vertex 0.29366 75.8541 0
      vertex 0.65396 76.7239 4
      vertex 0.65396 76.7239 0
    endloop
  endfacet
  facet normal -0.923873 0.382699 0
    outer loop
      vertex 0.65396 76.7239 4
      vertex 0.29366 75.8541 0
      vertex 0.29366 75.8541 4
    endloop
  endfacet
  facet normal -0.382684 0.923879 0
    outer loop
      vertex 4.1459 79.7063 0
      vertex 3.27606 79.346 4
      vertex 4.1459 79.7063 4
    endloop
  endfacet
  facet normal -0.382684 0.923879 0
    outer loop
      vertex 3.27606 79.346 4
      vertex 4.1459 79.7063 0
      vertex 3.27606 79.346 0
    endloop
  endfacet
  facet normal -0.522469 0.852658 0
    outer loop
      vertex 3.27606 79.346 0
      vertex 2.47329 78.8541 4
      vertex 3.27606 79.346 4
    endloop
  endfacet
  facet normal -0.522469 0.852658 0
    outer loop
      vertex 2.47329 78.8541 4
      vertex 3.27606 79.346 0
      vertex 2.47329 78.8541 0
    endloop
  endfacet
  facet normal -0.233456 0.972367 0
    outer loop
      vertex 5.06139 79.9261 0
      vertex 4.1459 79.7063 4
      vertex 5.06139 79.9261 4
    endloop
  endfacet
  facet normal -0.233456 0.972367 0
    outer loop
      vertex 4.1459 79.7063 4
      vertex 5.06139 79.9261 0
      vertex 4.1459 79.7063 0
    endloop
  endfacet
  facet normal -0.649471 0.760386 0
    outer loop
      vertex 2.47329 78.8541 0
      vertex 1.75736 78.2426 4
      vertex 2.47329 78.8541 4
    endloop
  endfacet
  facet normal -0.649471 0.760386 0
    outer loop
      vertex 1.75736 78.2426 4
      vertex 2.47329 78.8541 0
      vertex 1.75736 78.2426 0
    endloop
  endfacet
  facet normal -0.852648 0.522486 0
    outer loop
      vertex 0.65396 76.7239 0
      vertex 1.1459 77.5267 4
      vertex 1.1459 77.5267 0
    endloop
  endfacet
  facet normal -0.852648 0.522486 0
    outer loop
      vertex 1.1459 77.5267 4
      vertex 0.65396 76.7239 0
      vertex 0.65396 76.7239 4
    endloop
  endfacet
  facet normal -0.760394 0.649463 0
    outer loop
      vertex 1.1459 77.5267 0
      vertex 1.75736 78.2426 4
      vertex 1.75736 78.2426 0
    endloop
  endfacet
  facet normal -0.760394 0.649463 0
    outer loop
      vertex 1.75736 78.2426 4
      vertex 1.1459 77.5267 0
      vertex 1.1459 77.5267 4
    endloop
  endfacet
  facet normal -0.0784905 0.996915 0
    outer loop
      vertex 6 80 0
      vertex 5.06139 79.9261 4
      vertex 6 80 4
    endloop
  endfacet
  facet normal -0.0784905 0.996915 0
    outer loop
      vertex 5.06139 79.9261 4
      vertex 6 80 0
      vertex 5.06139 79.9261 0
    endloop
  endfacet
  facet normal 0.382699 0.923873 -0
    outer loop
      vertex 68.7239 79.346 0
      vertex 67.8541 79.7063 4
      vertex 68.7239 79.346 4
    endloop
  endfacet
  facet normal 0.382699 0.923873 0
    outer loop
      vertex 67.8541 79.7063 4
      vertex 68.7239 79.346 0
      vertex 67.8541 79.7063 0
    endloop
  endfacet
  facet normal 0.522455 0.852667 -0
    outer loop
      vertex 69.5267 78.8541 0
      vertex 68.7239 79.346 4
      vertex 69.5267 78.8541 4
    endloop
  endfacet
  facet normal 0.522455 0.852667 0
    outer loop
      vertex 68.7239 79.346 4
      vertex 69.5267 78.8541 0
      vertex 68.7239 79.346 0
    endloop
  endfacet
  facet normal 0.649487 0.760373 -0
    outer loop
      vertex 70.2426 78.2426 0
      vertex 69.5267 78.8541 4
      vertex 70.2426 78.2426 4
    endloop
  endfacet
  facet normal 0.649487 0.760373 0
    outer loop
      vertex 69.5267 78.8541 4
      vertex 70.2426 78.2426 0
      vertex 69.5267 78.8541 0
    endloop
  endfacet
  facet normal 0.0784914 0.996915 -0
    outer loop
      vertex 66.9386 79.9261 0
      vertex 66 80 4
      vertex 66.9386 79.9261 4
    endloop
  endfacet
  facet normal 0.0784914 0.996915 0
    outer loop
      vertex 66 80 4
      vertex 66.9386 79.9261 0
      vertex 66 80 0
    endloop
  endfacet
  facet normal 0.233453 0.972368 -0
    outer loop
      vertex 67.8541 79.7063 0
      vertex 66.9386 79.9261 4
      vertex 67.8541 79.7063 4
    endloop
  endfacet
  facet normal 0.233453 0.972368 0
    outer loop
      vertex 66.9386 79.9261 4
      vertex 67.8541 79.7063 0
      vertex 66.9386 79.9261 0
    endloop
  endfacet
  facet normal -0.996918 -0.0784506 0
    outer loop
      vertex 38.25 64 0
      vertex 38.2223 64.352 0.799999
      vertex 38.2223 64.352 0
    endloop
  endfacet
  facet normal -0.996918 -0.0784506 0
    outer loop
      vertex 38.2223 64.352 0.799999
      vertex 38.25 64 0
      vertex 38.25 64 0.799999
    endloop
  endfacet
  facet normal -0.996918 -0.0784506 0
    outer loop
      vertex 38.25 64 3.2
      vertex 38.2223 64.352 4
      vertex 38.2223 64.352 3.2
    endloop
  endfacet
  facet normal -0.996918 -0.0784506 0
    outer loop
      vertex 38.2223 64.352 4
      vertex 38.25 64 3.2
      vertex 38.25 64 4
    endloop
  endfacet
  facet normal 0.996918 -0.0784506 0
    outer loop
      vertex 33.75 64 0.799999
      vertex 33.7777 64.352 0
      vertex 33.7777 64.352 0.799999
    endloop
  endfacet
  facet normal 0.996918 -0.0784506 0
    outer loop
      vertex 33.7777 64.352 0
      vertex 33.75 64 0.799999
      vertex 33.75 64 0
    endloop
  endfacet
  facet normal 0.996918 -0.0784506 0
    outer loop
      vertex 33.75 64 4
      vertex 33.7777 64.352 3.2
      vertex 33.7777 64.352 4
    endloop
  endfacet
  facet normal 0.996918 -0.0784506 0
    outer loop
      vertex 33.7777 64.352 3.2
      vertex 33.75 64 4
      vertex 33.75 64 3.2
    endloop
  endfacet
  facet normal -0.0784506 -0.996918 0
    outer loop
      vertex 36 66.25 0
      vertex 36.352 66.2223 0.799999
      vertex 36 66.25 0.799999
    endloop
  endfacet
  facet normal -0.0784506 -0.996918 -0
    outer loop
      vertex 36.352 66.2223 0.799999
      vertex 36 66.25 0
      vertex 36.352 66.2223 0
    endloop
  endfacet
  facet normal -0.0784506 -0.996918 0
    outer loop
      vertex 36 66.25 3.2
      vertex 36.352 66.2223 4
      vertex 36 66.25 4
    endloop
  endfacet
  facet normal -0.0784506 -0.996918 -0
    outer loop
      vertex 36.352 66.2223 4
      vertex 36 66.25 3.2
      vertex 36.352 66.2223 3.2
    endloop
  endfacet
  facet normal 0.0784506 0.996918 -0
    outer loop
      vertex 36 61.75 0
      vertex 35.648 61.7777 0.799999
      vertex 36 61.75 0.799999
    endloop
  endfacet
  facet normal 0.0784506 0.996918 0
    outer loop
      vertex 35.648 61.7777 0.799999
      vertex 36 61.75 0
      vertex 35.648 61.7777 0
    endloop
  endfacet
  facet normal 0.0784506 0.996918 -0
    outer loop
      vertex 36 61.75 3.2
      vertex 35.648 61.7777 4
      vertex 36 61.75 4
    endloop
  endfacet
  facet normal 0.0784506 0.996918 0
    outer loop
      vertex 35.648 61.7777 4
      vertex 36 61.75 3.2
      vertex 35.648 61.7777 3.2
    endloop
  endfacet
  facet normal 0.760435 0.649414 0
    outer loop
      vertex 34.409 62.409 0.799999
      vertex 34.1797 62.6775 0
      vertex 34.1797 62.6775 0.799999
    endloop
  endfacet
  facet normal 0.760435 0.649414 0
    outer loop
      vertex 34.1797 62.6775 0
      vertex 34.409 62.409 0.799999
      vertex 34.409 62.409 0
    endloop
  endfacet
  facet normal 0.760435 0.649414 0
    outer loop
      vertex 34.409 62.409 4
      vertex 34.1797 62.6775 3.2
      vertex 34.1797 62.6775 4
    endloop
  endfacet
  facet normal 0.760435 0.649414 0
    outer loop
      vertex 34.1797 62.6775 3.2
      vertex 34.409 62.409 4
      vertex 34.409 62.409 3.2
    endloop
  endfacet
  facet normal -0.760435 -0.649414 0
    outer loop
      vertex 37.8203 65.3225 0
      vertex 37.591 65.591 0.799999
      vertex 37.591 65.591 0
    endloop
  endfacet
  facet normal -0.760435 -0.649414 0
    outer loop
      vertex 37.591 65.591 0.799999
      vertex 37.8203 65.3225 0
      vertex 37.8203 65.3225 0.799999
    endloop
  endfacet
  facet normal -0.760435 -0.649414 0
    outer loop
      vertex 37.8203 65.3225 3.2
      vertex 37.591 65.591 4
      vertex 37.591 65.591 3.2
    endloop
  endfacet
  facet normal -0.760435 -0.649414 0
    outer loop
      vertex 37.591 65.591 4
      vertex 37.8203 65.3225 3.2
      vertex 37.8203 65.3225 4
    endloop
  endfacet
  facet normal 0.649414 -0.760435 0
    outer loop
      vertex 34.409 65.591 0
      vertex 34.6775 65.8203 0.799999
      vertex 34.409 65.591 0.799999
    endloop
  endfacet
  facet normal 0.649414 -0.760435 0
    outer loop
      vertex 34.6775 65.8203 0.799999
      vertex 34.409 65.591 0
      vertex 34.6775 65.8203 0
    endloop
  endfacet
  facet normal 0.649414 -0.760435 0
    outer loop
      vertex 34.409 65.591 3.2
      vertex 34.6775 65.8203 4
      vertex 34.409 65.591 4
    endloop
  endfacet
  facet normal 0.649414 -0.760435 0
    outer loop
      vertex 34.6775 65.8203 4
      vertex 34.409 65.591 3.2
      vertex 34.6775 65.8203 3.2
    endloop
  endfacet
  facet normal 0.382644 -0.923896 0
    outer loop
      vertex 34.9785 66.0048 0
      vertex 35.3047 66.1399 0.799999
      vertex 34.9785 66.0048 0.799999
    endloop
  endfacet
  facet normal 0.382644 -0.923896 0
    outer loop
      vertex 35.3047 66.1399 0.799999
      vertex 34.9785 66.0048 0
      vertex 35.3047 66.1399 0
    endloop
  endfacet
  facet normal 0.382644 -0.923896 0
    outer loop
      vertex 34.9785 66.0048 3.2
      vertex 35.3047 66.1399 4
      vertex 34.9785 66.0048 4
    endloop
  endfacet
  facet normal 0.382644 -0.923896 0
    outer loop
      vertex 35.3047 66.1399 4
      vertex 34.9785 66.0048 3.2
      vertex 35.3047 66.1399 3.2
    endloop
  endfacet
  facet normal -0.923896 -0.382644 0
    outer loop
      vertex 38.1399 64.6953 0
      vertex 38.0048 65.0215 0.799999
      vertex 38.0048 65.0215 0
    endloop
  endfacet
  facet normal -0.923896 -0.382644 0
    outer loop
      vertex 38.0048 65.0215 0.799999
      vertex 38.1399 64.6953 0
      vertex 38.1399 64.6953 0.799999
    endloop
  endfacet
  facet normal -0.923896 -0.382644 0
    outer loop
      vertex 38.1399 64.6953 3.2
      vertex 38.0048 65.0215 4
      vertex 38.0048 65.0215 3.2
    endloop
  endfacet
  facet normal -0.923896 -0.382644 0
    outer loop
      vertex 38.0048 65.0215 4
      vertex 38.1399 64.6953 3.2
      vertex 38.1399 64.6953 4
    endloop
  endfacet
  facet normal -0.972382 -0.233394 0
    outer loop
      vertex 38.2223 64.352 0
      vertex 38.1399 64.6953 0.799999
      vertex 38.1399 64.6953 0
    endloop
  endfacet
  facet normal -0.972382 -0.233394 0
    outer loop
      vertex 38.1399 64.6953 0.799999
      vertex 38.2223 64.352 0
      vertex 38.2223 64.352 0.799999
    endloop
  endfacet
  facet normal -0.972382 -0.233394 0
    outer loop
      vertex 38.2223 64.352 3.2
      vertex 38.1399 64.6953 4
      vertex 38.1399 64.6953 3.2
    endloop
  endfacet
  facet normal -0.972382 -0.233394 0
    outer loop
      vertex 38.1399 64.6953 4
      vertex 38.2223 64.352 3.2
      vertex 38.2223 64.352 4
    endloop
  endfacet
  facet normal -0.852581 -0.522595 0
    outer loop
      vertex 38.0048 65.0215 3.2
      vertex 37.8203 65.3225 4
      vertex 37.8203 65.3225 3.2
    endloop
  endfacet
  facet normal -0.852581 -0.522595 0
    outer loop
      vertex 37.8203 65.3225 4
      vertex 38.0048 65.0215 3.2
      vertex 38.0048 65.0215 4
    endloop
  endfacet
  facet normal -0.852581 -0.522595 0
    outer loop
      vertex 38.0048 65.0215 0
      vertex 37.8203 65.3225 0.799999
      vertex 37.8203 65.3225 0
    endloop
  endfacet
  facet normal -0.852581 -0.522595 0
    outer loop
      vertex 37.8203 65.3225 0.799999
      vertex 38.0048 65.0215 0
      vertex 38.0048 65.0215 0.799999
    endloop
  endfacet
  facet normal -0.522595 -0.852581 0
    outer loop
      vertex 37.0215 66.0048 0
      vertex 37.3225 65.8203 0.799999
      vertex 37.0215 66.0048 0.799999
    endloop
  endfacet
  facet normal -0.522595 -0.852581 -0
    outer loop
      vertex 37.3225 65.8203 0.799999
      vertex 37.0215 66.0048 0
      vertex 37.3225 65.8203 0
    endloop
  endfacet
  facet normal -0.522595 -0.852581 0
    outer loop
      vertex 37.0215 66.0048 3.2
      vertex 37.3225 65.8203 4
      vertex 37.0215 66.0048 4
    endloop
  endfacet
  facet normal -0.522595 -0.852581 -0
    outer loop
      vertex 37.3225 65.8203 4
      vertex 37.0215 66.0048 3.2
      vertex 37.3225 65.8203 3.2
    endloop
  endfacet
  facet normal -0.649414 -0.760435 0
    outer loop
      vertex 37.3225 65.8203 0
      vertex 37.591 65.591 0.799999
      vertex 37.3225 65.8203 0.799999
    endloop
  endfacet
  facet normal -0.649414 -0.760435 -0
    outer loop
      vertex 37.591 65.591 0.799999
      vertex 37.3225 65.8203 0
      vertex 37.591 65.591 0
    endloop
  endfacet
  facet normal -0.649414 -0.760435 0
    outer loop
      vertex 37.3225 65.8203 3.2
      vertex 37.591 65.591 4
      vertex 37.3225 65.8203 4
    endloop
  endfacet
  facet normal -0.649414 -0.760435 -0
    outer loop
      vertex 37.591 65.591 4
      vertex 37.3225 65.8203 3.2
      vertex 37.591 65.591 3.2
    endloop
  endfacet
  facet normal 0.852581 -0.522595 0
    outer loop
      vertex 33.9952 65.0215 0.799999
      vertex 34.1797 65.3225 0
      vertex 34.1797 65.3225 0.799999
    endloop
  endfacet
  facet normal 0.852581 -0.522595 0
    outer loop
      vertex 34.1797 65.3225 0
      vertex 33.9952 65.0215 0.799999
      vertex 33.9952 65.0215 0
    endloop
  endfacet
  facet normal 0.852581 -0.522595 0
    outer loop
      vertex 33.9952 65.0215 4
      vertex 34.1797 65.3225 3.2
      vertex 34.1797 65.3225 4
    endloop
  endfacet
  facet normal 0.852581 -0.522595 0
    outer loop
      vertex 34.1797 65.3225 3.2
      vertex 33.9952 65.0215 4
      vertex 33.9952 65.0215 3.2
    endloop
  endfacet
  facet normal 0.760435 -0.649414 0
    outer loop
      vertex 34.1797 65.3225 0.799999
      vertex 34.409 65.591 0
      vertex 34.409 65.591 0.799999
    endloop
  endfacet
  facet normal 0.760435 -0.649414 0
    outer loop
      vertex 34.409 65.591 0
      vertex 34.1797 65.3225 0.799999
      vertex 34.1797 65.3225 0
    endloop
  endfacet
  facet normal 0.760435 -0.649414 0
    outer loop
      vertex 34.1797 65.3225 4
      vertex 34.409 65.591 3.2
      vertex 34.409 65.591 4
    endloop
  endfacet
  facet normal 0.760435 -0.649414 0
    outer loop
      vertex 34.409 65.591 3.2
      vertex 34.1797 65.3225 4
      vertex 34.1797 65.3225 3.2
    endloop
  endfacet
  facet normal 0.522595 -0.852581 0
    outer loop
      vertex 34.6775 65.8203 0
      vertex 34.9785 66.0048 0.799999
      vertex 34.6775 65.8203 0.799999
    endloop
  endfacet
  facet normal 0.522595 -0.852581 0
    outer loop
      vertex 34.9785 66.0048 0.799999
      vertex 34.6775 65.8203 0
      vertex 34.9785 66.0048 0
    endloop
  endfacet
  facet normal 0.522595 -0.852581 0
    outer loop
      vertex 34.6775 65.8203 3.2
      vertex 34.9785 66.0048 4
      vertex 34.6775 65.8203 4
    endloop
  endfacet
  facet normal 0.522595 -0.852581 0
    outer loop
      vertex 34.9785 66.0048 4
      vertex 34.6775 65.8203 3.2
      vertex 34.9785 66.0048 3.2
    endloop
  endfacet
  facet normal 0.0784506 -0.996918 0
    outer loop
      vertex 35.648 66.2223 0
      vertex 36 66.25 0.799999
      vertex 35.648 66.2223 0.799999
    endloop
  endfacet
  facet normal 0.0784506 -0.996918 0
    outer loop
      vertex 36 66.25 0.799999
      vertex 35.648 66.2223 0
      vertex 36 66.25 0
    endloop
  endfacet
  facet normal 0.0784506 -0.996918 0
    outer loop
      vertex 35.648 66.2223 3.2
      vertex 36 66.25 4
      vertex 35.648 66.2223 4
    endloop
  endfacet
  facet normal 0.0784506 -0.996918 0
    outer loop
      vertex 36 66.25 4
      vertex 35.648 66.2223 3.2
      vertex 36 66.25 3.2
    endloop
  endfacet
  facet normal -0.0784506 0.996918 0
    outer loop
      vertex 36.352 61.7777 0
      vertex 36 61.75 0.799999
      vertex 36.352 61.7777 0.799999
    endloop
  endfacet
  facet normal -0.0784506 0.996918 0
    outer loop
      vertex 36 61.75 0.799999
      vertex 36.352 61.7777 0
      vertex 36 61.75 0
    endloop
  endfacet
  facet normal -0.0784506 0.996918 0
    outer loop
      vertex 36.352 61.7777 3.2
      vertex 36 61.75 4
      vertex 36.352 61.7777 4
    endloop
  endfacet
  facet normal -0.0784506 0.996918 0
    outer loop
      vertex 36 61.75 4
      vertex 36.352 61.7777 3.2
      vertex 36 61.75 3.2
    endloop
  endfacet
  facet normal -0.522595 0.852581 0
    outer loop
      vertex 37.3225 62.1797 0
      vertex 37.0215 61.9952 0.799999
      vertex 37.3225 62.1797 0.799999
    endloop
  endfacet
  facet normal -0.522595 0.852581 0
    outer loop
      vertex 37.0215 61.9952 0.799999
      vertex 37.3225 62.1797 0
      vertex 37.0215 61.9952 0
    endloop
  endfacet
  facet normal -0.522595 0.852581 0
    outer loop
      vertex 37.3225 62.1797 3.2
      vertex 37.0215 61.9952 4
      vertex 37.3225 62.1797 4
    endloop
  endfacet
  facet normal -0.522595 0.852581 0
    outer loop
      vertex 37.0215 61.9952 4
      vertex 37.3225 62.1797 3.2
      vertex 37.0215 61.9952 3.2
    endloop
  endfacet
  facet normal -0.972382 0.233394 0
    outer loop
      vertex 38.1399 63.3047 3.2
      vertex 38.2223 63.648 4
      vertex 38.2223 63.648 3.2
    endloop
  endfacet
  facet normal -0.972382 0.233394 0
    outer loop
      vertex 38.2223 63.648 4
      vertex 38.1399 63.3047 3.2
      vertex 38.1399 63.3047 4
    endloop
  endfacet
  facet normal -0.972382 0.233394 0
    outer loop
      vertex 38.1399 63.3047 0
      vertex 38.2223 63.648 0.799999
      vertex 38.2223 63.648 0
    endloop
  endfacet
  facet normal -0.972382 0.233394 0
    outer loop
      vertex 38.2223 63.648 0.799999
      vertex 38.1399 63.3047 0
      vertex 38.1399 63.3047 0.799999
    endloop
  endfacet
  facet normal 0.649414 0.760435 -0
    outer loop
      vertex 34.6775 62.1797 0
      vertex 34.409 62.409 0.799999
      vertex 34.6775 62.1797 0.799999
    endloop
  endfacet
  facet normal 0.649414 0.760435 0
    outer loop
      vertex 34.409 62.409 0.799999
      vertex 34.6775 62.1797 0
      vertex 34.409 62.409 0
    endloop
  endfacet
  facet normal 0.649414 0.760435 -0
    outer loop
      vertex 34.6775 62.1797 3.2
      vertex 34.409 62.409 4
      vertex 34.6775 62.1797 4
    endloop
  endfacet
  facet normal 0.649414 0.760435 0
    outer loop
      vertex 34.409 62.409 4
      vertex 34.6775 62.1797 3.2
      vertex 34.409 62.409 3.2
    endloop
  endfacet
  facet normal 0.852581 0.522595 0
    outer loop
      vertex 34.1797 62.6775 0.799999
      vertex 33.9952 62.9785 0
      vertex 33.9952 62.9785 0.799999
    endloop
  endfacet
  facet normal 0.852581 0.522595 0
    outer loop
      vertex 33.9952 62.9785 0
      vertex 34.1797 62.6775 0.799999
      vertex 34.1797 62.6775 0
    endloop
  endfacet
  facet normal 0.852581 0.522595 0
    outer loop
      vertex 34.1797 62.6775 4
      vertex 33.9952 62.9785 3.2
      vertex 33.9952 62.9785 4
    endloop
  endfacet
  facet normal 0.852581 0.522595 0
    outer loop
      vertex 33.9952 62.9785 3.2
      vertex 34.1797 62.6775 4
      vertex 34.1797 62.6775 3.2
    endloop
  endfacet
  facet normal 0.996918 0.0784506 0
    outer loop
      vertex 33.7777 63.648 0.799999
      vertex 33.75 64 0
      vertex 33.75 64 0.799999
    endloop
  endfacet
  facet normal 0.996918 0.0784506 0
    outer loop
      vertex 33.75 64 0
      vertex 33.7777 63.648 0.799999
      vertex 33.7777 63.648 0
    endloop
  endfacet
  facet normal 0.996918 0.0784506 0
    outer loop
      vertex 33.7777 63.648 4
      vertex 33.75 64 3.2
      vertex 33.75 64 4
    endloop
  endfacet
  facet normal 0.996918 0.0784506 0
    outer loop
      vertex 33.75 64 3.2
      vertex 33.7777 63.648 4
      vertex 33.7777 63.648 3.2
    endloop
  endfacet
  facet normal -0.382644 -0.923896 0
    outer loop
      vertex 36.6953 66.1399 0
      vertex 37.0215 66.0048 0.799999
      vertex 36.6953 66.1399 0.799999
    endloop
  endfacet
  facet normal -0.382644 -0.923896 -0
    outer loop
      vertex 37.0215 66.0048 0.799999
      vertex 36.6953 66.1399 0
      vertex 37.0215 66.0048 0
    endloop
  endfacet
  facet normal -0.382644 -0.923896 0
    outer loop
      vertex 36.6953 66.1399 3.2
      vertex 37.0215 66.0048 4
      vertex 36.6953 66.1399 4
    endloop
  endfacet
  facet normal -0.382644 -0.923896 -0
    outer loop
      vertex 37.0215 66.0048 4
      vertex 36.6953 66.1399 3.2
      vertex 37.0215 66.0048 3.2
    endloop
  endfacet
  facet normal -0.233394 -0.972382 0
    outer loop
      vertex 36.352 66.2223 3.2
      vertex 36.6953 66.1399 4
      vertex 36.352 66.2223 4
    endloop
  endfacet
  facet normal -0.233394 -0.972382 -0
    outer loop
      vertex 36.6953 66.1399 4
      vertex 36.352 66.2223 3.2
      vertex 36.6953 66.1399 3.2
    endloop
  endfacet
  facet normal -0.233394 -0.972382 0
    outer loop
      vertex 36.352 66.2223 0
      vertex 36.6953 66.1399 0.799999
      vertex 36.352 66.2223 0.799999
    endloop
  endfacet
  facet normal -0.233394 -0.972382 -0
    outer loop
      vertex 36.6953 66.1399 0.799999
      vertex 36.352 66.2223 0
      vertex 36.6953 66.1399 0
    endloop
  endfacet
  facet normal 0.923896 -0.382644 0
    outer loop
      vertex 33.8601 64.6953 0.799999
      vertex 33.9952 65.0215 0
      vertex 33.9952 65.0215 0.799999
    endloop
  endfacet
  facet normal 0.923896 -0.382644 0
    outer loop
      vertex 33.9952 65.0215 0
      vertex 33.8601 64.6953 0.799999
      vertex 33.8601 64.6953 0
    endloop
  endfacet
  facet normal 0.923896 -0.382644 0
    outer loop
      vertex 33.8601 64.6953 4
      vertex 33.9952 65.0215 3.2
      vertex 33.9952 65.0215 4
    endloop
  endfacet
  facet normal 0.923896 -0.382644 0
    outer loop
      vertex 33.9952 65.0215 3.2
      vertex 33.8601 64.6953 4
      vertex 33.8601 64.6953 3.2
    endloop
  endfacet
  facet normal 0.972382 -0.233394 0
    outer loop
      vertex 33.7777 64.352 4
      vertex 33.8601 64.6953 3.2
      vertex 33.8601 64.6953 4
    endloop
  endfacet
  facet normal 0.972382 -0.233394 0
    outer loop
      vertex 33.8601 64.6953 3.2
      vertex 33.7777 64.352 4
      vertex 33.7777 64.352 3.2
    endloop
  endfacet
  facet normal 0.972382 -0.233394 0
    outer loop
      vertex 33.7777 64.352 0.799999
      vertex 33.8601 64.6953 0
      vertex 33.8601 64.6953 0.799999
    endloop
  endfacet
  facet normal 0.972382 -0.233394 0
    outer loop
      vertex 33.8601 64.6953 0
      vertex 33.7777 64.352 0.799999
      vertex 33.7777 64.352 0
    endloop
  endfacet
  facet normal 0.233394 -0.972382 0
    outer loop
      vertex 35.3047 66.1399 3.2
      vertex 35.648 66.2223 4
      vertex 35.3047 66.1399 4
    endloop
  endfacet
  facet normal 0.233394 -0.972382 0
    outer loop
      vertex 35.648 66.2223 4
      vertex 35.3047 66.1399 3.2
      vertex 35.648 66.2223 3.2
    endloop
  endfacet
  facet normal 0.233394 -0.972382 0
    outer loop
      vertex 35.3047 66.1399 0
      vertex 35.648 66.2223 0.799999
      vertex 35.3047 66.1399 0.799999
    endloop
  endfacet
  facet normal 0.233394 -0.972382 0
    outer loop
      vertex 35.648 66.2223 0.799999
      vertex 35.3047 66.1399 0
      vertex 35.648 66.2223 0
    endloop
  endfacet
  facet normal -0.996918 0.0784506 0
    outer loop
      vertex 38.2223 63.648 3.2
      vertex 38.25 64 4
      vertex 38.25 64 3.2
    endloop
  endfacet
  facet normal -0.996918 0.0784506 0
    outer loop
      vertex 38.25 64 4
      vertex 38.2223 63.648 3.2
      vertex 38.2223 63.648 4
    endloop
  endfacet
  facet normal -0.996918 0.0784506 0
    outer loop
      vertex 38.2223 63.648 0
      vertex 38.25 64 0.799999
      vertex 38.25 64 0
    endloop
  endfacet
  facet normal -0.996918 0.0784506 0
    outer loop
      vertex 38.25 64 0.799999
      vertex 38.2223 63.648 0
      vertex 38.2223 63.648 0.799999
    endloop
  endfacet
  facet normal -0.233394 0.972382 0
    outer loop
      vertex 36.6953 61.8601 0
      vertex 36.352 61.7777 0.799999
      vertex 36.6953 61.8601 0.799999
    endloop
  endfacet
  facet normal -0.233394 0.972382 0
    outer loop
      vertex 36.352 61.7777 0.799999
      vertex 36.6953 61.8601 0
      vertex 36.352 61.7777 0
    endloop
  endfacet
  facet normal -0.233394 0.972382 0
    outer loop
      vertex 36.6953 61.8601 3.2
      vertex 36.352 61.7777 4
      vertex 36.6953 61.8601 4
    endloop
  endfacet
  facet normal -0.233394 0.972382 0
    outer loop
      vertex 36.352 61.7777 4
      vertex 36.6953 61.8601 3.2
      vertex 36.352 61.7777 3.2
    endloop
  endfacet
  facet normal -0.649414 0.760435 0
    outer loop
      vertex 37.591 62.409 3.2
      vertex 37.3225 62.1797 4
      vertex 37.591 62.409 4
    endloop
  endfacet
  facet normal -0.649414 0.760435 0
    outer loop
      vertex 37.3225 62.1797 4
      vertex 37.591 62.409 3.2
      vertex 37.3225 62.1797 3.2
    endloop
  endfacet
  facet normal -0.649414 0.760435 0
    outer loop
      vertex 37.591 62.409 0
      vertex 37.3225 62.1797 0.799999
      vertex 37.591 62.409 0.799999
    endloop
  endfacet
  facet normal -0.649414 0.760435 0
    outer loop
      vertex 37.3225 62.1797 0.799999
      vertex 37.591 62.409 0
      vertex 37.3225 62.1797 0
    endloop
  endfacet
  facet normal -0.760435 0.649414 0
    outer loop
      vertex 37.591 62.409 0
      vertex 37.8203 62.6775 0.799999
      vertex 37.8203 62.6775 0
    endloop
  endfacet
  facet normal -0.760435 0.649414 0
    outer loop
      vertex 37.8203 62.6775 0.799999
      vertex 37.591 62.409 0
      vertex 37.591 62.409 0.799999
    endloop
  endfacet
  facet normal -0.760435 0.649414 0
    outer loop
      vertex 37.591 62.409 3.2
      vertex 37.8203 62.6775 4
      vertex 37.8203 62.6775 3.2
    endloop
  endfacet
  facet normal -0.760435 0.649414 0
    outer loop
      vertex 37.8203 62.6775 4
      vertex 37.591 62.409 3.2
      vertex 37.591 62.409 4
    endloop
  endfacet
  facet normal 0.522595 0.852581 -0
    outer loop
      vertex 34.9785 61.9952 0
      vertex 34.6775 62.1797 0.799999
      vertex 34.9785 61.9952 0.799999
    endloop
  endfacet
  facet normal 0.522595 0.852581 0
    outer loop
      vertex 34.6775 62.1797 0.799999
      vertex 34.9785 61.9952 0
      vertex 34.6775 62.1797 0
    endloop
  endfacet
  facet normal 0.522595 0.852581 -0
    outer loop
      vertex 34.9785 61.9952 3.2
      vertex 34.6775 62.1797 4
      vertex 34.9785 61.9952 4
    endloop
  endfacet
  facet normal 0.522595 0.852581 0
    outer loop
      vertex 34.6775 62.1797 4
      vertex 34.9785 61.9952 3.2
      vertex 34.6775 62.1797 3.2
    endloop
  endfacet
  facet normal 0.382644 0.923896 -0
    outer loop
      vertex 35.3047 61.8601 0
      vertex 34.9785 61.9952 0.799999
      vertex 35.3047 61.8601 0.799999
    endloop
  endfacet
  facet normal 0.382644 0.923896 0
    outer loop
      vertex 34.9785 61.9952 0.799999
      vertex 35.3047 61.8601 0
      vertex 34.9785 61.9952 0
    endloop
  endfacet
  facet normal 0.382644 0.923896 -0
    outer loop
      vertex 35.3047 61.8601 3.2
      vertex 34.9785 61.9952 4
      vertex 35.3047 61.8601 4
    endloop
  endfacet
  facet normal 0.382644 0.923896 0
    outer loop
      vertex 34.9785 61.9952 4
      vertex 35.3047 61.8601 3.2
      vertex 34.9785 61.9952 3.2
    endloop
  endfacet
  facet normal 0.972382 0.233394 0
    outer loop
      vertex 33.8601 63.3047 0.799999
      vertex 33.7777 63.648 0
      vertex 33.7777 63.648 0.799999
    endloop
  endfacet
  facet normal 0.972382 0.233394 0
    outer loop
      vertex 33.7777 63.648 0
      vertex 33.8601 63.3047 0.799999
      vertex 33.8601 63.3047 0
    endloop
  endfacet
  facet normal 0.972382 0.233394 0
    outer loop
      vertex 33.8601 63.3047 4
      vertex 33.7777 63.648 3.2
      vertex 33.7777 63.648 4
    endloop
  endfacet
  facet normal 0.972382 0.233394 0
    outer loop
      vertex 33.7777 63.648 3.2
      vertex 33.8601 63.3047 4
      vertex 33.8601 63.3047 3.2
    endloop
  endfacet
  facet normal -0.923896 0.382644 0
    outer loop
      vertex 38.0048 62.9785 3.2
      vertex 38.1399 63.3047 4
      vertex 38.1399 63.3047 3.2
    endloop
  endfacet
  facet normal -0.923896 0.382644 0
    outer loop
      vertex 38.1399 63.3047 4
      vertex 38.0048 62.9785 3.2
      vertex 38.0048 62.9785 4
    endloop
  endfacet
  facet normal -0.923896 0.382644 0
    outer loop
      vertex 38.0048 62.9785 0
      vertex 38.1399 63.3047 0.799999
      vertex 38.1399 63.3047 0
    endloop
  endfacet
  facet normal -0.923896 0.382644 0
    outer loop
      vertex 38.1399 63.3047 0.799999
      vertex 38.0048 62.9785 0
      vertex 38.0048 62.9785 0.799999
    endloop
  endfacet
  facet normal -0.382644 0.923896 0
    outer loop
      vertex 37.0215 61.9952 0
      vertex 36.6953 61.8601 0.799999
      vertex 37.0215 61.9952 0.799999
    endloop
  endfacet
  facet normal -0.382644 0.923896 0
    outer loop
      vertex 36.6953 61.8601 0.799999
      vertex 37.0215 61.9952 0
      vertex 36.6953 61.8601 0
    endloop
  endfacet
  facet normal -0.382644 0.923896 0
    outer loop
      vertex 37.0215 61.9952 3.2
      vertex 36.6953 61.8601 4
      vertex 37.0215 61.9952 4
    endloop
  endfacet
  facet normal -0.382644 0.923896 0
    outer loop
      vertex 36.6953 61.8601 4
      vertex 37.0215 61.9952 3.2
      vertex 36.6953 61.8601 3.2
    endloop
  endfacet
  facet normal 0.233394 0.972382 -0
    outer loop
      vertex 35.648 61.7777 3.2
      vertex 35.3047 61.8601 4
      vertex 35.648 61.7777 4
    endloop
  endfacet
  facet normal 0.233394 0.972382 0
    outer loop
      vertex 35.3047 61.8601 4
      vertex 35.648 61.7777 3.2
      vertex 35.3047 61.8601 3.2
    endloop
  endfacet
  facet normal 0.233394 0.972382 -0
    outer loop
      vertex 35.648 61.7777 0
      vertex 35.3047 61.8601 0.799999
      vertex 35.648 61.7777 0.799999
    endloop
  endfacet
  facet normal 0.233394 0.972382 0
    outer loop
      vertex 35.3047 61.8601 0.799999
      vertex 35.648 61.7777 0
      vertex 35.3047 61.8601 0
    endloop
  endfacet
  facet normal 0.923896 0.382644 0
    outer loop
      vertex 33.9952 62.9785 0.799999
      vertex 33.8601 63.3047 0
      vertex 33.8601 63.3047 0.799999
    endloop
  endfacet
  facet normal 0.923896 0.382644 0
    outer loop
      vertex 33.8601 63.3047 0
      vertex 33.9952 62.9785 0.799999
      vertex 33.9952 62.9785 0
    endloop
  endfacet
  facet normal 0.923896 0.382644 0
    outer loop
      vertex 33.9952 62.9785 4
      vertex 33.8601 63.3047 3.2
      vertex 33.8601 63.3047 4
    endloop
  endfacet
  facet normal 0.923896 0.382644 0
    outer loop
      vertex 33.8601 63.3047 3.2
      vertex 33.9952 62.9785 4
      vertex 33.9952 62.9785 3.2
    endloop
  endfacet
  facet normal -0.852581 0.522595 0
    outer loop
      vertex 37.8203 62.6775 3.2
      vertex 38.0048 62.9785 4
      vertex 38.0048 62.9785 3.2
    endloop
  endfacet
  facet normal -0.852581 0.522595 0
    outer loop
      vertex 38.0048 62.9785 4
      vertex 37.8203 62.6775 3.2
      vertex 37.8203 62.6775 4
    endloop
  endfacet
  facet normal -0.852581 0.522595 0
    outer loop
      vertex 37.8203 62.6775 0
      vertex 38.0048 62.9785 0.799999
      vertex 38.0048 62.9785 0
    endloop
  endfacet
  facet normal -0.852581 0.522595 0
    outer loop
      vertex 38.0048 62.9785 0.799999
      vertex 37.8203 62.6775 0
      vertex 37.8203 62.6775 0.799999
    endloop
  endfacet
  facet normal -0.728338 -0.0573152 0.682817
    outer loop
      vertex 40.5 64 3.2
      vertex 38.2223 64.352 0.799999
      vertex 38.25 64 0.799999
    endloop
  endfacet
  facet normal -0.728338 -0.0573152 0.682817
    outer loop
      vertex 38.2223 64.352 0.799999
      vertex 40.5 64 3.2
      vertex 40.4446 64.704 3.2
    endloop
  endfacet
  facet normal 0.728338 0.0573152 0.682817
    outer loop
      vertex 31.5 64 3.2
      vertex 33.7777 63.648 0.799999
      vertex 33.75 64 0.799999
    endloop
  endfacet
  facet normal 0.728338 0.0573152 0.682817
    outer loop
      vertex 33.7777 63.648 0.799999
      vertex 31.5 64 3.2
      vertex 31.5554 63.296 3.2
    endloop
  endfacet
  facet normal 0.0573152 -0.728338 0.682817
    outer loop
      vertex 35.648 66.2223 0.799999
      vertex 36 68.5 3.2
      vertex 35.296 68.4446 3.2
    endloop
  endfacet
  facet normal 0.0573152 -0.728338 0.682817
    outer loop
      vertex 36 68.5 3.2
      vertex 35.648 66.2223 0.799999
      vertex 36 66.25 0.799999
    endloop
  endfacet
  facet normal -0.728338 0.0573152 0.682817
    outer loop
      vertex 38.2223 63.648 0.799999
      vertex 40.5 64 3.2
      vertex 38.25 64 0.799999
    endloop
  endfacet
  facet normal -0.728338 0.0573152 0.682817
    outer loop
      vertex 40.5 64 3.2
      vertex 38.2223 63.648 0.799999
      vertex 40.4446 63.296 3.2
    endloop
  endfacet
  facet normal -0.474455 -0.555565 0.682817
    outer loop
      vertex 39.182 67.182 3.2
      vertex 38.645 67.6406 3.2
      vertex 37.591 65.591 0.799999
    endloop
  endfacet
  facet normal -0.0573152 0.728338 0.682817
    outer loop
      vertex 36.352 61.7777 0.799999
      vertex 36 59.5 3.2
      vertex 36.704 59.5554 3.2
    endloop
  endfacet
  facet normal -0.0573152 0.728338 0.682817
    outer loop
      vertex 36 59.5 3.2
      vertex 36.352 61.7777 0.799999
      vertex 36 61.75 0.799999
    endloop
  endfacet
  facet normal -0.555565 0.474455 0.682817
    outer loop
      vertex 39.182 60.818 3.2
      vertex 39.6406 61.355 3.2
      vertex 37.591 62.409 0.799999
    endloop
  endfacet
  facet normal 0.474455 0.555565 0.682817
    outer loop
      vertex 33.355 60.3594 3.2
      vertex 34.409 62.409 0.799999
      vertex 32.818 60.818 3.2
    endloop
  endfacet
  facet normal 0.279646 0.674958 0.682811
    outer loop
      vertex 34.6094 59.7202 3.2
      vertex 34.9785 61.9952 0.799999
      vertex 33.957 59.9905 3.2
    endloop
  endfacet
  facet normal 0.555565 -0.474455 0.682817
    outer loop
      vertex 34.409 65.591 0.799999
      vertex 32.818 67.182 3.2
      vertex 32.3594 66.645 3.2
    endloop
  endfacet
  facet normal 0 0 -1
    outer loop
      vertex 38.25 64 3.2
      vertex 40.5 64 3.2
      vertex 40.4446 63.296 3.2
    endloop
  endfacet
  facet normal 0 0 -1
    outer loop
      vertex 38.2223 63.648 3.2
      vertex 40.4446 63.296 3.2
      vertex 40.2798 62.6094 3.2
    endloop
  endfacet
  facet normal 0 0 -1
    outer loop
      vertex 40.5 64 3.2
      vertex 38.25 64 3.2
      vertex 40.4446 64.704 3.2
    endloop
  endfacet
  facet normal 0 0 -1
    outer loop
      vertex 38.1399 63.3047 3.2
      vertex 40.2798 62.6094 3.2
      vertex 40.0095 61.957 3.2
    endloop
  endfacet
  facet normal 0 0 -1
    outer loop
      vertex 38.2223 64.352 3.2
      vertex 40.4446 64.704 3.2
      vertex 38.25 64 3.2
    endloop
  endfacet
  facet normal 0 0 -1
    outer loop
      vertex 38.0048 62.9785 3.2
      vertex 40.0095 61.957 3.2
      vertex 39.6406 61.355 3.2
    endloop
  endfacet
  facet normal -0 0 -1
    outer loop
      vertex 40.4446 64.704 3.2
      vertex 38.2223 64.352 3.2
      vertex 40.2798 65.3906 3.2
    endloop
  endfacet
  facet normal 0 0 -1
    outer loop
      vertex 37.8203 62.6775 3.2
      vertex 39.6406 61.355 3.2
      vertex 39.182 60.818 3.2
    endloop
  endfacet
  facet normal 0 0 -1
    outer loop
      vertex 38.1399 64.6953 3.2
      vertex 40.2798 65.3906 3.2
      vertex 38.2223 64.352 3.2
    endloop
  endfacet
  facet normal 0 0 -1
    outer loop
      vertex 37.591 62.409 3.2
      vertex 39.182 60.818 3.2
      vertex 38.645 60.3594 3.2
    endloop
  endfacet
  facet normal -0 0 -1
    outer loop
      vertex 40.2798 65.3906 3.2
      vertex 38.1399 64.6953 3.2
      vertex 40.0095 66.043 3.2
    endloop
  endfacet
  facet normal 0 0 -1
    outer loop
      vertex 38.0048 65.0215 3.2
      vertex 40.0095 66.043 3.2
      vertex 38.1399 64.6953 3.2
    endloop
  endfacet
  facet normal 0 0 -1
    outer loop
      vertex 40.4446 63.296 3.2
      vertex 38.2223 63.648 3.2
      vertex 38.25 64 3.2
    endloop
  endfacet
  facet normal 0 0 -1
    outer loop
      vertex 40.2798 62.6094 3.2
      vertex 38.1399 63.3047 3.2
      vertex 38.2223 63.648 3.2
    endloop
  endfacet
  facet normal 0 0 -1
    outer loop
      vertex 37.3225 62.1797 3.2
      vertex 38.645 60.3594 3.2
      vertex 38.043 59.9905 3.2
    endloop
  endfacet
  facet normal 0 0 -1
    outer loop
      vertex 40.0095 61.957 3.2
      vertex 38.0048 62.9785 3.2
      vertex 38.1399 63.3047 3.2
    endloop
  endfacet
  facet normal 0 0 -1
    outer loop
      vertex 39.6406 61.355 3.2
      vertex 37.8203 62.6775 3.2
      vertex 38.0048 62.9785 3.2
    endloop
  endfacet
  facet normal 0 0 -1
    outer loop
      vertex 39.182 60.818 3.2
      vertex 37.591 62.409 3.2
      vertex 37.8203 62.6775 3.2
    endloop
  endfacet
  facet normal 0 0 -1
    outer loop
      vertex 37.0215 61.9952 3.2
      vertex 38.043 59.9905 3.2
      vertex 37.3906 59.7202 3.2
    endloop
  endfacet
  facet normal 0 0 -1
    outer loop
      vertex 38.645 60.3594 3.2
      vertex 37.3225 62.1797 3.2
      vertex 37.591 62.409 3.2
    endloop
  endfacet
  facet normal 0 0 -1
    outer loop
      vertex 38.043 59.9905 3.2
      vertex 37.0215 61.9952 3.2
      vertex 37.3225 62.1797 3.2
    endloop
  endfacet
  facet normal 0 0 -1
    outer loop
      vertex 36.6953 61.8601 3.2
      vertex 37.3906 59.7202 3.2
      vertex 36.704 59.5554 3.2
    endloop
  endfacet
  facet normal 0 0 -1
    outer loop
      vertex 37.3906 59.7202 3.2
      vertex 36.6953 61.8601 3.2
      vertex 37.0215 61.9952 3.2
    endloop
  endfacet
  facet normal 0 0 -1
    outer loop
      vertex 36.704 59.5554 3.2
      vertex 36.352 61.7777 3.2
      vertex 36.6953 61.8601 3.2
    endloop
  endfacet
  facet normal 0 0 -1
    outer loop
      vertex 36 59.5 3.2
      vertex 36.352 61.7777 3.2
      vertex 36.704 59.5554 3.2
    endloop
  endfacet
  facet normal 0 0 -1
    outer loop
      vertex 36 59.5 3.2
      vertex 36 61.75 3.2
      vertex 36.352 61.7777 3.2
    endloop
  endfacet
  facet normal 0 0 -1
    outer loop
      vertex 36 59.5 3.2
      vertex 35.648 61.7777 3.2
      vertex 36 61.75 3.2
    endloop
  endfacet
  facet normal 0 0 -1
    outer loop
      vertex 35.296 59.5554 3.2
      vertex 35.648 61.7777 3.2
      vertex 36 59.5 3.2
    endloop
  endfacet
  facet normal -0 0 -1
    outer loop
      vertex 35.648 61.7777 3.2
      vertex 35.296 59.5554 3.2
      vertex 35.3047 61.8601 3.2
    endloop
  endfacet
  facet normal 0 0 -1
    outer loop
      vertex 34.6094 59.7202 3.2
      vertex 35.3047 61.8601 3.2
      vertex 35.296 59.5554 3.2
    endloop
  endfacet
  facet normal -0 0 -1
    outer loop
      vertex 35.3047 61.8601 3.2
      vertex 34.6094 59.7202 3.2
      vertex 34.9785 61.9952 3.2
    endloop
  endfacet
  facet normal 0 0 -1
    outer loop
      vertex 33.957 59.9905 3.2
      vertex 34.9785 61.9952 3.2
      vertex 34.6094 59.7202 3.2
    endloop
  endfacet
  facet normal -0 0 -1
    outer loop
      vertex 34.9785 61.9952 3.2
      vertex 33.957 59.9905 3.2
      vertex 34.6775 62.1797 3.2
    endloop
  endfacet
  facet normal 0 0 -1
    outer loop
      vertex 33.355 60.3594 3.2
      vertex 34.6775 62.1797 3.2
      vertex 33.957 59.9905 3.2
    endloop
  endfacet
  facet normal -0 0 -1
    outer loop
      vertex 34.6775 62.1797 3.2
      vertex 33.355 60.3594 3.2
      vertex 34.409 62.409 3.2
    endloop
  endfacet
  facet normal 0 0 -1
    outer loop
      vertex 32.818 60.818 3.2
      vertex 34.409 62.409 3.2
      vertex 33.355 60.3594 3.2
    endloop
  endfacet
  facet normal -0 0 -1
    outer loop
      vertex 34.409 62.409 3.2
      vertex 32.818 60.818 3.2
      vertex 34.1797 62.6775 3.2
    endloop
  endfacet
  facet normal 0 0 -1
    outer loop
      vertex 32.3594 61.355 3.2
      vertex 34.1797 62.6775 3.2
      vertex 32.818 60.818 3.2
    endloop
  endfacet
  facet normal -0 0 -1
    outer loop
      vertex 34.1797 62.6775 3.2
      vertex 32.3594 61.355 3.2
      vertex 33.9952 62.9785 3.2
    endloop
  endfacet
  facet normal 0 0 -1
    outer loop
      vertex 31.9905 61.957 3.2
      vertex 33.9952 62.9785 3.2
      vertex 32.3594 61.355 3.2
    endloop
  endfacet
  facet normal -0 0 -1
    outer loop
      vertex 40.0095 66.043 3.2
      vertex 38.0048 65.0215 3.2
      vertex 39.6406 66.645 3.2
    endloop
  endfacet
  facet normal 0 0 -1
    outer loop
      vertex 37.8203 65.3225 3.2
      vertex 39.6406 66.645 3.2
      vertex 38.0048 65.0215 3.2
    endloop
  endfacet
  facet normal -0 0 -1
    outer loop
      vertex 39.6406 66.645 3.2
      vertex 37.8203 65.3225 3.2
      vertex 39.182 67.182 3.2
    endloop
  endfacet
  facet normal 0 0 -1
    outer loop
      vertex 37.591 65.591 3.2
      vertex 39.182 67.182 3.2
      vertex 37.8203 65.3225 3.2
    endloop
  endfacet
  facet normal -0 0 -1
    outer loop
      vertex 39.182 67.182 3.2
      vertex 37.591 65.591 3.2
      vertex 38.645 67.6406 3.2
    endloop
  endfacet
  facet normal 0 0 -1
    outer loop
      vertex 37.3225 65.8203 3.2
      vertex 38.645 67.6406 3.2
      vertex 37.591 65.591 3.2
    endloop
  endfacet
  facet normal -0 0 -1
    outer loop
      vertex 38.645 67.6406 3.2
      vertex 37.3225 65.8203 3.2
      vertex 38.043 68.0095 3.2
    endloop
  endfacet
  facet normal 0 0 -1
    outer loop
      vertex 37.0215 66.0048 3.2
      vertex 38.043 68.0095 3.2
      vertex 37.3225 65.8203 3.2
    endloop
  endfacet
  facet normal -0 0 -1
    outer loop
      vertex 38.043 68.0095 3.2
      vertex 37.0215 66.0048 3.2
      vertex 37.3906 68.2798 3.2
    endloop
  endfacet
  facet normal 0 0 -1
    outer loop
      vertex 36.6953 66.1399 3.2
      vertex 37.3906 68.2798 3.2
      vertex 37.0215 66.0048 3.2
    endloop
  endfacet
  facet normal -0 0 -1
    outer loop
      vertex 37.3906 68.2798 3.2
      vertex 36.6953 66.1399 3.2
      vertex 36.704 68.4446 3.2
    endloop
  endfacet
  facet normal 0 0 -1
    outer loop
      vertex 36.352 66.2223 3.2
      vertex 36.704 68.4446 3.2
      vertex 36.6953 66.1399 3.2
    endloop
  endfacet
  facet normal 0 0 -1
    outer loop
      vertex 36 66.25 3.2
      vertex 36.704 68.4446 3.2
      vertex 36.352 66.2223 3.2
    endloop
  endfacet
  facet normal 0 0 -1
    outer loop
      vertex 36 66.25 3.2
      vertex 36 68.5 3.2
      vertex 36.704 68.4446 3.2
    endloop
  endfacet
  facet normal 0 0 -1
    outer loop
      vertex 35.648 66.2223 3.2
      vertex 36 68.5 3.2
      vertex 36 66.25 3.2
    endloop
  endfacet
  facet normal 0 0 -1
    outer loop
      vertex 35.296 68.4446 3.2
      vertex 35.648 66.2223 3.2
      vertex 35.3047 66.1399 3.2
    endloop
  endfacet
  facet normal 0 0 -1
    outer loop
      vertex 35.648 66.2223 3.2
      vertex 35.296 68.4446 3.2
      vertex 36 68.5 3.2
    endloop
  endfacet
  facet normal 0 0 -1
    outer loop
      vertex 34.6094 68.2798 3.2
      vertex 35.3047 66.1399 3.2
      vertex 34.9785 66.0048 3.2
    endloop
  endfacet
  facet normal 0 0 -1
    outer loop
      vertex 33.957 68.0095 3.2
      vertex 34.9785 66.0048 3.2
      vertex 34.6775 65.8203 3.2
    endloop
  endfacet
  facet normal 0 0 -1
    outer loop
      vertex 35.3047 66.1399 3.2
      vertex 34.6094 68.2798 3.2
      vertex 35.296 68.4446 3.2
    endloop
  endfacet
  facet normal 0 0 -1
    outer loop
      vertex 33.355 67.6406 3.2
      vertex 34.6775 65.8203 3.2
      vertex 34.409 65.591 3.2
    endloop
  endfacet
  facet normal 0 0 -1
    outer loop
      vertex 32.818 67.182 3.2
      vertex 34.409 65.591 3.2
      vertex 34.1797 65.3225 3.2
    endloop
  endfacet
  facet normal 0 0 -1
    outer loop
      vertex 32.3594 66.645 3.2
      vertex 34.1797 65.3225 3.2
      vertex 33.9952 65.0215 3.2
    endloop
  endfacet
  facet normal 0 0 -1
    outer loop
      vertex 34.9785 66.0048 3.2
      vertex 33.957 68.0095 3.2
      vertex 34.6094 68.2798 3.2
    endloop
  endfacet
  facet normal 0 0 -1
    outer loop
      vertex 31.9905 66.043 3.2
      vertex 33.9952 65.0215 3.2
      vertex 33.8601 64.6953 3.2
    endloop
  endfacet
  facet normal 0 0 -1
    outer loop
      vertex 31.7202 65.3906 3.2
      vertex 33.8601 64.6953 3.2
      vertex 33.7777 64.352 3.2
    endloop
  endfacet
  facet normal 0 0 -1
    outer loop
      vertex 31.5554 64.704 3.2
      vertex 33.7777 64.352 3.2
      vertex 33.75 64 3.2
    endloop
  endfacet
  facet normal -0 0 -1
    outer loop
      vertex 33.9952 62.9785 3.2
      vertex 31.9905 61.957 3.2
      vertex 33.8601 63.3047 3.2
    endloop
  endfacet
  facet normal 0 0 -1
    outer loop
      vertex 34.6775 65.8203 3.2
      vertex 33.355 67.6406 3.2
      vertex 33.957 68.0095 3.2
    endloop
  endfacet
  facet normal 0 0 -1
    outer loop
      vertex 31.7202 62.6094 3.2
      vertex 33.8601 63.3047 3.2
      vertex 31.9905 61.957 3.2
    endloop
  endfacet
  facet normal 0 0 -1
    outer loop
      vertex 34.409 65.591 3.2
      vertex 32.818 67.182 3.2
      vertex 33.355 67.6406 3.2
    endloop
  endfacet
  facet normal -0 0 -1
    outer loop
      vertex 33.8601 63.3047 3.2
      vertex 31.7202 62.6094 3.2
      vertex 33.7777 63.648 3.2
    endloop
  endfacet
  facet normal 0 0 -1
    outer loop
      vertex 34.1797 65.3225 3.2
      vertex 32.3594 66.645 3.2
      vertex 32.818 67.182 3.2
    endloop
  endfacet
  facet normal 0 0 -1
    outer loop
      vertex 31.5554 63.296 3.2
      vertex 33.7777 63.648 3.2
      vertex 31.7202 62.6094 3.2
    endloop
  endfacet
  facet normal 0 0 -1
    outer loop
      vertex 33.9952 65.0215 3.2
      vertex 31.9905 66.043 3.2
      vertex 32.3594 66.645 3.2
    endloop
  endfacet
  facet normal -0 0 -1
    outer loop
      vertex 33.7777 63.648 3.2
      vertex 31.5554 63.296 3.2
      vertex 33.75 64 3.2
    endloop
  endfacet
  facet normal 0 0 -1
    outer loop
      vertex 33.8601 64.6953 3.2
      vertex 31.7202 65.3906 3.2
      vertex 31.9905 66.043 3.2
    endloop
  endfacet
  facet normal 0 0 -1
    outer loop
      vertex 31.5 64 3.2
      vertex 33.75 64 3.2
      vertex 31.5554 63.296 3.2
    endloop
  endfacet
  facet normal 0 0 -1
    outer loop
      vertex 33.7777 64.352 3.2
      vertex 31.5554 64.704 3.2
      vertex 31.7202 65.3906 3.2
    endloop
  endfacet
  facet normal 0 0 -1
    outer loop
      vertex 33.75 64 3.2
      vertex 31.5 64 3.2
      vertex 31.5554 64.704 3.2
    endloop
  endfacet
  facet normal -0.0573152 -0.728338 0.682817
    outer loop
      vertex 36.352 66.2223 0.799999
      vertex 36 68.5 3.2
      vertex 36 66.25 0.799999
    endloop
  endfacet
  facet normal -0.0573152 -0.728338 0.682817
    outer loop
      vertex 36 68.5 3.2
      vertex 36.352 66.2223 0.799999
      vertex 36.704 68.4446 3.2
    endloop
  endfacet
  facet normal -0.71041 0.170515 0.682819
    outer loop
      vertex 40.2798 62.6094 3.2
      vertex 40.4446 63.296 3.2
      vertex 38.2223 63.648 0.799999
    endloop
  endfacet
  facet normal -0.622939 0.381731 0.682809
    outer loop
      vertex 39.6406 61.355 3.2
      vertex 40.0095 61.957 3.2
      vertex 38.0048 62.9785 0.799999
    endloop
  endfacet
  facet normal -0.381731 0.622939 0.682809
    outer loop
      vertex 38.043 59.9905 3.2
      vertex 38.645 60.3594 3.2
      vertex 37.0215 61.9952 0.799999
    endloop
  endfacet
  facet normal -0.170515 0.71041 0.682819
    outer loop
      vertex 37.3906 59.7202 3.2
      vertex 36.6953 61.8601 0.799999
      vertex 36.352 61.7777 0.799999
    endloop
  endfacet
  facet normal -0.474455 0.555565 0.682817
    outer loop
      vertex 38.645 60.3594 3.2
      vertex 37.591 62.409 0.799999
      vertex 37.3225 62.1797 0.799999
    endloop
  endfacet
  facet normal -0.474455 0.555565 0.682817
    outer loop
      vertex 38.645 60.3594 3.2
      vertex 39.182 60.818 3.2
      vertex 37.591 62.409 0.799999
    endloop
  endfacet
  facet normal 0.622939 0.381731 0.682809
    outer loop
      vertex 32.3594 61.355 3.2
      vertex 33.9952 62.9785 0.799999
      vertex 31.9905 61.957 3.2
    endloop
  endfacet
  facet normal 0.555565 0.474455 0.682817
    outer loop
      vertex 34.409 62.409 0.799999
      vertex 34.1797 62.6775 0.799999
      vertex 32.3594 61.355 3.2
    endloop
  endfacet
  facet normal 0.555565 0.474455 0.682817
    outer loop
      vertex 32.818 60.818 3.2
      vertex 34.409 62.409 0.799999
      vertex 32.3594 61.355 3.2
    endloop
  endfacet
  facet normal 0.71041 0.170515 0.682819
    outer loop
      vertex 33.8601 63.3047 0.799999
      vertex 33.7777 63.648 0.799999
      vertex 31.7202 62.6094 3.2
    endloop
  endfacet
  facet normal 0.381731 0.622939 0.682809
    outer loop
      vertex 33.957 59.9905 3.2
      vertex 34.9785 61.9952 0.799999
      vertex 33.355 60.3594 3.2
    endloop
  endfacet
  facet normal 0.170515 0.71041 0.682819
    outer loop
      vertex 35.296 59.5554 3.2
      vertex 35.648 61.7777 0.799999
      vertex 34.6094 59.7202 3.2
    endloop
  endfacet
  facet normal 0.0573152 0.728338 0.682817
    outer loop
      vertex 35.648 61.7777 0.799999
      vertex 36 59.5 3.2
      vertex 36 61.75 0.799999
    endloop
  endfacet
  facet normal 0.0573152 0.728338 0.682817
    outer loop
      vertex 36 59.5 3.2
      vertex 35.648 61.7777 0.799999
      vertex 35.296 59.5554 3.2
    endloop
  endfacet
  facet normal 0.71041 -0.170515 0.682819
    outer loop
      vertex 33.7777 64.352 0.799999
      vertex 31.7202 65.3906 3.2
      vertex 31.5554 64.704 3.2
    endloop
  endfacet
  facet normal 0.728338 -0.0573152 0.682817
    outer loop
      vertex 31.5 64 3.2
      vertex 33.7777 64.352 0.799999
      vertex 31.5554 64.704 3.2
    endloop
  endfacet
  facet normal 0.728338 -0.0573152 0.682817
    outer loop
      vertex 33.7777 64.352 0.799999
      vertex 31.5 64 3.2
      vertex 33.75 64 0.799999
    endloop
  endfacet
  facet normal 0.622939 -0.381731 0.682809
    outer loop
      vertex 33.9952 65.0215 0.799999
      vertex 32.3594 66.645 3.2
      vertex 31.9905 66.043 3.2
    endloop
  endfacet
  facet normal 0.381731 -0.622939 0.682809
    outer loop
      vertex 34.9785 66.0048 0.799999
      vertex 33.957 68.0095 3.2
      vertex 33.355 67.6406 3.2
    endloop
  endfacet
  facet normal 0.170515 -0.71041 0.682819
    outer loop
      vertex 35.3047 66.1399 0.799999
      vertex 35.648 66.2223 0.799999
      vertex 34.6094 68.2798 3.2
    endloop
  endfacet
  facet normal 0.474455 -0.555565 0.682817
    outer loop
      vertex 34.409 65.591 0.799999
      vertex 34.6775 65.8203 0.799999
      vertex 33.355 67.6406 3.2
    endloop
  endfacet
  facet normal 0.474455 -0.555565 0.682817
    outer loop
      vertex 34.409 65.591 0.799999
      vertex 33.355 67.6406 3.2
      vertex 32.818 67.182 3.2
    endloop
  endfacet
  facet normal -0.381801 -0.622884 0.68282
    outer loop
      vertex 37.3225 65.8203 0.799999
      vertex 38.645 67.6406 3.2
      vertex 37.0215 66.0048 0.799999
    endloop
  endfacet
  facet normal -0.381731 -0.622939 0.682809
    outer loop
      vertex 38.645 67.6406 3.2
      vertex 38.043 68.0095 3.2
      vertex 37.0215 66.0048 0.799999
    endloop
  endfacet
  facet normal -0.622884 -0.381801 0.68282
    outer loop
      vertex 38.0048 65.0215 0.799999
      vertex 39.6406 66.645 3.2
      vertex 37.8203 65.3225 0.799999
    endloop
  endfacet
  facet normal -0.555565 -0.474455 0.682817
    outer loop
      vertex 39.6406 66.645 3.2
      vertex 39.182 67.182 3.2
      vertex 37.591 65.591 0.799999
    endloop
  endfacet
  facet normal -0.622939 -0.381731 0.682809
    outer loop
      vertex 40.0095 66.043 3.2
      vertex 39.6406 66.645 3.2
      vertex 38.0048 65.0215 0.799999
    endloop
  endfacet
  facet normal -0.674958 -0.279646 0.682811
    outer loop
      vertex 40.2798 65.3906 3.2
      vertex 40.0095 66.043 3.2
      vertex 38.0048 65.0215 0.799999
    endloop
  endfacet
  facet normal -0.71041 -0.170515 0.682819
    outer loop
      vertex 40.4446 64.704 3.2
      vertex 40.2798 65.3906 3.2
      vertex 38.2223 64.352 0.799999
    endloop
  endfacet
  facet normal -0.622884 0.381801 0.68282
    outer loop
      vertex 39.6406 61.355 3.2
      vertex 38.0048 62.9785 0.799999
      vertex 37.8203 62.6775 0.799999
    endloop
  endfacet
  facet normal -0.555565 0.474455 0.682817
    outer loop
      vertex 39.6406 61.355 3.2
      vertex 37.8203 62.6775 0.799999
      vertex 37.591 62.409 0.799999
    endloop
  endfacet
  facet normal -0.279646 0.674958 0.682811
    outer loop
      vertex 37.3906 59.7202 3.2
      vertex 38.043 59.9905 3.2
      vertex 37.0215 61.9952 0.799999
    endloop
  endfacet
  facet normal -0.381801 0.622884 0.68282
    outer loop
      vertex 38.645 60.3594 3.2
      vertex 37.3225 62.1797 0.799999
      vertex 37.0215 61.9952 0.799999
    endloop
  endfacet
  facet normal 0.622884 0.381801 0.68282
    outer loop
      vertex 34.1797 62.6775 0.799999
      vertex 33.9952 62.9785 0.799999
      vertex 32.3594 61.355 3.2
    endloop
  endfacet
  facet normal 0.674958 0.279646 0.682811
    outer loop
      vertex 31.9905 61.957 3.2
      vertex 33.9952 62.9785 0.799999
      vertex 31.7202 62.6094 3.2
    endloop
  endfacet
  facet normal 0.381801 0.622884 0.68282
    outer loop
      vertex 34.9785 61.9952 0.799999
      vertex 34.6775 62.1797 0.799999
      vertex 33.355 60.3594 3.2
    endloop
  endfacet
  facet normal 0.474455 0.555565 0.682817
    outer loop
      vertex 34.6775 62.1797 0.799999
      vertex 34.409 62.409 0.799999
      vertex 33.355 60.3594 3.2
    endloop
  endfacet
  facet normal 0.622884 -0.381801 0.68282
    outer loop
      vertex 33.9952 65.0215 0.799999
      vertex 34.1797 65.3225 0.799999
      vertex 32.3594 66.645 3.2
    endloop
  endfacet
  facet normal 0.555565 -0.474455 0.682817
    outer loop
      vertex 34.1797 65.3225 0.799999
      vertex 34.409 65.591 0.799999
      vertex 32.3594 66.645 3.2
    endloop
  endfacet
  facet normal 0.279646 -0.674958 0.682811
    outer loop
      vertex 34.9785 66.0048 0.799999
      vertex 34.6094 68.2798 3.2
      vertex 33.957 68.0095 3.2
    endloop
  endfacet
  facet normal 0.381801 -0.622884 0.68282
    outer loop
      vertex 34.6775 65.8203 0.799999
      vertex 34.9785 66.0048 0.799999
      vertex 33.355 67.6406 3.2
    endloop
  endfacet
  facet normal -0.279646 -0.674958 0.682811
    outer loop
      vertex 38.043 68.0095 3.2
      vertex 37.3906 68.2798 3.2
      vertex 37.0215 66.0048 0.799999
    endloop
  endfacet
  facet normal -0.474455 -0.555565 0.682817
    outer loop
      vertex 37.591 65.591 0.799999
      vertex 38.645 67.6406 3.2
      vertex 37.3225 65.8203 0.799999
    endloop
  endfacet
  facet normal -0.555565 -0.474455 0.682817
    outer loop
      vertex 37.8203 65.3225 0.799999
      vertex 39.6406 66.645 3.2
      vertex 37.591 65.591 0.799999
    endloop
  endfacet
  facet normal -0.674985 -0.279554 0.682822
    outer loop
      vertex 38.1399 64.6953 0.799999
      vertex 40.2798 65.3906 3.2
      vertex 38.0048 65.0215 0.799999
    endloop
  endfacet
  facet normal -0.71041 -0.170515 0.682819
    outer loop
      vertex 38.2223 64.352 0.799999
      vertex 40.2798 65.3906 3.2
      vertex 38.1399 64.6953 0.799999
    endloop
  endfacet
  facet normal -0.674958 0.279646 0.682811
    outer loop
      vertex 40.0095 61.957 3.2
      vertex 40.2798 62.6094 3.2
      vertex 38.0048 62.9785 0.799999
    endloop
  endfacet
  facet normal -0.71041 0.170515 0.682819
    outer loop
      vertex 40.2798 62.6094 3.2
      vertex 38.2223 63.648 0.799999
      vertex 38.1399 63.3047 0.799999
    endloop
  endfacet
  facet normal -0.170515 0.71041 0.682819
    outer loop
      vertex 36.704 59.5554 3.2
      vertex 37.3906 59.7202 3.2
      vertex 36.352 61.7777 0.799999
    endloop
  endfacet
  facet normal 0.71041 0.170515 0.682819
    outer loop
      vertex 31.7202 62.6094 3.2
      vertex 33.7777 63.648 0.799999
      vertex 31.5554 63.296 3.2
    endloop
  endfacet
  facet normal 0.279554 0.674985 0.682822
    outer loop
      vertex 35.3047 61.8601 0.799999
      vertex 34.9785 61.9952 0.799999
      vertex 34.6094 59.7202 3.2
    endloop
  endfacet
  facet normal 0.674958 -0.279646 0.682811
    outer loop
      vertex 33.9952 65.0215 0.799999
      vertex 31.9905 66.043 3.2
      vertex 31.7202 65.3906 3.2
    endloop
  endfacet
  facet normal 0.71041 -0.170515 0.682819
    outer loop
      vertex 33.7777 64.352 0.799999
      vertex 33.8601 64.6953 0.799999
      vertex 31.7202 65.3906 3.2
    endloop
  endfacet
  facet normal 0.170515 -0.71041 0.682819
    outer loop
      vertex 35.648 66.2223 0.799999
      vertex 35.296 68.4446 3.2
      vertex 34.6094 68.2798 3.2
    endloop
  endfacet
  facet normal -0.170515 -0.71041 0.682819
    outer loop
      vertex 37.3906 68.2798 3.2
      vertex 36.704 68.4446 3.2
      vertex 36.352 66.2223 0.799999
    endloop
  endfacet
  facet normal -0.674985 0.279554 0.682822
    outer loop
      vertex 40.2798 62.6094 3.2
      vertex 38.1399 63.3047 0.799999
      vertex 38.0048 62.9785 0.799999
    endloop
  endfacet
  facet normal -0.279554 0.674985 0.682822
    outer loop
      vertex 37.3906 59.7202 3.2
      vertex 37.0215 61.9952 0.799999
      vertex 36.6953 61.8601 0.799999
    endloop
  endfacet
  facet normal 0.674985 0.279554 0.682822
    outer loop
      vertex 33.9952 62.9785 0.799999
      vertex 33.8601 63.3047 0.799999
      vertex 31.7202 62.6094 3.2
    endloop
  endfacet
  facet normal 0.170515 0.71041 0.682819
    outer loop
      vertex 35.648 61.7777 0.799999
      vertex 35.3047 61.8601 0.799999
      vertex 34.6094 59.7202 3.2
    endloop
  endfacet
  facet normal 0.674985 -0.279554 0.682822
    outer loop
      vertex 33.8601 64.6953 0.799999
      vertex 33.9952 65.0215 0.799999
      vertex 31.7202 65.3906 3.2
    endloop
  endfacet
  facet normal 0.279554 -0.674985 0.682822
    outer loop
      vertex 34.9785 66.0048 0.799999
      vertex 35.3047 66.1399 0.799999
      vertex 34.6094 68.2798 3.2
    endloop
  endfacet
  facet normal -0.170515 -0.71041 0.682819
    outer loop
      vertex 36.6953 66.1399 0.799999
      vertex 37.3906 68.2798 3.2
      vertex 36.352 66.2223 0.799999
    endloop
  endfacet
  facet normal -0.279554 -0.674985 0.682822
    outer loop
      vertex 37.0215 66.0048 0.799999
      vertex 37.3906 68.2798 3.2
      vertex 36.6953 66.1399 0.799999
    endloop
  endfacet
  facet normal -0.649414 -0.760435 0
    outer loop
      vertex 37.3225 37.8203 3.2
      vertex 37.591 37.591 4
      vertex 37.3225 37.8203 4
    endloop
  endfacet
  facet normal -0.649414 -0.760435 -0
    outer loop
      vertex 37.591 37.591 4
      vertex 37.3225 37.8203 3.2
      vertex 37.591 37.591 3.2
    endloop
  endfacet
  facet normal -0.649414 -0.760435 0
    outer loop
      vertex 37.3225 37.8203 0
      vertex 37.591 37.591 0.799999
      vertex 37.3225 37.8203 0.799999
    endloop
  endfacet
  facet normal -0.649414 -0.760435 -0
    outer loop
      vertex 37.591 37.591 0.799999
      vertex 37.3225 37.8203 0
      vertex 37.591 37.591 0
    endloop
  endfacet
  facet normal -0.972382 0.233394 0
    outer loop
      vertex 38.1399 35.3047 0
      vertex 38.2223 35.648 0.799999
      vertex 38.2223 35.648 0
    endloop
  endfacet
  facet normal -0.972382 0.233394 0
    outer loop
      vertex 38.2223 35.648 0.799999
      vertex 38.1399 35.3047 0
      vertex 38.1399 35.3047 0.799999
    endloop
  endfacet
  facet normal -0.972382 0.233394 0
    outer loop
      vertex 38.1399 35.3047 3.2
      vertex 38.2223 35.648 4.14086
      vertex 38.2223 35.648 3.2
    endloop
  endfacet
  facet normal -0.972382 0.233394 0
    outer loop
      vertex 38.2223 35.648 4.14086
      vertex 38.1399 35.3047 3.2
      vertex 38.1399 35.3047 4.18911
    endloop
  endfacet
  facet normal 0.382644 -0.923896 0
    outer loop
      vertex 34.9785 38.0048 0
      vertex 35.3047 38.1399 0.799999
      vertex 34.9785 38.0048 0.799999
    endloop
  endfacet
  facet normal 0.382644 -0.923896 0
    outer loop
      vertex 35.3047 38.1399 0.799999
      vertex 34.9785 38.0048 0
      vertex 35.3047 38.1399 0
    endloop
  endfacet
  facet normal 0.382644 -0.923896 0
    outer loop
      vertex 34.9785 38.0048 3.2
      vertex 35.3047 38.1399 4
      vertex 34.9785 38.0048 4
    endloop
  endfacet
  facet normal 0.382644 -0.923896 0
    outer loop
      vertex 35.3047 38.1399 4
      vertex 34.9785 38.0048 3.2
      vertex 35.3047 38.1399 3.2
    endloop
  endfacet
  facet normal 0.852581 -0.522595 0
    outer loop
      vertex 33.9952 37.0215 0.799999
      vertex 34.1797 37.3225 0
      vertex 34.1797 37.3225 0.799999
    endloop
  endfacet
  facet normal 0.852581 -0.522595 0
    outer loop
      vertex 34.1797 37.3225 0
      vertex 33.9952 37.0215 0.799999
      vertex 33.9952 37.0215 0
    endloop
  endfacet
  facet normal 0.852581 -0.522595 0
    outer loop
      vertex 33.9952 37.0215 4
      vertex 34.1797 37.3225 3.2
      vertex 34.1797 37.3225 4
    endloop
  endfacet
  facet normal 0.852581 -0.522595 0
    outer loop
      vertex 34.1797 37.3225 3.2
      vertex 33.9952 37.0215 4
      vertex 33.9952 37.0215 3.2
    endloop
  endfacet
  facet normal -0.649414 0.760435 0
    outer loop
      vertex 37.3225 34.1797 3.2
      vertex 37.591 34.409 4.31499
      vertex 37.591 34.409 3.2
    endloop
  endfacet
  facet normal -0.649414 0.760435 0
    outer loop
      vertex 37.591 34.409 4.31499
      vertex 37.3225 34.1797 3.2
      vertex 37.3225 34.1797 4.34722
    endloop
  endfacet
  facet normal -0.649414 0.760435 0
    outer loop
      vertex 37.591 34.409 0
      vertex 37.3225 34.1797 0.799999
      vertex 37.591 34.409 0.799999
    endloop
  endfacet
  facet normal -0.649414 0.760435 0
    outer loop
      vertex 37.3225 34.1797 0.799999
      vertex 37.591 34.409 0
      vertex 37.3225 34.1797 0
    endloop
  endfacet
  facet normal -0.996918 0.0784506 0
    outer loop
      vertex 38.2223 35.648 0
      vertex 38.25 36 0.799999
      vertex 38.25 36 0
    endloop
  endfacet
  facet normal -0.996918 0.0784506 0
    outer loop
      vertex 38.25 36 0.799999
      vertex 38.2223 35.648 0
      vertex 38.2223 35.648 0.799999
    endloop
  endfacet
  facet normal -0.996918 0.0784506 0
    outer loop
      vertex 38.2223 35.648 3.2
      vertex 38.25 36 4.09139
      vertex 38.25 36 3.2
    endloop
  endfacet
  facet normal -0.996918 0.0784506 0
    outer loop
      vertex 38.25 36 4.09139
      vertex 38.2223 35.648 3.2
      vertex 38.2223 35.648 4.14086
    endloop
  endfacet
  facet normal 0.923896 0.382644 0
    outer loop
      vertex 33.9952 34.9785 0.799999
      vertex 33.8601 35.3047 0
      vertex 33.8601 35.3047 0.799999
    endloop
  endfacet
  facet normal 0.923896 0.382644 0
    outer loop
      vertex 33.8601 35.3047 0
      vertex 33.9952 34.9785 0.799999
      vertex 33.9952 34.9785 0
    endloop
  endfacet
  facet normal 0.923896 0.382644 -0
    outer loop
      vertex 33.9952 34.9785 3.2
      vertex 33.8601 35.3047 4.18911
      vertex 33.9952 34.9785 4.23495
    endloop
  endfacet
  facet normal 0.923896 0.382644 0
    outer loop
      vertex 33.8601 35.3047 4.18911
      vertex 33.9952 34.9785 3.2
      vertex 33.8601 35.3047 3.2
    endloop
  endfacet
  facet normal -0.923896 -0.382644 0
    outer loop
      vertex 38.1399 36.6953 0
      vertex 38.0048 37.0215 0.799999
      vertex 38.0048 37.0215 0
    endloop
  endfacet
  facet normal -0.923896 -0.382644 0
    outer loop
      vertex 38.0048 37.0215 0.799999
      vertex 38.1399 36.6953 0
      vertex 38.1399 36.6953 0.799999
    endloop
  endfacet
  facet normal -0.923896 -0.382644 0
    outer loop
      vertex 38.1399 36.6953 3.2
      vertex 38.0048 37.0215 4
      vertex 38.0048 37.0215 3.2
    endloop
  endfacet
  facet normal -0.923896 -0.382644 0
    outer loop
      vertex 38.0048 37.0215 4
      vertex 38.1399 36.6953 3.2
      vertex 38.1399 36.6953 4
    endloop
  endfacet
  facet normal -0.852581 -0.522595 0
    outer loop
      vertex 38.0048 37.0215 0
      vertex 37.8203 37.3225 0.799999
      vertex 37.8203 37.3225 0
    endloop
  endfacet
  facet normal -0.852581 -0.522595 0
    outer loop
      vertex 37.8203 37.3225 0.799999
      vertex 38.0048 37.0215 0
      vertex 38.0048 37.0215 0.799999
    endloop
  endfacet
  facet normal -0.852581 -0.522595 0
    outer loop
      vertex 38.0048 37.0215 3.2
      vertex 37.8203 37.3225 4
      vertex 37.8203 37.3225 3.2
    endloop
  endfacet
  facet normal -0.852581 -0.522595 0
    outer loop
      vertex 37.8203 37.3225 4
      vertex 38.0048 37.0215 3.2
      vertex 38.0048 37.0215 4
    endloop
  endfacet
  facet normal -0.760435 -0.649414 0
    outer loop
      vertex 37.8203 37.3225 3.2
      vertex 37.591 37.591 4
      vertex 37.591 37.591 3.2
    endloop
  endfacet
  facet normal -0.760435 -0.649414 0
    outer loop
      vertex 37.591 37.591 4
      vertex 37.8203 37.3225 3.2
      vertex 37.8203 37.3225 4
    endloop
  endfacet
  facet normal -0.760435 -0.649414 0
    outer loop
      vertex 37.8203 37.3225 0
      vertex 37.591 37.591 0.799999
      vertex 37.591 37.591 0
    endloop
  endfacet
  facet normal -0.760435 -0.649414 0
    outer loop
      vertex 37.591 37.591 0.799999
      vertex 37.8203 37.3225 0
      vertex 37.8203 37.3225 0.799999
    endloop
  endfacet
  facet normal -0.522595 -0.852581 0
    outer loop
      vertex 37.0215 38.0048 0
      vertex 37.3225 37.8203 0.799999
      vertex 37.0215 38.0048 0.799999
    endloop
  endfacet
  facet normal -0.522595 -0.852581 -0
    outer loop
      vertex 37.3225 37.8203 0.799999
      vertex 37.0215 38.0048 0
      vertex 37.3225 37.8203 0
    endloop
  endfacet
  facet normal -0.522595 -0.852581 0
    outer loop
      vertex 37.0215 38.0048 3.2
      vertex 37.3225 37.8203 4
      vertex 37.0215 38.0048 4
    endloop
  endfacet
  facet normal -0.522595 -0.852581 -0
    outer loop
      vertex 37.3225 37.8203 4
      vertex 37.0215 38.0048 3.2
      vertex 37.3225 37.8203 3.2
    endloop
  endfacet
  facet normal -0.0784506 -0.996918 0
    outer loop
      vertex 36 38.25 0
      vertex 36.352 38.2223 0.799999
      vertex 36 38.25 0.799999
    endloop
  endfacet
  facet normal -0.0784506 -0.996918 -0
    outer loop
      vertex 36.352 38.2223 0.799999
      vertex 36 38.25 0
      vertex 36.352 38.2223 0
    endloop
  endfacet
  facet normal -0.0784506 -0.996918 0
    outer loop
      vertex 36 38.25 3.2
      vertex 36.352 38.2223 4
      vertex 36 38.25 4
    endloop
  endfacet
  facet normal -0.0784506 -0.996918 -0
    outer loop
      vertex 36.352 38.2223 4
      vertex 36 38.25 3.2
      vertex 36.352 38.2223 3.2
    endloop
  endfacet
  facet normal 0.996918 -0.0784506 0
    outer loop
      vertex 33.75 36 0.799999
      vertex 33.7777 36.352 0
      vertex 33.7777 36.352 0.799999
    endloop
  endfacet
  facet normal 0.996918 -0.0784506 0
    outer loop
      vertex 33.7777 36.352 0
      vertex 33.75 36 0.799999
      vertex 33.75 36 0
    endloop
  endfacet
  facet normal 0.996918 -0.0784506 0
    outer loop
      vertex 33.75 36 3.2
      vertex 33.7777 36.352 4.04193
      vertex 33.75 36 4.09139
    endloop
  endfacet
  facet normal 0.996918 -0.0784506 0
    outer loop
      vertex 33.7777 36.352 4.04193
      vertex 33.75 36 3.2
      vertex 33.7777 36.352 3.2
    endloop
  endfacet
  facet normal 0.760435 -0.649414 0
    outer loop
      vertex 34.1797 37.3225 4
      vertex 34.409 37.591 3.2
      vertex 34.409 37.591 4
    endloop
  endfacet
  facet normal 0.760435 -0.649414 0
    outer loop
      vertex 34.409 37.591 3.2
      vertex 34.1797 37.3225 4
      vertex 34.1797 37.3225 3.2
    endloop
  endfacet
  facet normal 0.760435 -0.649414 0
    outer loop
      vertex 34.1797 37.3225 0.799999
      vertex 34.409 37.591 0
      vertex 34.409 37.591 0.799999
    endloop
  endfacet
  facet normal 0.760435 -0.649414 0
    outer loop
      vertex 34.409 37.591 0
      vertex 34.1797 37.3225 0.799999
      vertex 34.1797 37.3225 0
    endloop
  endfacet
  facet normal 0.522595 -0.852581 0
    outer loop
      vertex 34.6775 37.8203 0
      vertex 34.9785 38.0048 0.799999
      vertex 34.6775 37.8203 0.799999
    endloop
  endfacet
  facet normal 0.522595 -0.852581 0
    outer loop
      vertex 34.9785 38.0048 0.799999
      vertex 34.6775 37.8203 0
      vertex 34.9785 38.0048 0
    endloop
  endfacet
  facet normal 0.522595 -0.852581 0
    outer loop
      vertex 34.6775 37.8203 3.2
      vertex 34.9785 38.0048 4
      vertex 34.6775 37.8203 4
    endloop
  endfacet
  facet normal 0.522595 -0.852581 0
    outer loop
      vertex 34.9785 38.0048 4
      vertex 34.6775 37.8203 3.2
      vertex 34.9785 38.0048 3.2
    endloop
  endfacet
  facet normal 0.0784506 -0.996918 0
    outer loop
      vertex 35.648 38.2223 0
      vertex 36 38.25 0.799999
      vertex 35.648 38.2223 0.799999
    endloop
  endfacet
  facet normal 0.0784506 -0.996918 0
    outer loop
      vertex 36 38.25 0.799999
      vertex 35.648 38.2223 0
      vertex 36 38.25 0
    endloop
  endfacet
  facet normal 0.0784506 -0.996918 0
    outer loop
      vertex 35.648 38.2223 3.2
      vertex 36 38.25 4
      vertex 35.648 38.2223 4
    endloop
  endfacet
  facet normal 0.0784506 -0.996918 0
    outer loop
      vertex 36 38.25 4
      vertex 35.648 38.2223 3.2
      vertex 36 38.25 3.2
    endloop
  endfacet
  facet normal 0.649414 -0.760435 0
    outer loop
      vertex 34.409 37.591 3.2
      vertex 34.6775 37.8203 4
      vertex 34.409 37.591 4
    endloop
  endfacet
  facet normal 0.649414 -0.760435 0
    outer loop
      vertex 34.6775 37.8203 4
      vertex 34.409 37.591 3.2
      vertex 34.6775 37.8203 3.2
    endloop
  endfacet
  facet normal 0.649414 -0.760435 0
    outer loop
      vertex 34.409 37.591 0
      vertex 34.6775 37.8203 0.799999
      vertex 34.409 37.591 0.799999
    endloop
  endfacet
  facet normal 0.649414 -0.760435 0
    outer loop
      vertex 34.6775 37.8203 0.799999
      vertex 34.409 37.591 0
      vertex 34.6775 37.8203 0
    endloop
  endfacet
  facet normal -0.0784506 0.996918 0
    outer loop
      vertex 36.352 33.7777 0
      vertex 36 33.75 0.799999
      vertex 36.352 33.7777 0.799999
    endloop
  endfacet
  facet normal -0.0784506 0.996918 0
    outer loop
      vertex 36 33.75 0.799999
      vertex 36.352 33.7777 0
      vertex 36 33.75 0
    endloop
  endfacet
  facet normal -0.0784506 0.996918 0
    outer loop
      vertex 36 33.75 3.2
      vertex 36.352 33.7777 4.40372
      vertex 36.352 33.7777 3.2
    endloop
  endfacet
  facet normal -0.0784506 0.996918 0
    outer loop
      vertex 36.352 33.7777 4.40372
      vertex 36 33.75 3.2
      vertex 36 33.75 4.40761
    endloop
  endfacet
  facet normal -0.760435 0.649414 0
    outer loop
      vertex 37.591 34.409 3.2
      vertex 37.8203 34.6775 4.27726
      vertex 37.8203 34.6775 3.2
    endloop
  endfacet
  facet normal -0.760435 0.649414 0
    outer loop
      vertex 37.8203 34.6775 4.27726
      vertex 37.591 34.409 3.2
      vertex 37.591 34.409 4.31499
    endloop
  endfacet
  facet normal -0.760435 0.649414 0
    outer loop
      vertex 37.591 34.409 0
      vertex 37.8203 34.6775 0.799999
      vertex 37.8203 34.6775 0
    endloop
  endfacet
  facet normal -0.760435 0.649414 0
    outer loop
      vertex 37.8203 34.6775 0.799999
      vertex 37.591 34.409 0
      vertex 37.591 34.409 0.799999
    endloop
  endfacet
  facet normal -0.923896 0.382644 0
    outer loop
      vertex 38.0048 34.9785 0
      vertex 38.1399 35.3047 0.799999
      vertex 38.1399 35.3047 0
    endloop
  endfacet
  facet normal -0.923896 0.382644 0
    outer loop
      vertex 38.1399 35.3047 0.799999
      vertex 38.0048 34.9785 0
      vertex 38.0048 34.9785 0.799999
    endloop
  endfacet
  facet normal -0.923896 0.382644 0
    outer loop
      vertex 38.0048 34.9785 3.2
      vertex 38.1399 35.3047 4.18911
      vertex 38.1399 35.3047 3.2
    endloop
  endfacet
  facet normal -0.923896 0.382644 0
    outer loop
      vertex 38.1399 35.3047 4.18911
      vertex 38.0048 34.9785 3.2
      vertex 38.0048 34.9785 4.23495
    endloop
  endfacet
  facet normal -0.522595 0.852581 0
    outer loop
      vertex 37.3225 34.1797 0
      vertex 37.0215 33.9952 0.799999
      vertex 37.3225 34.1797 0.799999
    endloop
  endfacet
  facet normal -0.522595 0.852581 0
    outer loop
      vertex 37.0215 33.9952 0.799999
      vertex 37.3225 34.1797 0
      vertex 37.0215 33.9952 0
    endloop
  endfacet
  facet normal -0.522595 0.852581 0
    outer loop
      vertex 37.0215 33.9952 3.2
      vertex 37.3225 34.1797 4.34722
      vertex 37.3225 34.1797 3.2
    endloop
  endfacet
  facet normal -0.522595 0.852581 0
    outer loop
      vertex 37.3225 34.1797 4.34722
      vertex 37.0215 33.9952 3.2
      vertex 37.0215 33.9952 4.37315
    endloop
  endfacet
  facet normal 0.0784506 0.996918 -0
    outer loop
      vertex 36 33.75 0
      vertex 35.648 33.7777 0.799999
      vertex 36 33.75 0.799999
    endloop
  endfacet
  facet normal 0.0784506 0.996918 0
    outer loop
      vertex 35.648 33.7777 0.799999
      vertex 36 33.75 0
      vertex 35.648 33.7777 0
    endloop
  endfacet
  facet normal 0.0784506 0.996918 -0
    outer loop
      vertex 36 33.75 3.2
      vertex 35.648 33.7777 4.40372
      vertex 36 33.75 4.40761
    endloop
  endfacet
  facet normal 0.0784506 0.996918 0
    outer loop
      vertex 35.648 33.7777 4.40372
      vertex 36 33.75 3.2
      vertex 35.648 33.7777 3.2
    endloop
  endfacet
  facet normal 0.649414 0.760435 -0
    outer loop
      vertex 34.6775 34.1797 3.2
      vertex 34.409 34.409 4.31499
      vertex 34.6775 34.1797 4.34722
    endloop
  endfacet
  facet normal 0.649414 0.760435 0
    outer loop
      vertex 34.409 34.409 4.31499
      vertex 34.6775 34.1797 3.2
      vertex 34.409 34.409 3.2
    endloop
  endfacet
  facet normal 0.649414 0.760435 -0
    outer loop
      vertex 34.6775 34.1797 0
      vertex 34.409 34.409 0.799999
      vertex 34.6775 34.1797 0.799999
    endloop
  endfacet
  facet normal 0.649414 0.760435 0
    outer loop
      vertex 34.409 34.409 0.799999
      vertex 34.6775 34.1797 0
      vertex 34.409 34.409 0
    endloop
  endfacet
  facet normal 0.852581 0.522595 0
    outer loop
      vertex 34.1797 34.6775 0.799999
      vertex 33.9952 34.9785 0
      vertex 33.9952 34.9785 0.799999
    endloop
  endfacet
  facet normal 0.852581 0.522595 0
    outer loop
      vertex 33.9952 34.9785 0
      vertex 34.1797 34.6775 0.799999
      vertex 34.1797 34.6775 0
    endloop
  endfacet
  facet normal 0.852581 0.522595 -0
    outer loop
      vertex 34.1797 34.6775 3.2
      vertex 33.9952 34.9785 4.23495
      vertex 34.1797 34.6775 4.27726
    endloop
  endfacet
  facet normal 0.852581 0.522595 0
    outer loop
      vertex 33.9952 34.9785 4.23495
      vertex 34.1797 34.6775 3.2
      vertex 33.9952 34.9785 3.2
    endloop
  endfacet
  facet normal 0.996918 0.0784506 0
    outer loop
      vertex 33.7777 35.648 0.799999
      vertex 33.75 36 0
      vertex 33.75 36 0.799999
    endloop
  endfacet
  facet normal 0.996918 0.0784506 0
    outer loop
      vertex 33.75 36 0
      vertex 33.7777 35.648 0.799999
      vertex 33.7777 35.648 0
    endloop
  endfacet
  facet normal 0.996918 0.0784506 -0
    outer loop
      vertex 33.7777 35.648 3.2
      vertex 33.75 36 4.09139
      vertex 33.7777 35.648 4.14086
    endloop
  endfacet
  facet normal 0.996918 0.0784506 0
    outer loop
      vertex 33.75 36 4.09139
      vertex 33.7777 35.648 3.2
      vertex 33.75 36 3.2
    endloop
  endfacet
  facet normal 0.760435 0.649414 -0
    outer loop
      vertex 34.409 34.409 3.2
      vertex 34.1797 34.6775 4.27726
      vertex 34.409 34.409 4.31499
    endloop
  endfacet
  facet normal 0.760435 0.649414 0
    outer loop
      vertex 34.1797 34.6775 4.27726
      vertex 34.409 34.409 3.2
      vertex 34.1797 34.6775 3.2
    endloop
  endfacet
  facet normal 0.760435 0.649414 0
    outer loop
      vertex 34.409 34.409 0.799999
      vertex 34.1797 34.6775 0
      vertex 34.1797 34.6775 0.799999
    endloop
  endfacet
  facet normal 0.760435 0.649414 0
    outer loop
      vertex 34.1797 34.6775 0
      vertex 34.409 34.409 0.799999
      vertex 34.409 34.409 0
    endloop
  endfacet
  facet normal -0.972382 -0.233394 0
    outer loop
      vertex 38.2223 36.352 0
      vertex 38.1399 36.6953 0.799999
      vertex 38.1399 36.6953 0
    endloop
  endfacet
  facet normal -0.972382 -0.233394 0
    outer loop
      vertex 38.1399 36.6953 0.799999
      vertex 38.2223 36.352 0
      vertex 38.2223 36.352 0.799999
    endloop
  endfacet
  facet normal -0.972387 -0.233373 0
    outer loop
      vertex 38.1399 36.6953 3.2
      vertex 38.1507 36.6503 4
      vertex 38.1399 36.6953 4
    endloop
  endfacet
  facet normal -0.972382 -0.233394 -1.27461e-06
    outer loop
      vertex 38.2223 36.352 3.2
      vertex 38.1507 36.6503 4
      vertex 38.1399 36.6953 3.2
    endloop
  endfacet
  facet normal -0.972381 -0.233398 0
    outer loop
      vertex 38.1507 36.6503 4
      vertex 38.2223 36.352 3.2
      vertex 38.2223 36.352 4.04193
    endloop
  endfacet
  facet normal -0.382644 -0.923896 0
    outer loop
      vertex 36.6953 38.1399 0
      vertex 37.0215 38.0048 0.799999
      vertex 36.6953 38.1399 0.799999
    endloop
  endfacet
  facet normal -0.382644 -0.923896 -0
    outer loop
      vertex 37.0215 38.0048 0.799999
      vertex 36.6953 38.1399 0
      vertex 37.0215 38.0048 0
    endloop
  endfacet
  facet normal -0.382644 -0.923896 0
    outer loop
      vertex 36.6953 38.1399 3.2
      vertex 37.0215 38.0048 4
      vertex 36.6953 38.1399 4
    endloop
  endfacet
  facet normal -0.382644 -0.923896 -0
    outer loop
      vertex 37.0215 38.0048 4
      vertex 36.6953 38.1399 3.2
      vertex 37.0215 38.0048 3.2
    endloop
  endfacet
  facet normal -0.233394 -0.972382 0
    outer loop
      vertex 36.352 38.2223 0
      vertex 36.6953 38.1399 0.799999
      vertex 36.352 38.2223 0.799999
    endloop
  endfacet
  facet normal -0.233394 -0.972382 -0
    outer loop
      vertex 36.6953 38.1399 0.799999
      vertex 36.352 38.2223 0
      vertex 36.6953 38.1399 0
    endloop
  endfacet
  facet normal -0.233394 -0.972382 0
    outer loop
      vertex 36.352 38.2223 3.2
      vertex 36.6953 38.1399 4
      vertex 36.352 38.2223 4
    endloop
  endfacet
  facet normal -0.233394 -0.972382 -0
    outer loop
      vertex 36.6953 38.1399 4
      vertex 36.352 38.2223 3.2
      vertex 36.6953 38.1399 3.2
    endloop
  endfacet
  facet normal 0.923896 -0.382644 0
    outer loop
      vertex 33.8601 36.6953 0.799999
      vertex 33.9952 37.0215 0
      vertex 33.9952 37.0215 0.799999
    endloop
  endfacet
  facet normal 0.923896 -0.382644 0
    outer loop
      vertex 33.9952 37.0215 0
      vertex 33.8601 36.6953 0.799999
      vertex 33.8601 36.6953 0
    endloop
  endfacet
  facet normal 0.923896 -0.382644 0
    outer loop
      vertex 33.8601 36.6953 4
      vertex 33.9952 37.0215 3.2
      vertex 33.9952 37.0215 4
    endloop
  endfacet
  facet normal 0.923896 -0.382644 0
    outer loop
      vertex 33.9952 37.0215 3.2
      vertex 33.8601 36.6953 4
      vertex 33.8601 36.6953 3.2
    endloop
  endfacet
  facet normal 0.972382 -0.233394 0
    outer loop
      vertex 33.7777 36.352 0.799999
      vertex 33.8601 36.6953 0
      vertex 33.8601 36.6953 0.799999
    endloop
  endfacet
  facet normal 0.972382 -0.233394 0
    outer loop
      vertex 33.8601 36.6953 0
      vertex 33.7777 36.352 0.799999
      vertex 33.7777 36.352 0
    endloop
  endfacet
  facet normal 0.972387 -0.233373 0
    outer loop
      vertex 33.8493 36.6503 4
      vertex 33.8601 36.6953 3.2
      vertex 33.8601 36.6953 4
    endloop
  endfacet
  facet normal 0.972381 -0.233398 0
    outer loop
      vertex 33.7777 36.352 3.2
      vertex 33.8493 36.6503 4
      vertex 33.7777 36.352 4.04193
    endloop
  endfacet
  facet normal 0.972382 -0.233394 -1.27461e-06
    outer loop
      vertex 33.8493 36.6503 4
      vertex 33.7777 36.352 3.2
      vertex 33.8601 36.6953 3.2
    endloop
  endfacet
  facet normal 0.233394 -0.972382 0
    outer loop
      vertex 35.3047 38.1399 0
      vertex 35.648 38.2223 0.799999
      vertex 35.3047 38.1399 0.799999
    endloop
  endfacet
  facet normal 0.233394 -0.972382 0
    outer loop
      vertex 35.648 38.2223 0.799999
      vertex 35.3047 38.1399 0
      vertex 35.648 38.2223 0
    endloop
  endfacet
  facet normal 0.233394 -0.972382 0
    outer loop
      vertex 35.3047 38.1399 3.2
      vertex 35.648 38.2223 4
      vertex 35.3047 38.1399 4
    endloop
  endfacet
  facet normal 0.233394 -0.972382 0
    outer loop
      vertex 35.648 38.2223 4
      vertex 35.3047 38.1399 3.2
      vertex 35.648 38.2223 3.2
    endloop
  endfacet
  facet normal -0.996918 -0.0784506 0
    outer loop
      vertex 38.25 36 0
      vertex 38.2223 36.352 0.799999
      vertex 38.2223 36.352 0
    endloop
  endfacet
  facet normal -0.996918 -0.0784506 0
    outer loop
      vertex 38.2223 36.352 0.799999
      vertex 38.25 36 0
      vertex 38.25 36 0.799999
    endloop
  endfacet
  facet normal -0.996918 -0.0784506 0
    outer loop
      vertex 38.25 36 3.2
      vertex 38.2223 36.352 4.04193
      vertex 38.2223 36.352 3.2
    endloop
  endfacet
  facet normal -0.996918 -0.0784506 0
    outer loop
      vertex 38.2223 36.352 4.04193
      vertex 38.25 36 3.2
      vertex 38.25 36 4.09139
    endloop
  endfacet
  facet normal -0.233394 0.972382 0
    outer loop
      vertex 36.352 33.7777 3.2
      vertex 36.6953 33.8601 4.39213
      vertex 36.6953 33.8601 3.2
    endloop
  endfacet
  facet normal -0.233394 0.972382 0
    outer loop
      vertex 36.6953 33.8601 4.39213
      vertex 36.352 33.7777 3.2
      vertex 36.352 33.7777 4.40372
    endloop
  endfacet
  facet normal -0.233394 0.972382 0
    outer loop
      vertex 36.6953 33.8601 0
      vertex 36.352 33.7777 0.799999
      vertex 36.6953 33.8601 0.799999
    endloop
  endfacet
  facet normal -0.233394 0.972382 0
    outer loop
      vertex 36.352 33.7777 0.799999
      vertex 36.6953 33.8601 0
      vertex 36.352 33.7777 0
    endloop
  endfacet
  facet normal 0.382644 0.923896 -0
    outer loop
      vertex 35.3047 33.8601 0
      vertex 34.9785 33.9952 0.799999
      vertex 35.3047 33.8601 0.799999
    endloop
  endfacet
  facet normal 0.382644 0.923896 0
    outer loop
      vertex 34.9785 33.9952 0.799999
      vertex 35.3047 33.8601 0
      vertex 34.9785 33.9952 0
    endloop
  endfacet
  facet normal 0.382644 0.923896 -0
    outer loop
      vertex 35.3047 33.8601 3.2
      vertex 34.9785 33.9952 4.37315
      vertex 35.3047 33.8601 4.39213
    endloop
  endfacet
  facet normal 0.382644 0.923896 0
    outer loop
      vertex 34.9785 33.9952 4.37315
      vertex 35.3047 33.8601 3.2
      vertex 34.9785 33.9952 3.2
    endloop
  endfacet
  facet normal 0.522595 0.852581 -0
    outer loop
      vertex 34.9785 33.9952 0
      vertex 34.6775 34.1797 0.799999
      vertex 34.9785 33.9952 0.799999
    endloop
  endfacet
  facet normal 0.522595 0.852581 0
    outer loop
      vertex 34.6775 34.1797 0.799999
      vertex 34.9785 33.9952 0
      vertex 34.6775 34.1797 0
    endloop
  endfacet
  facet normal 0.522595 0.852581 -0
    outer loop
      vertex 34.9785 33.9952 3.2
      vertex 34.6775 34.1797 4.34722
      vertex 34.9785 33.9952 4.37315
    endloop
  endfacet
  facet normal 0.522595 0.852581 0
    outer loop
      vertex 34.6775 34.1797 4.34722
      vertex 34.9785 33.9952 3.2
      vertex 34.6775 34.1797 3.2
    endloop
  endfacet
  facet normal 0.972382 0.233394 0
    outer loop
      vertex 33.8601 35.3047 0.799999
      vertex 33.7777 35.648 0
      vertex 33.7777 35.648 0.799999
    endloop
  endfacet
  facet normal 0.972382 0.233394 0
    outer loop
      vertex 33.7777 35.648 0
      vertex 33.8601 35.3047 0.799999
      vertex 33.8601 35.3047 0
    endloop
  endfacet
  facet normal 0.972382 0.233394 -0
    outer loop
      vertex 33.8601 35.3047 3.2
      vertex 33.7777 35.648 4.14086
      vertex 33.8601 35.3047 4.18911
    endloop
  endfacet
  facet normal 0.972382 0.233394 0
    outer loop
      vertex 33.7777 35.648 4.14086
      vertex 33.8601 35.3047 3.2
      vertex 33.7777 35.648 3.2
    endloop
  endfacet
  facet normal -0.852581 0.522595 0
    outer loop
      vertex 37.8203 34.6775 0
      vertex 38.0048 34.9785 0.799999
      vertex 38.0048 34.9785 0
    endloop
  endfacet
  facet normal -0.852581 0.522595 0
    outer loop
      vertex 38.0048 34.9785 0.799999
      vertex 37.8203 34.6775 0
      vertex 37.8203 34.6775 0.799999
    endloop
  endfacet
  facet normal -0.852581 0.522595 0
    outer loop
      vertex 37.8203 34.6775 3.2
      vertex 38.0048 34.9785 4.23495
      vertex 38.0048 34.9785 3.2
    endloop
  endfacet
  facet normal -0.852581 0.522595 0
    outer loop
      vertex 38.0048 34.9785 4.23495
      vertex 37.8203 34.6775 3.2
      vertex 37.8203 34.6775 4.27726
    endloop
  endfacet
  facet normal -0.382644 0.923896 0
    outer loop
      vertex 37.0215 33.9952 0
      vertex 36.6953 33.8601 0.799999
      vertex 37.0215 33.9952 0.799999
    endloop
  endfacet
  facet normal -0.382644 0.923896 0
    outer loop
      vertex 36.6953 33.8601 0.799999
      vertex 37.0215 33.9952 0
      vertex 36.6953 33.8601 0
    endloop
  endfacet
  facet normal -0.382644 0.923896 0
    outer loop
      vertex 36.6953 33.8601 3.2
      vertex 37.0215 33.9952 4.37315
      vertex 37.0215 33.9952 3.2
    endloop
  endfacet
  facet normal -0.382644 0.923896 0
    outer loop
      vertex 37.0215 33.9952 4.37315
      vertex 36.6953 33.8601 3.2
      vertex 36.6953 33.8601 4.39213
    endloop
  endfacet
  facet normal 0.233394 0.972382 -0
    outer loop
      vertex 35.648 33.7777 0
      vertex 35.3047 33.8601 0.799999
      vertex 35.648 33.7777 0.799999
    endloop
  endfacet
  facet normal 0.233394 0.972382 0
    outer loop
      vertex 35.3047 33.8601 0.799999
      vertex 35.648 33.7777 0
      vertex 35.3047 33.8601 0
    endloop
  endfacet
  facet normal 0.233394 0.972382 -0
    outer loop
      vertex 35.648 33.7777 3.2
      vertex 35.3047 33.8601 4.39213
      vertex 35.648 33.7777 4.40372
    endloop
  endfacet
  facet normal 0.233394 0.972382 0
    outer loop
      vertex 35.3047 33.8601 4.39213
      vertex 35.648 33.7777 3.2
      vertex 35.3047 33.8601 3.2
    endloop
  endfacet
  facet normal -0.728338 -0.0573152 0.682817
    outer loop
      vertex 40.5 36 3.2
      vertex 38.2223 36.352 0.799999
      vertex 38.25 36 0.799999
    endloop
  endfacet
  facet normal -0.728338 -0.0573152 0.682817
    outer loop
      vertex 38.2223 36.352 0.799999
      vertex 40.5 36 3.2
      vertex 40.4446 36.704 3.2
    endloop
  endfacet
  facet normal 0.474455 -0.555565 0.682817
    outer loop
      vertex 34.409 37.591 0.799999
      vertex 33.355 39.6406 3.2
      vertex 32.818 39.182 3.2
    endloop
  endfacet
  facet normal -0.555565 -0.474455 0.682817
    outer loop
      vertex 37.8203 37.3225 0.799999
      vertex 39.6406 38.645 3.2
      vertex 37.591 37.591 0.799999
    endloop
  endfacet
  facet normal -0.474455 0.555565 0.682817
    outer loop
      vertex 38.645 32.3594 3.2
      vertex 39.182 32.818 3.2
      vertex 37.591 34.409 0.799999
    endloop
  endfacet
  facet normal -0.71041 -0.170515 0.682819
    outer loop
      vertex 40.4446 36.704 3.2
      vertex 40.2798 37.3906 3.2
      vertex 38.2223 36.352 0.799999
    endloop
  endfacet
  facet normal -0.622939 0.381731 0.682809
    outer loop
      vertex 39.6406 33.355 3.2
      vertex 40.0095 33.957 3.2
      vertex 38.0048 34.9785 0.799999
    endloop
  endfacet
  facet normal -0.474455 0.555565 0.682817
    outer loop
      vertex 38.645 32.3594 3.2
      vertex 37.591 34.409 0.799999
      vertex 37.3225 34.1797 0.799999
    endloop
  endfacet
  facet normal 0.279646 0.674958 0.682811
    outer loop
      vertex 34.6094 31.7202 3.2
      vertex 34.9785 33.9952 0.799999
      vertex 33.957 31.9905 3.2
    endloop
  endfacet
  facet normal 0.622939 0.381731 0.682809
    outer loop
      vertex 32.3594 33.355 3.2
      vertex 33.9952 34.9785 0.799999
      vertex 31.9905 33.957 3.2
    endloop
  endfacet
  facet normal 0.622939 -0.381731 0.682809
    outer loop
      vertex 33.9952 37.0215 0.799999
      vertex 32.3594 38.645 3.2
      vertex 31.9905 38.043 3.2
    endloop
  endfacet
  facet normal 0.474455 -0.555565 0.682817
    outer loop
      vertex 34.409 37.591 0.799999
      vertex 34.6775 37.8203 0.799999
      vertex 33.355 39.6406 3.2
    endloop
  endfacet
  facet normal -0.555565 -0.474455 0.682817
    outer loop
      vertex 39.6406 38.645 3.2
      vertex 39.182 39.182 3.2
      vertex 37.591 37.591 0.799999
    endloop
  endfacet
  facet normal -0.381731 -0.622939 0.682809
    outer loop
      vertex 38.645 39.6406 3.2
      vertex 38.043 40.0095 3.2
      vertex 37.0215 38.0048 0.799999
    endloop
  endfacet
  facet normal -0.555565 0.474455 0.682817
    outer loop
      vertex 39.182 32.818 3.2
      vertex 39.6406 33.355 3.2
      vertex 37.591 34.409 0.799999
    endloop
  endfacet
  facet normal -0.674958 0.279646 0.682811
    outer loop
      vertex 40.0095 33.957 3.2
      vertex 40.2798 34.6094 3.2
      vertex 38.0048 34.9785 0.799999
    endloop
  endfacet
  facet normal -0.381731 0.622939 0.682809
    outer loop
      vertex 38.043 31.9905 3.2
      vertex 38.645 32.3594 3.2
      vertex 37.0215 33.9952 0.799999
    endloop
  endfacet
  facet normal -0.0573152 0.728338 0.682817
    outer loop
      vertex 36.352 33.7777 0.799999
      vertex 36 31.5 3.2
      vertex 36.704 31.5554 3.2
    endloop
  endfacet
  facet normal -0.0573152 0.728338 0.682817
    outer loop
      vertex 36 31.5 3.2
      vertex 36.352 33.7777 0.799999
      vertex 36 33.75 0.799999
    endloop
  endfacet
  facet normal 0.728338 0.0573152 0.682817
    outer loop
      vertex 31.5 36 3.2
      vertex 33.7777 35.648 0.799999
      vertex 33.75 36 0.799999
    endloop
  endfacet
  facet normal 0.728338 0.0573152 0.682817
    outer loop
      vertex 33.7777 35.648 0.799999
      vertex 31.5 36 3.2
      vertex 31.5554 35.296 3.2
    endloop
  endfacet
  facet normal 0.555565 0.474455 0.682817
    outer loop
      vertex 34.409 34.409 0.799999
      vertex 34.1797 34.6775 0.799999
      vertex 32.3594 33.355 3.2
    endloop
  endfacet
  facet normal 0.555565 0.474455 0.682817
    outer loop
      vertex 32.818 32.818 3.2
      vertex 34.409 34.409 0.799999
      vertex 32.3594 33.355 3.2
    endloop
  endfacet
  facet normal 0.381731 0.622939 0.682809
    outer loop
      vertex 33.957 31.9905 3.2
      vertex 34.9785 33.9952 0.799999
      vertex 33.355 32.3594 3.2
    endloop
  endfacet
  facet normal 0.0573152 0.728338 0.682817
    outer loop
      vertex 35.648 33.7777 0.799999
      vertex 36 31.5 3.2
      vertex 36 33.75 0.799999
    endloop
  endfacet
  facet normal 0.0573152 0.728338 0.682817
    outer loop
      vertex 36 31.5 3.2
      vertex 35.648 33.7777 0.799999
      vertex 35.296 31.5554 3.2
    endloop
  endfacet
  facet normal 0.474455 0.555565 0.682817
    outer loop
      vertex 33.355 32.3594 3.2
      vertex 34.409 34.409 0.799999
      vertex 32.818 32.818 3.2
    endloop
  endfacet
  facet normal 0.728338 -0.0573152 0.682817
    outer loop
      vertex 31.5 36 3.2
      vertex 33.7777 36.352 0.799999
      vertex 31.5554 36.704 3.2
    endloop
  endfacet
  facet normal 0.728338 -0.0573152 0.682817
    outer loop
      vertex 33.7777 36.352 0.799999
      vertex 31.5 36 3.2
      vertex 33.75 36 0.799999
    endloop
  endfacet
  facet normal 0 0 -1
    outer loop
      vertex 38.25 36 3.2
      vertex 40.5 36 3.2
      vertex 40.4446 35.296 3.2
    endloop
  endfacet
  facet normal 0 0 -1
    outer loop
      vertex 38.2223 35.648 3.2
      vertex 40.4446 35.296 3.2
      vertex 40.2798 34.6094 3.2
    endloop
  endfacet
  facet normal 0 0 -1
    outer loop
      vertex 40.5 36 3.2
      vertex 38.25 36 3.2
      vertex 40.4446 36.704 3.2
    endloop
  endfacet
  facet normal 0 0 -1
    outer loop
      vertex 38.1399 35.3047 3.2
      vertex 40.2798 34.6094 3.2
      vertex 40.0095 33.957 3.2
    endloop
  endfacet
  facet normal 0 0 -1
    outer loop
      vertex 38.2223 36.352 3.2
      vertex 40.4446 36.704 3.2
      vertex 38.25 36 3.2
    endloop
  endfacet
  facet normal 0 0 -1
    outer loop
      vertex 38.0048 34.9785 3.2
      vertex 40.0095 33.957 3.2
      vertex 39.6406 33.355 3.2
    endloop
  endfacet
  facet normal -0 0 -1
    outer loop
      vertex 40.4446 36.704 3.2
      vertex 38.2223 36.352 3.2
      vertex 40.2798 37.3906 3.2
    endloop
  endfacet
  facet normal 0 0 -1
    outer loop
      vertex 37.8203 34.6775 3.2
      vertex 39.6406 33.355 3.2
      vertex 39.182 32.818 3.2
    endloop
  endfacet
  facet normal 0 0 -1
    outer loop
      vertex 38.1399 36.6953 3.2
      vertex 40.2798 37.3906 3.2
      vertex 38.2223 36.352 3.2
    endloop
  endfacet
  facet normal 0 0 -1
    outer loop
      vertex 37.591 34.409 3.2
      vertex 39.182 32.818 3.2
      vertex 38.645 32.3594 3.2
    endloop
  endfacet
  facet normal -0 0 -1
    outer loop
      vertex 40.2798 37.3906 3.2
      vertex 38.1399 36.6953 3.2
      vertex 40.0095 38.043 3.2
    endloop
  endfacet
  facet normal 0 0 -1
    outer loop
      vertex 38.0048 37.0215 3.2
      vertex 40.0095 38.043 3.2
      vertex 38.1399 36.6953 3.2
    endloop
  endfacet
  facet normal 0 0 -1
    outer loop
      vertex 40.4446 35.296 3.2
      vertex 38.2223 35.648 3.2
      vertex 38.25 36 3.2
    endloop
  endfacet
  facet normal 0 0 -1
    outer loop
      vertex 40.2798 34.6094 3.2
      vertex 38.1399 35.3047 3.2
      vertex 38.2223 35.648 3.2
    endloop
  endfacet
  facet normal 0 0 -1
    outer loop
      vertex 37.3225 34.1797 3.2
      vertex 38.645 32.3594 3.2
      vertex 38.043 31.9905 3.2
    endloop
  endfacet
  facet normal 0 0 -1
    outer loop
      vertex 40.0095 33.957 3.2
      vertex 38.0048 34.9785 3.2
      vertex 38.1399 35.3047 3.2
    endloop
  endfacet
  facet normal 0 0 -1
    outer loop
      vertex 39.6406 33.355 3.2
      vertex 37.8203 34.6775 3.2
      vertex 38.0048 34.9785 3.2
    endloop
  endfacet
  facet normal 0 0 -1
    outer loop
      vertex 39.182 32.818 3.2
      vertex 37.591 34.409 3.2
      vertex 37.8203 34.6775 3.2
    endloop
  endfacet
  facet normal 0 0 -1
    outer loop
      vertex 37.0215 33.9952 3.2
      vertex 38.043 31.9905 3.2
      vertex 37.3906 31.7202 3.2
    endloop
  endfacet
  facet normal 0 0 -1
    outer loop
      vertex 38.645 32.3594 3.2
      vertex 37.3225 34.1797 3.2
      vertex 37.591 34.409 3.2
    endloop
  endfacet
  facet normal 0 0 -1
    outer loop
      vertex 38.043 31.9905 3.2
      vertex 37.0215 33.9952 3.2
      vertex 37.3225 34.1797 3.2
    endloop
  endfacet
  facet normal 0 0 -1
    outer loop
      vertex 36.6953 33.8601 3.2
      vertex 37.3906 31.7202 3.2
      vertex 36.704 31.5554 3.2
    endloop
  endfacet
  facet normal 0 0 -1
    outer loop
      vertex 37.3906 31.7202 3.2
      vertex 36.6953 33.8601 3.2
      vertex 37.0215 33.9952 3.2
    endloop
  endfacet
  facet normal 0 0 -1
    outer loop
      vertex 36.704 31.5554 3.2
      vertex 36.352 33.7777 3.2
      vertex 36.6953 33.8601 3.2
    endloop
  endfacet
  facet normal 0 0 -1
    outer loop
      vertex 36 31.5 3.2
      vertex 36.352 33.7777 3.2
      vertex 36.704 31.5554 3.2
    endloop
  endfacet
  facet normal 0 0 -1
    outer loop
      vertex 36 31.5 3.2
      vertex 36 33.75 3.2
      vertex 36.352 33.7777 3.2
    endloop
  endfacet
  facet normal 0 0 -1
    outer loop
      vertex 36 31.5 3.2
      vertex 35.648 33.7777 3.2
      vertex 36 33.75 3.2
    endloop
  endfacet
  facet normal 0 0 -1
    outer loop
      vertex 35.296 31.5554 3.2
      vertex 35.648 33.7777 3.2
      vertex 36 31.5 3.2
    endloop
  endfacet
  facet normal -0 0 -1
    outer loop
      vertex 35.648 33.7777 3.2
      vertex 35.296 31.5554 3.2
      vertex 35.3047 33.8601 3.2
    endloop
  endfacet
  facet normal 0 0 -1
    outer loop
      vertex 34.6094 31.7202 3.2
      vertex 35.3047 33.8601 3.2
      vertex 35.296 31.5554 3.2
    endloop
  endfacet
  facet normal -0 0 -1
    outer loop
      vertex 35.3047 33.8601 3.2
      vertex 34.6094 31.7202 3.2
      vertex 34.9785 33.9952 3.2
    endloop
  endfacet
  facet normal 0 0 -1
    outer loop
      vertex 33.957 31.9905 3.2
      vertex 34.9785 33.9952 3.2
      vertex 34.6094 31.7202 3.2
    endloop
  endfacet
  facet normal -0 0 -1
    outer loop
      vertex 34.9785 33.9952 3.2
      vertex 33.957 31.9905 3.2
      vertex 34.6775 34.1797 3.2
    endloop
  endfacet
  facet normal 0 0 -1
    outer loop
      vertex 33.355 32.3594 3.2
      vertex 34.6775 34.1797 3.2
      vertex 33.957 31.9905 3.2
    endloop
  endfacet
  facet normal -0 0 -1
    outer loop
      vertex 34.6775 34.1797 3.2
      vertex 33.355 32.3594 3.2
      vertex 34.409 34.409 3.2
    endloop
  endfacet
  facet normal 0 0 -1
    outer loop
      vertex 32.818 32.818 3.2
      vertex 34.409 34.409 3.2
      vertex 33.355 32.3594 3.2
    endloop
  endfacet
  facet normal -0 0 -1
    outer loop
      vertex 34.409 34.409 3.2
      vertex 32.818 32.818 3.2
      vertex 34.1797 34.6775 3.2
    endloop
  endfacet
  facet normal 0 0 -1
    outer loop
      vertex 32.3594 33.355 3.2
      vertex 34.1797 34.6775 3.2
      vertex 32.818 32.818 3.2
    endloop
  endfacet
  facet normal -0 0 -1
    outer loop
      vertex 34.1797 34.6775 3.2
      vertex 32.3594 33.355 3.2
      vertex 33.9952 34.9785 3.2
    endloop
  endfacet
  facet normal 0 0 -1
    outer loop
      vertex 31.9905 33.957 3.2
      vertex 33.9952 34.9785 3.2
      vertex 32.3594 33.355 3.2
    endloop
  endfacet
  facet normal -0 0 -1
    outer loop
      vertex 40.0095 38.043 3.2
      vertex 38.0048 37.0215 3.2
      vertex 39.6406 38.645 3.2
    endloop
  endfacet
  facet normal 0 0 -1
    outer loop
      vertex 37.8203 37.3225 3.2
      vertex 39.6406 38.645 3.2
      vertex 38.0048 37.0215 3.2
    endloop
  endfacet
  facet normal -0 0 -1
    outer loop
      vertex 39.6406 38.645 3.2
      vertex 37.8203 37.3225 3.2
      vertex 39.182 39.182 3.2
    endloop
  endfacet
  facet normal 0 0 -1
    outer loop
      vertex 37.591 37.591 3.2
      vertex 39.182 39.182 3.2
      vertex 37.8203 37.3225 3.2
    endloop
  endfacet
  facet normal 0 -0 -1
    outer loop
      vertex 37.6451 39.4148 3.2
      vertex 39.182 39.182 3.2
      vertex 37.591 37.591 3.2
    endloop
  endfacet
  facet normal -0 0 -1
    outer loop
      vertex 38.645 39.6406 3.2
      vertex 37.6451 39.4148 3.2
      vertex 38.043 40.0095 3.2
    endloop
  endfacet
  facet normal -0 0 -1
    outer loop
      vertex 38.043 40.0095 3.2
      vertex 37.6451 39.4148 3.2
      vertex 37.6701 40.164 3.2
    endloop
  endfacet
  facet normal 0 0 -1
    outer loop
      vertex 39.182 39.182 3.2
      vertex 37.6451 39.4148 3.2
      vertex 38.645 39.6406 3.2
    endloop
  endfacet
  facet normal 0 0 -1
    outer loop
      vertex 37.3225 37.8203 3.2
      vertex 37.6451 39.4148 3.2
      vertex 37.591 37.591 3.2
    endloop
  endfacet
  facet normal -0 0 -1
    outer loop
      vertex 37.6451 39.4148 3.2
      vertex 37.3225 37.8203 3.2
      vertex 37.6355 39.4148 3.2
    endloop
  endfacet
  facet normal -0 0 -1
    outer loop
      vertex 37.6355 39.4148 3.2
      vertex 37.3225 37.8203 3.2
      vertex 37.5676 39.4148 3.2
    endloop
  endfacet
  facet normal 0 0 -1
    outer loop
      vertex 37.0215 38.0048 3.2
      vertex 37.5676 39.4148 3.2
      vertex 37.3225 37.8203 3.2
    endloop
  endfacet
  facet normal -0 0 -1
    outer loop
      vertex 37.5676 39.4148 3.2
      vertex 37.0215 38.0048 3.2
      vertex 37.3845 39.4148 3.2
    endloop
  endfacet
  facet normal 0 0 -1
    outer loop
      vertex 36.6953 38.1399 3.2
      vertex 37.3845 39.4148 3.2
      vertex 37.0215 38.0048 3.2
    endloop
  endfacet
  facet normal 0 0 -1
    outer loop
      vertex 36.6953 38.1399 3.2
      vertex 36.6071 39.4148 3.2
      vertex 37.3845 39.4148 3.2
    endloop
  endfacet
  facet normal 0 0 -1
    outer loop
      vertex 36.352 38.2223 3.2
      vertex 36.6071 39.4148 3.2
      vertex 36.6953 38.1399 3.2
    endloop
  endfacet
  facet normal 0 0 -1
    outer loop
      vertex 36 38.25 3.2
      vertex 36.6071 39.4148 3.2
      vertex 36.352 38.2223 3.2
    endloop
  endfacet
  facet normal 0 0 -1
    outer loop
      vertex 35.3929 39.4148 3.2
      vertex 36 38.25 3.2
      vertex 35.648 38.2223 3.2
    endloop
  endfacet
  facet normal 0 0 -1
    outer loop
      vertex 36 38.25 3.2
      vertex 35.3929 39.4148 3.2
      vertex 36.6071 39.4148 3.2
    endloop
  endfacet
  facet normal 0 0 -1
    outer loop
      vertex 35.3047 38.1399 3.2
      vertex 35.3929 39.4148 3.2
      vertex 35.648 38.2223 3.2
    endloop
  endfacet
  facet normal 0 0 -1
    outer loop
      vertex 34.6155 39.4148 3.2
      vertex 35.3047 38.1399 3.2
      vertex 34.9785 38.0048 3.2
    endloop
  endfacet
  facet normal 0 0 -1
    outer loop
      vertex 34.4324 39.4148 3.2
      vertex 34.9785 38.0048 3.2
      vertex 34.6775 37.8203 3.2
    endloop
  endfacet
  facet normal 0 0 -1
    outer loop
      vertex 35.3047 38.1399 3.2
      vertex 34.6155 39.4148 3.2
      vertex 35.3929 39.4148 3.2
    endloop
  endfacet
  facet normal 0 0 -1
    outer loop
      vertex 34.9785 38.0048 3.2
      vertex 34.4324 39.4148 3.2
      vertex 34.6155 39.4148 3.2
    endloop
  endfacet
  facet normal 0 0 -1
    outer loop
      vertex 34.3549 39.4148 3.2
      vertex 34.6775 37.8203 3.2
      vertex 34.409 37.591 3.2
    endloop
  endfacet
  facet normal 0 0 -1
    outer loop
      vertex 34.6775 37.8203 3.2
      vertex 34.3645 39.4148 3.2
      vertex 34.4324 39.4148 3.2
    endloop
  endfacet
  facet normal 0 0 -1
    outer loop
      vertex 34.6775 37.8203 3.2
      vertex 34.3549 39.4148 3.2
      vertex 34.3645 39.4148 3.2
    endloop
  endfacet
  facet normal 0 0 -1
    outer loop
      vertex 32.818 39.182 3.2
      vertex 34.3549 39.4148 3.2
      vertex 34.409 37.591 3.2
    endloop
  endfacet
  facet normal 0 0 -1
    outer loop
      vertex 32.818 39.182 3.2
      vertex 34.409 37.591 3.2
      vertex 34.1797 37.3225 3.2
    endloop
  endfacet
  facet normal 0 0 -1
    outer loop
      vertex 32.3594 38.645 3.2
      vertex 34.1797 37.3225 3.2
      vertex 33.9952 37.0215 3.2
    endloop
  endfacet
  facet normal 0 0 -1
    outer loop
      vertex 34.3549 39.4148 3.2
      vertex 33.957 40.0095 3.2
      vertex 34.3299 40.164 3.2
    endloop
  endfacet
  facet normal 0 0 -1
    outer loop
      vertex 31.9905 38.043 3.2
      vertex 33.9952 37.0215 3.2
      vertex 33.8601 36.6953 3.2
    endloop
  endfacet
  facet normal 0 0 -1
    outer loop
      vertex 31.7202 37.3906 3.2
      vertex 33.8601 36.6953 3.2
      vertex 33.7777 36.352 3.2
    endloop
  endfacet
  facet normal 0 0 -1
    outer loop
      vertex 31.5554 36.704 3.2
      vertex 33.7777 36.352 3.2
      vertex 33.75 36 3.2
    endloop
  endfacet
  facet normal -0 0 -1
    outer loop
      vertex 33.9952 34.9785 3.2
      vertex 31.9905 33.957 3.2
      vertex 33.8601 35.3047 3.2
    endloop
  endfacet
  facet normal 0 0 -1
    outer loop
      vertex 34.3549 39.4148 3.2
      vertex 33.355 39.6406 3.2
      vertex 33.957 40.0095 3.2
    endloop
  endfacet
  facet normal 0 0 -1
    outer loop
      vertex 31.7202 34.6094 3.2
      vertex 33.8601 35.3047 3.2
      vertex 31.9905 33.957 3.2
    endloop
  endfacet
  facet normal -0 0 -1
    outer loop
      vertex 34.3549 39.4148 3.2
      vertex 32.818 39.182 3.2
      vertex 33.355 39.6406 3.2
    endloop
  endfacet
  facet normal -0 0 -1
    outer loop
      vertex 33.8601 35.3047 3.2
      vertex 31.7202 34.6094 3.2
      vertex 33.7777 35.648 3.2
    endloop
  endfacet
  facet normal 0 0 -1
    outer loop
      vertex 34.1797 37.3225 3.2
      vertex 32.3594 38.645 3.2
      vertex 32.818 39.182 3.2
    endloop
  endfacet
  facet normal 0 0 -1
    outer loop
      vertex 31.5554 35.296 3.2
      vertex 33.7777 35.648 3.2
      vertex 31.7202 34.6094 3.2
    endloop
  endfacet
  facet normal 0 0 -1
    outer loop
      vertex 33.9952 37.0215 3.2
      vertex 31.9905 38.043 3.2
      vertex 32.3594 38.645 3.2
    endloop
  endfacet
  facet normal -0 0 -1
    outer loop
      vertex 33.7777 35.648 3.2
      vertex 31.5554 35.296 3.2
      vertex 33.75 36 3.2
    endloop
  endfacet
  facet normal 0 0 -1
    outer loop
      vertex 33.8601 36.6953 3.2
      vertex 31.7202 37.3906 3.2
      vertex 31.9905 38.043 3.2
    endloop
  endfacet
  facet normal 0 0 -1
    outer loop
      vertex 31.5 36 3.2
      vertex 33.75 36 3.2
      vertex 31.5554 35.296 3.2
    endloop
  endfacet
  facet normal 0 0 -1
    outer loop
      vertex 33.7777 36.352 3.2
      vertex 31.5554 36.704 3.2
      vertex 31.7202 37.3906 3.2
    endloop
  endfacet
  facet normal 0 0 -1
    outer loop
      vertex 33.75 36 3.2
      vertex 31.5 36 3.2
      vertex 31.5554 36.704 3.2
    endloop
  endfacet
  facet normal 0.555565 -0.474455 0.682817
    outer loop
      vertex 34.409 37.591 0.799999
      vertex 32.818 39.182 3.2
      vertex 32.3594 38.645 3.2
    endloop
  endfacet
  facet normal 0.674958 -0.279646 0.682811
    outer loop
      vertex 33.9952 37.0215 0.799999
      vertex 31.9905 38.043 3.2
      vertex 31.7202 37.3906 3.2
    endloop
  endfacet
  facet normal 0.381731 -0.622939 0.682809
    outer loop
      vertex 34.9785 38.0048 0.799999
      vertex 33.957 40.0095 3.2
      vertex 33.355 39.6406 3.2
    endloop
  endfacet
  facet normal -0.474455 -0.555565 0.682817
    outer loop
      vertex 39.182 39.182 3.2
      vertex 38.645 39.6406 3.2
      vertex 37.591 37.591 0.799999
    endloop
  endfacet
  facet normal -0.622939 -0.381731 0.682809
    outer loop
      vertex 40.0095 38.043 3.2
      vertex 39.6406 38.645 3.2
      vertex 38.0048 37.0215 0.799999
    endloop
  endfacet
  facet normal -0.674985 -0.279554 0.682822
    outer loop
      vertex 38.1399 36.6953 0.799999
      vertex 40.2798 37.3906 3.2
      vertex 38.0048 37.0215 0.799999
    endloop
  endfacet
  facet normal -0.279605 -0.674853 0.682931
    outer loop
      vertex 37.6168 39.9846 3.0009
      vertex 38.043 40.0095 3.2
      vertex 37.6701 40.164 3.2
    endloop
  endfacet
  facet normal -0.279481 -0.675136 0.682701
    outer loop
      vertex 37.5236 39.8173 2.7973
      vertex 38.043 40.0095 3.2
      vertex 37.6168 39.9846 3.0009
    endloop
  endfacet
  facet normal -0.281321 -0.673 0.684054
    outer loop
      vertex 37.5147 39.8012 2.7778
      vertex 38.043 40.0095 3.2
      vertex 37.5236 39.8173 2.7973
    endloop
  endfacet
  facet normal -0.274595 -0.680508 0.679343
    outer loop
      vertex 37.5032 39.7886 2.76053
      vertex 38.043 40.0095 3.2
      vertex 37.5147 39.8012 2.7778
    endloop
  endfacet
  facet normal -0.280329 -0.674243 0.683237
    outer loop
      vertex 37.3753 39.6483 2.5696
      vertex 38.043 40.0095 3.2
      vertex 37.5032 39.7886 2.76053
    endloop
  endfacet
  facet normal -0.279877 -0.674905 0.682768
    outer loop
      vertex 37.0215 38.0048 0.799999
      vertex 37.3753 39.6483 2.5696
      vertex 37.2772 39.5812 2.46306
    endloop
  endfacet
  facet normal -0.279497 -0.675026 0.682804
    outer loop
      vertex 37.3753 39.6483 2.5696
      vertex 37.0215 38.0048 0.799999
      vertex 38.043 40.0095 3.2
    endloop
  endfacet
  facet normal -0.674958 -0.279646 0.682811
    outer loop
      vertex 40.2798 37.3906 3.2
      vertex 40.0095 38.043 3.2
      vertex 38.0048 37.0215 0.799999
    endloop
  endfacet
  facet normal -0.622884 0.381801 0.68282
    outer loop
      vertex 39.6406 33.355 3.2
      vertex 38.0048 34.9785 0.799999
      vertex 37.8203 34.6775 0.799999
    endloop
  endfacet
  facet normal -0.555565 0.474455 0.682817
    outer loop
      vertex 39.6406 33.355 3.2
      vertex 37.8203 34.6775 0.799999
      vertex 37.591 34.409 0.799999
    endloop
  endfacet
  facet normal -0.728338 0.0573152 0.682817
    outer loop
      vertex 38.2223 35.648 0.799999
      vertex 40.5 36 3.2
      vertex 38.25 36 0.799999
    endloop
  endfacet
  facet normal -0.728338 0.0573152 0.682817
    outer loop
      vertex 40.5 36 3.2
      vertex 38.2223 35.648 0.799999
      vertex 40.4446 35.296 3.2
    endloop
  endfacet
  facet normal -0.381801 0.622884 0.68282
    outer loop
      vertex 38.645 32.3594 3.2
      vertex 37.3225 34.1797 0.799999
      vertex 37.0215 33.9952 0.799999
    endloop
  endfacet
  facet normal -0.279646 0.674958 0.682811
    outer loop
      vertex 37.3906 31.7202 3.2
      vertex 38.043 31.9905 3.2
      vertex 37.0215 33.9952 0.799999
    endloop
  endfacet
  facet normal 0.674958 0.279646 0.682811
    outer loop
      vertex 31.9905 33.957 3.2
      vertex 33.9952 34.9785 0.799999
      vertex 31.7202 34.6094 3.2
    endloop
  endfacet
  facet normal 0.622884 0.381801 0.68282
    outer loop
      vertex 34.1797 34.6775 0.799999
      vertex 33.9952 34.9785 0.799999
      vertex 32.3594 33.355 3.2
    endloop
  endfacet
  facet normal 0.381801 0.622884 0.68282
    outer loop
      vertex 34.9785 33.9952 0.799999
      vertex 34.6775 34.1797 0.799999
      vertex 33.355 32.3594 3.2
    endloop
  endfacet
  facet normal 0.474455 0.555565 0.682817
    outer loop
      vertex 34.6775 34.1797 0.799999
      vertex 34.409 34.409 0.799999
      vertex 33.355 32.3594 3.2
    endloop
  endfacet
  facet normal 0.622884 -0.381801 0.68282
    outer loop
      vertex 33.9952 37.0215 0.799999
      vertex 34.1797 37.3225 0.799999
      vertex 32.3594 38.645 3.2
    endloop
  endfacet
  facet normal 0.555565 -0.474455 0.682817
    outer loop
      vertex 34.1797 37.3225 0.799999
      vertex 34.409 37.591 0.799999
      vertex 32.3594 38.645 3.2
    endloop
  endfacet
  facet normal 0.381801 -0.622884 0.68282
    outer loop
      vertex 34.6775 37.8203 0.799999
      vertex 34.9785 38.0048 0.799999
      vertex 33.355 39.6406 3.2
    endloop
  endfacet
  facet normal 0.0513125 -0.729029 0.682556
    outer loop
      vertex 35.648 38.2223 0.799999
      vertex 35.4747 39.3255 1.99134
      vertex 35.4732 39.3259 1.99188
    endloop
  endfacet
  facet normal 0.0573495 -0.728348 0.682804
    outer loop
      vertex 35.648 38.2223 0.799999
      vertex 35.7313 39.2918 1.93384
      vertex 35.4747 39.3255 1.99134
    endloop
  endfacet
  facet normal 0.070493 -0.728215 0.681713
    outer loop
      vertex 35.648 38.2223 0.799999
      vertex 35.7341 39.2915 1.93323
      vertex 35.7313 39.2918 1.93384
    endloop
  endfacet
  facet normal 0.0573906 -0.728331 0.682818
    outer loop
      vertex 35.648 38.2223 0.799999
      vertex 35.997 39.2925 1.9122
      vertex 35.7341 39.2915 1.93323
    endloop
  endfacet
  facet normal 0.057314 -0.728322 0.682833
    outer loop
      vertex 36 38.25 0.799999
      vertex 35.997 39.2925 1.9122
      vertex 35.648 38.2223 0.799999
    endloop
  endfacet
  facet normal 0.0546346 -0.728436 0.682932
    outer loop
      vertex 35.997 39.2925 1.9122
      vertex 36 38.25 0.799999
      vertex 36 39.2925 1.91196
    endloop
  endfacet
  facet normal 0.279877 -0.674905 0.682768
    outer loop
      vertex 34.6247 39.6483 2.5696
      vertex 34.9785 38.0048 0.799999
      vertex 34.7228 39.5812 2.46306
    endloop
  endfacet
  facet normal 0.280329 -0.674243 0.683237
    outer loop
      vertex 33.957 40.0095 3.2
      vertex 34.6247 39.6483 2.5696
      vertex 34.4968 39.7886 2.76053
    endloop
  endfacet
  facet normal 0.274595 -0.680508 0.679343
    outer loop
      vertex 33.957 40.0095 3.2
      vertex 34.4968 39.7886 2.76053
      vertex 34.4853 39.8012 2.7778
    endloop
  endfacet
  facet normal 0.281321 -0.673 0.684054
    outer loop
      vertex 33.957 40.0095 3.2
      vertex 34.4853 39.8012 2.7778
      vertex 34.4764 39.8173 2.7973
    endloop
  endfacet
  facet normal 0.279481 -0.675136 0.682701
    outer loop
      vertex 33.957 40.0095 3.2
      vertex 34.4764 39.8173 2.7973
      vertex 34.3832 39.9846 3.0009
    endloop
  endfacet
  facet normal 0.279497 -0.675026 0.682804
    outer loop
      vertex 34.6247 39.6483 2.5696
      vertex 33.957 40.0095 3.2
      vertex 34.9785 38.0048 0.799999
    endloop
  endfacet
  facet normal 0.279605 -0.674853 0.682931
    outer loop
      vertex 33.957 40.0095 3.2
      vertex 34.3832 39.9846 3.0009
      vertex 34.3299 40.164 3.2
    endloop
  endfacet
  facet normal -0.622884 -0.381801 0.68282
    outer loop
      vertex 38.0048 37.0215 0.799999
      vertex 39.6406 38.645 3.2
      vertex 37.8203 37.3225 0.799999
    endloop
  endfacet
  facet normal -0.381801 -0.622884 0.68282
    outer loop
      vertex 37.3225 37.8203 0.799999
      vertex 38.645 39.6406 3.2
      vertex 37.0215 38.0048 0.799999
    endloop
  endfacet
  facet normal -0.474455 -0.555565 0.682817
    outer loop
      vertex 37.591 37.591 0.799999
      vertex 38.645 39.6406 3.2
      vertex 37.3225 37.8203 0.799999
    endloop
  endfacet
  facet normal -0.0546346 -0.728436 0.682932
    outer loop
      vertex 36 38.25 0.799999
      vertex 36.003 39.2925 1.9122
      vertex 36 39.2925 1.91196
    endloop
  endfacet
  facet normal -0.0573916 -0.728319 0.682831
    outer loop
      vertex 36 38.25 0.799999
      vertex 36.2659 39.2915 1.93323
      vertex 36.003 39.2925 1.9122
    endloop
  endfacet
  facet normal -0.0573147 -0.728331 0.682824
    outer loop
      vertex 36.352 38.2223 0.799999
      vertex 36.2659 39.2915 1.93323
      vertex 36 38.25 0.799999
    endloop
  endfacet
  facet normal -0.070493 -0.728215 0.681713
    outer loop
      vertex 36.2659 39.2915 1.93323
      vertex 36.352 38.2223 0.799999
      vertex 36.2687 39.2918 1.93384
    endloop
  endfacet
  facet normal -0.0573495 -0.728348 0.682804
    outer loop
      vertex 36.2687 39.2918 1.93384
      vertex 36.352 38.2223 0.799999
      vertex 36.5253 39.3255 1.99134
    endloop
  endfacet
  facet normal -0.0513125 -0.729029 0.682556
    outer loop
      vertex 36.5253 39.3255 1.99134
      vertex 36.352 38.2223 0.799999
      vertex 36.5268 39.3259 1.99188
    endloop
  endfacet
  facet normal -0.71041 -0.170515 0.682819
    outer loop
      vertex 38.2223 36.352 0.799999
      vertex 40.2798 37.3906 3.2
      vertex 38.1399 36.6953 0.799999
    endloop
  endfacet
  facet normal -0.71041 0.170515 0.682819
    outer loop
      vertex 40.2798 34.6094 3.2
      vertex 40.4446 35.296 3.2
      vertex 38.2223 35.648 0.799999
    endloop
  endfacet
  facet normal -0.279554 0.674985 0.682822
    outer loop
      vertex 37.3906 31.7202 3.2
      vertex 37.0215 33.9952 0.799999
      vertex 36.6953 33.8601 0.799999
    endloop
  endfacet
  facet normal -0.170515 0.71041 0.682819
    outer loop
      vertex 36.704 31.5554 3.2
      vertex 37.3906 31.7202 3.2
      vertex 36.352 33.7777 0.799999
    endloop
  endfacet
  facet normal 0.674985 0.279554 0.682822
    outer loop
      vertex 33.9952 34.9785 0.799999
      vertex 33.8601 35.3047 0.799999
      vertex 31.7202 34.6094 3.2
    endloop
  endfacet
  facet normal 0.71041 0.170515 0.682819
    outer loop
      vertex 31.7202 34.6094 3.2
      vertex 33.7777 35.648 0.799999
      vertex 31.5554 35.296 3.2
    endloop
  endfacet
  facet normal 0.170515 0.71041 0.682819
    outer loop
      vertex 35.296 31.5554 3.2
      vertex 35.648 33.7777 0.799999
      vertex 34.6094 31.7202 3.2
    endloop
  endfacet
  facet normal 0.71041 -0.170515 0.682819
    outer loop
      vertex 33.7777 36.352 0.799999
      vertex 31.7202 37.3906 3.2
      vertex 31.5554 36.704 3.2
    endloop
  endfacet
  facet normal 0.279556 -0.674991 0.682815
    outer loop
      vertex 34.8614 39.5043 2.33026
      vertex 34.9785 38.0048 0.799999
      vertex 35.3047 38.1399 0.799999
    endloop
  endfacet
  facet normal 0.280107 -0.674855 0.682723
    outer loop
      vertex 34.7979 39.5297 2.38142
      vertex 34.9785 38.0048 0.799999
      vertex 34.8614 39.5043 2.33026
    endloop
  endfacet
  facet normal 0.279372 -0.675052 0.68283
    outer loop
      vertex 34.7902 39.535 2.38981
      vertex 34.9785 38.0048 0.799999
      vertex 34.7979 39.5297 2.38142
    endloop
  endfacet
  facet normal 0.279375 -0.675051 0.682829
    outer loop
      vertex 34.9785 38.0048 0.799999
      vertex 34.7902 39.535 2.38981
      vertex 34.7228 39.5812 2.46306
    endloop
  endfacet
  facet normal 0.170435 -0.710437 0.682811
    outer loop
      vertex 35.2282 39.3609 2.08945
      vertex 35.648 38.2223 0.799999
      vertex 35.4732 39.3259 1.99188
    endloop
  endfacet
  facet normal 0.170502 -0.710417 0.682816
    outer loop
      vertex 35.648 38.2223 0.799999
      vertex 35.2282 39.3609 2.08945
      vertex 35.0442 39.4184 2.19522
    endloop
  endfacet
  facet normal -0.170502 -0.710417 0.682816
    outer loop
      vertex 36.7718 39.3609 2.08945
      vertex 36.352 38.2223 0.799999
      vertex 36.9558 39.4184 2.19522
    endloop
  endfacet
  facet normal -0.170435 -0.710437 0.682811
    outer loop
      vertex 36.352 38.2223 0.799999
      vertex 36.7718 39.3609 2.08945
      vertex 36.5268 39.3259 1.99188
    endloop
  endfacet
  facet normal -0.71041 0.170515 0.682819
    outer loop
      vertex 40.2798 34.6094 3.2
      vertex 38.2223 35.648 0.799999
      vertex 38.1399 35.3047 0.799999
    endloop
  endfacet
  facet normal -0.674985 0.279554 0.682822
    outer loop
      vertex 40.2798 34.6094 3.2
      vertex 38.1399 35.3047 0.799999
      vertex 38.0048 34.9785 0.799999
    endloop
  endfacet
  facet normal -0.170515 0.71041 0.682819
    outer loop
      vertex 37.3906 31.7202 3.2
      vertex 36.6953 33.8601 0.799999
      vertex 36.352 33.7777 0.799999
    endloop
  endfacet
  facet normal 0.71041 0.170515 0.682819
    outer loop
      vertex 33.8601 35.3047 0.799999
      vertex 33.7777 35.648 0.799999
      vertex 31.7202 34.6094 3.2
    endloop
  endfacet
  facet normal 0.170515 0.71041 0.682819
    outer loop
      vertex 35.648 33.7777 0.799999
      vertex 35.3047 33.8601 0.799999
      vertex 34.6094 31.7202 3.2
    endloop
  endfacet
  facet normal 0.279554 0.674985 0.682822
    outer loop
      vertex 35.3047 33.8601 0.799999
      vertex 34.9785 33.9952 0.799999
      vertex 34.6094 31.7202 3.2
    endloop
  endfacet
  facet normal 0.71041 -0.170515 0.682819
    outer loop
      vertex 33.7777 36.352 0.799999
      vertex 33.8601 36.6953 0.799999
      vertex 31.7202 37.3906 3.2
    endloop
  endfacet
  facet normal 0.674985 -0.279554 0.682822
    outer loop
      vertex 33.8601 36.6953 0.799999
      vertex 33.9952 37.0215 0.799999
      vertex 31.7202 37.3906 3.2
    endloop
  endfacet
  facet normal 0.169055 -0.710761 0.682817
    outer loop
      vertex 35.3047 38.1399 0.799999
      vertex 35.0074 39.4299 2.2164
      vertex 35.0008 39.432 2.22022
    endloop
  endfacet
  facet normal 0.170548 -0.710407 0.682814
    outer loop
      vertex 35.3047 38.1399 0.799999
      vertex 35.0008 39.432 2.22022
      vertex 34.8614 39.5043 2.33026
    endloop
  endfacet
  facet normal 0.171017 -0.7103 0.682808
    outer loop
      vertex 35.0074 39.4299 2.2164
      vertex 35.3047 38.1399 0.799999
      vertex 35.0442 39.4184 2.19522
    endloop
  endfacet
  facet normal 0.170515 -0.710412 0.682817
    outer loop
      vertex 35.0442 39.4184 2.19522
      vertex 35.3047 38.1399 0.799999
      vertex 35.648 38.2223 0.799999
    endloop
  endfacet
  facet normal -0.170515 -0.710412 0.682817
    outer loop
      vertex 36.6953 38.1399 0.799999
      vertex 36.9558 39.4184 2.19522
      vertex 36.352 38.2223 0.799999
    endloop
  endfacet
  facet normal -0.171017 -0.7103 0.682808
    outer loop
      vertex 36.9558 39.4184 2.19522
      vertex 36.6953 38.1399 0.799999
      vertex 36.9926 39.4299 2.2164
    endloop
  endfacet
  facet normal -0.169055 -0.710761 0.682817
    outer loop
      vertex 36.9926 39.4299 2.2164
      vertex 36.6953 38.1399 0.799999
      vertex 36.9992 39.432 2.22022
    endloop
  endfacet
  facet normal -0.170548 -0.710407 0.682814
    outer loop
      vertex 36.9992 39.432 2.22022
      vertex 36.6953 38.1399 0.799999
      vertex 37.1386 39.5043 2.33026
    endloop
  endfacet
  facet normal -0.279375 -0.675051 0.682829
    outer loop
      vertex 37.2098 39.535 2.38981
      vertex 37.0215 38.0048 0.799999
      vertex 37.2772 39.5812 2.46306
    endloop
  endfacet
  facet normal -0.279372 -0.675052 0.68283
    outer loop
      vertex 37.2021 39.5297 2.38142
      vertex 37.0215 38.0048 0.799999
      vertex 37.2098 39.535 2.38981
    endloop
  endfacet
  facet normal -0.280107 -0.674855 0.682723
    outer loop
      vertex 37.1386 39.5043 2.33026
      vertex 37.0215 38.0048 0.799999
      vertex 37.2021 39.5297 2.38142
    endloop
  endfacet
  facet normal -0.279556 -0.674991 0.682815
    outer loop
      vertex 37.0215 38.0048 0.799999
      vertex 37.1386 39.5043 2.33026
      vertex 36.6953 38.1399 0.799999
    endloop
  endfacet
  facet normal 0 -0.990265 0.139196
    outer loop
      vertex 35.0008 44.4295 1.51786
      vertex 37.1082 44.7784 4
      vertex 34.8918 44.7784 4
    endloop
  endfacet
  facet normal 0 -0.990265 0.139196
    outer loop
      vertex 37.1082 44.7784 4
      vertex 35.0008 44.4295 1.51786
      vertex 36.9992 44.4295 1.51786
    endloop
  endfacet
  facet normal 0 -0.990263 0.139212
    outer loop
      vertex 34.3209 44.5839 2.61645
      vertex 34.8918 44.7784 4
      vertex 34.3209 44.7784 4
    endloop
  endfacet
  facet normal 3.51392e-05 -0.990265 0.139197
    outer loop
      vertex 34.8918 44.7784 4
      vertex 34.3209 44.5839 2.61645
      vertex 35.0008 44.4295 1.51786
    endloop
  endfacet
  facet normal 0 -0.99026 0.13923
    outer loop
      vertex 37.7 44.6209 2.8798
      vertex 37.7 44.7784 4
      vertex 37.6983 44.7784 4
    endloop
  endfacet
  facet normal 0 -0.99026 0.13923
    outer loop
      vertex 37.6791 44.7784 4
      vertex 37.7 44.6209 2.8798
      vertex 37.6983 44.7784 4
    endloop
  endfacet
  facet normal -0.00103508 -0.990262 0.139211
    outer loop
      vertex 37.7 44.6209 2.8798
      vertex 37.6791 44.7784 4
      vertex 37.6791 44.5839 2.61645
    endloop
  endfacet
  facet normal 0 -0.99026 0.13923
    outer loop
      vertex 34.3 44.6209 2.8798
      vertex 34.3209 44.7784 4
      vertex 34.3017 44.7784 4
    endloop
  endfacet
  facet normal 0.00103508 -0.990262 0.139211
    outer loop
      vertex 34.3209 44.7784 4
      vertex 34.3 44.6209 2.8798
      vertex 34.3209 44.5839 2.61645
    endloop
  endfacet
  facet normal 0 0.990271 -0.139153
    outer loop
      vertex 37.7 39.4715 3.6035
      vertex 37.6355 39.4148 3.2
      vertex 37.5676 39.4148 3.2
    endloop
  endfacet
  facet normal 0.23354 0.135325 0.962884
    outer loop
      vertex 35.7313 39.2918 1.93384
      vertex 35.4747 44.3959 1.27874
      vertex 35.4747 39.3255 1.99134
    endloop
  endfacet
  facet normal 0.078974 0.138741 0.987175
    outer loop
      vertex 36 44.3843 1.19634
      vertex 35.997 39.2925 1.9122
      vertex 36 39.2925 1.91196
    endloop
  endfacet
  facet normal 0.0785299 0.138746 0.987209
    outer loop
      vertex 35.997 39.2925 1.9122
      vertex 36 44.3843 1.19634
      vertex 35.7341 44.3873 1.21707
    endloop
  endfacet
  facet normal 0.996926 0.010904 0.0775861
    outer loop
      vertex 34.3 39.4715 3.6035
      vertex 34.3209 44.5839 2.61645
      vertex 34.3 44.6209 2.8798
    endloop
  endfacet
  facet normal 0.996926 0.010904 0.0775861
    outer loop
      vertex 34.3209 44.5839 2.61645
      vertex 34.3 39.4715 3.6035
      vertex 34.3209 39.4345 3.34015
    endloop
  endfacet
  facet normal -2.24319e-05 -0.990272 0.139145
    outer loop
      vertex 35.2282 44.4101 1.37983
      vertex 36 44.3843 1.19634
      vertex 35.0008 44.4295 1.51786
    endloop
  endfacet
  facet normal 0 0.990242 -0.139358
    outer loop
      vertex 37.7 39.4715 3.6035
      vertex 37.3971 39.5273 4
      vertex 37.6977 39.5273 4
    endloop
  endfacet
  facet normal 0 0.990271 -0.139153
    outer loop
      vertex 37.3845 39.4148 3.2
      vertex 37.7 39.4715 3.6035
      vertex 37.5676 39.4148 3.2
    endloop
  endfacet
  facet normal 0.000135135 0.990256 -0.139257
    outer loop
      vertex 37.7 39.4715 3.6035
      vertex 37.3845 39.4148 3.2
      vertex 37.3971 39.5273 4
    endloop
  endfacet
  facet normal 0 -0.990262 0.139213
    outer loop
      vertex 36 44.3843 1.19634
      vertex 36.9992 44.4295 1.51786
      vertex 35.0008 44.4295 1.51786
    endloop
  endfacet
  facet normal 0.972349 0.0325016 0.231261
    outer loop
      vertex 34.3832 44.5478 2.35958
      vertex 34.3209 44.5839 2.61645
      vertex 34.3209 39.4345 3.34015
    endloop
  endfacet
  facet normal 0 0.990257 -0.139255
    outer loop
      vertex 36.6071 39.4148 3.2
      vertex 35.3383 39.5273 4
      vertex 36.6617 39.5273 4
    endloop
  endfacet
  facet normal 0 0.990257 -0.139255
    outer loop
      vertex 35.3383 39.5273 4
      vertex 36.6071 39.4148 3.2
      vertex 35.3929 39.4148 3.2
    endloop
  endfacet
  facet normal 0 -0.99026 0.13923
    outer loop
      vertex 34.3017 44.7784 4
      vertex 34.3 44.7784 4
      vertex 34.3 44.6209 2.8798
    endloop
  endfacet
  facet normal 0 0.990242 -0.139358
    outer loop
      vertex 37.7 39.5273 4
      vertex 37.7 39.4715 3.6035
      vertex 37.6977 39.5273 4
    endloop
  endfacet
  facet normal 0.000283088 0.990277 -0.139109
    outer loop
      vertex 34.3645 39.4148 3.2
      vertex 34.3209 39.4345 3.34015
      vertex 34.3 39.4715 3.6035
    endloop
  endfacet
  facet normal 0 0.990265 -0.139195
    outer loop
      vertex 34.3209 39.4345 3.34015
      vertex 34.3645 39.4148 3.2
      vertex 34.3549 39.4148 3.2
    endloop
  endfacet
  facet normal 0 0.990271 -0.139153
    outer loop
      vertex 34.4324 39.4148 3.2
      vertex 34.3645 39.4148 3.2
      vertex 34.3 39.4715 3.6035
    endloop
  endfacet
  facet normal 3.91719e-05 -0.99027 0.139161
    outer loop
      vertex 37.6168 44.5478 2.35958
      vertex 37.6791 44.5839 2.61645
      vertex 37.5147 44.5135 2.11553
    endloop
  endfacet
  facet normal -0.923856 0.0532725 0.379014
    outer loop
      vertex 37.5147 44.5135 2.11553
      vertex 37.5236 39.8173 2.7973
      vertex 37.6168 44.5478 2.35958
    endloop
  endfacet
  facet normal -0.924284 0.0531232 0.377992
    outer loop
      vertex 37.5236 39.8173 2.7973
      vertex 37.5147 44.5135 2.11553
      vertex 37.5147 39.8012 2.7778
    endloop
  endfacet
  facet normal 8.12186e-06 -0.990268 0.139171
    outer loop
      vertex 37.5147 44.5135 2.11553
      vertex 37.6791 44.5839 2.61645
      vertex 36.9992 44.4295 1.51786
    endloop
  endfacet
  facet normal 0 -0.990263 0.139212
    outer loop
      vertex 37.1082 44.7784 4
      vertex 37.6791 44.5839 2.61645
      vertex 37.6791 44.7784 4
    endloop
  endfacet
  facet normal -3.51392e-05 -0.990265 0.139197
    outer loop
      vertex 37.6791 44.5839 2.61645
      vertex 37.1082 44.7784 4
      vertex 36.9992 44.4295 1.51786
    endloop
  endfacet
  facet normal -0.996926 0.010904 0.0775861
    outer loop
      vertex 37.6791 44.5839 2.61645
      vertex 37.7 39.4715 3.6035
      vertex 37.7 44.6209 2.8798
    endloop
  endfacet
  facet normal -0.996926 0.010904 0.0775861
    outer loop
      vertex 37.7 39.4715 3.6035
      vertex 37.6791 44.5839 2.61645
      vertex 37.6791 39.4345 3.34015
    endloop
  endfacet
  facet normal -1 0 0
    outer loop
      vertex 37.7 44.6209 2.8798
      vertex 37.7 43.7685 4
      vertex 37.7 44.7784 4
    endloop
  endfacet
  facet normal -1 0 0
    outer loop
      vertex 37.7 43.7685 4
      vertex 37.7 40.5371 4
      vertex 37.7 42.1319 15.3475
    endloop
  endfacet
  facet normal -1 0 0
    outer loop
      vertex 37.7 44.6209 2.8798
      vertex 37.7 40.5371 4
      vertex 37.7 43.7685 4
    endloop
  endfacet
  facet normal -1 0 0
    outer loop
      vertex 37.7 39.4715 3.6035
      vertex 37.7 40.5371 4
      vertex 37.7 44.6209 2.8798
    endloop
  endfacet
  facet normal -1 -0 0
    outer loop
      vertex 37.7 40.5371 4
      vertex 37.7 39.4715 3.6035
      vertex 37.7 39.5273 4
    endloop
  endfacet
  facet normal -1 -0 0
    outer loop
      vertex 37.7 45.3007 14.9022
      vertex 37.7 43.7685 4
      vertex 37.7 42.1319 15.3475
    endloop
  endfacet
  facet normal 0.923856 0.0532725 0.379014
    outer loop
      vertex 34.4764 39.8173 2.7973
      vertex 34.4853 44.5135 2.11553
      vertex 34.3832 44.5478 2.35958
    endloop
  endfacet
  facet normal 0.924284 0.0531232 0.377992
    outer loop
      vertex 34.4853 44.5135 2.11553
      vertex 34.4764 39.8173 2.7973
      vertex 34.4853 39.8012 2.7778
    endloop
  endfacet
  facet normal -0.972349 0.0325016 0.231261
    outer loop
      vertex 37.6791 39.4345 3.34015
      vertex 37.6791 44.5839 2.61645
      vertex 37.6168 44.5478 2.35958
    endloop
  endfacet
  facet normal -0.923818 0.0532803 0.379106
    outer loop
      vertex 37.6168 39.9846 3.0009
      vertex 37.6168 44.5478 2.35958
      vertex 37.5236 39.8173 2.7973
    endloop
  endfacet
  facet normal -0.233411 0.135322 0.962916
    outer loop
      vertex 36.2659 44.3873 1.21707
      vertex 36.2687 39.2918 1.93384
      vertex 36.5253 44.3959 1.27874
    endloop
  endfacet
  facet normal -0.224748 0.135611 0.964934
    outer loop
      vertex 36.2687 39.2918 1.93384
      vertex 36.2659 44.3873 1.21707
      vertex 36.2659 39.2915 1.93323
    endloop
  endfacet
  facet normal -0.760505 0.090372 0.643013
    outer loop
      vertex 37.2021 44.4536 1.68942
      vertex 37.2098 39.535 2.38981
      vertex 37.3753 44.4819 1.89029
    endloop
  endfacet
  facet normal -0.761485 0.0902084 0.641875
    outer loop
      vertex 37.2098 39.535 2.38981
      vertex 37.2021 44.4536 1.68942
      vertex 37.2021 39.5297 2.38142
    endloop
  endfacet
  facet normal -0.382616 0.128583 0.914916
    outer loop
      vertex 36.5253 44.3959 1.27874
      vertex 36.7718 39.3609 2.08945
      vertex 36.7718 44.4101 1.37983
    endloop
  endfacet
  facet normal -0.382713 0.128572 0.914877
    outer loop
      vertex 36.7718 39.3609 2.08945
      vertex 36.5253 44.3959 1.27874
      vertex 36.5268 39.3259 1.99188
    endloop
  endfacet
  facet normal -0.366259 0.129503 0.921457
    outer loop
      vertex 36.5268 39.3259 1.99188
      vertex 36.5253 44.3959 1.27874
      vertex 36.5253 39.3255 1.99134
    endloop
  endfacet
  facet normal 2.24319e-05 -0.990272 0.139145
    outer loop
      vertex 36.7718 44.4101 1.37983
      vertex 36.9992 44.4295 1.51786
      vertex 36 44.3843 1.19634
    endloop
  endfacet
  facet normal -0.522596 0.118657 0.844283
    outer loop
      vertex 36.7718 44.4101 1.37983
      vertex 36.9992 39.432 2.22022
      vertex 36.9992 44.4295 1.51786
    endloop
  endfacet
  facet normal -0.525335 0.118255 0.842638
    outer loop
      vertex 36.9992 39.432 2.22022
      vertex 36.7718 44.4101 1.37983
      vertex 36.9926 39.4299 2.2164
    endloop
  endfacet
  facet normal 1 0 0
    outer loop
      vertex 34.3 45.3007 14.9022
      vertex 34.3 42.1319 15.3475
      vertex 34.3 43.7685 4
    endloop
  endfacet
  facet normal 1 -0 0
    outer loop
      vertex 34.3 43.7685 4
      vertex 34.3 44.6209 2.8798
      vertex 34.3 44.7784 4
    endloop
  endfacet
  facet normal 1 0 0
    outer loop
      vertex 34.3 40.5371 4
      vertex 34.3 43.7685 4
      vertex 34.3 42.1319 15.3475
    endloop
  endfacet
  facet normal 1 -0 0
    outer loop
      vertex 34.3 40.5371 4
      vertex 34.3 44.6209 2.8798
      vertex 34.3 43.7685 4
    endloop
  endfacet
  facet normal 1 0 0
    outer loop
      vertex 34.3 39.4715 3.6035
      vertex 34.3 40.5371 4
      vertex 34.3 39.5273 4
    endloop
  endfacet
  facet normal 1 0 0
    outer loop
      vertex 34.3 40.5371 4
      vertex 34.3 39.4715 3.6035
      vertex 34.3 44.6209 2.8798
    endloop
  endfacet
  facet normal 0.852605 0.0727256 0.51747
    outer loop
      vertex 34.4853 39.8012 2.7778
      vertex 34.6247 44.4819 1.89029
      vertex 34.4853 44.5135 2.11553
    endloop
  endfacet
  facet normal 0.853713 0.0723556 0.515693
    outer loop
      vertex 34.6247 44.4819 1.89029
      vertex 34.4853 39.8012 2.7778
      vertex 34.4968 39.7886 2.76053
    endloop
  endfacet
  facet normal 0.00127148 -0.990068 0.140584
    outer loop
      vertex 34.7979 44.4536 1.68942
      vertex 35.0008 44.4295 1.51786
      vertex 34.6247 44.4819 1.89029
    endloop
  endfacet
  facet normal -0.760354 0.0903932 0.643189
    outer loop
      vertex 37.3753 44.4819 1.89029
      vertex 37.2772 39.5812 2.46306
      vertex 37.3753 39.6483 2.5696
    endloop
  endfacet
  facet normal -0.760618 0.0903624 0.64288
    outer loop
      vertex 37.2772 39.5812 2.46306
      vertex 37.3753 44.4819 1.89029
      vertex 37.2098 39.535 2.38981
    endloop
  endfacet
  facet normal -0.852511 0.0727463 0.517623
    outer loop
      vertex 37.5032 39.7886 2.76053
      vertex 37.3753 44.4819 1.89029
      vertex 37.3753 39.6483 2.5696
    endloop
  endfacet
  facet normal -0.852605 0.0727256 0.51747
    outer loop
      vertex 37.3753 44.4819 1.89029
      vertex 37.5147 39.8012 2.7778
      vertex 37.5147 44.5135 2.11553
    endloop
  endfacet
  facet normal -0.853713 0.0723556 0.515693
    outer loop
      vertex 37.5147 39.8012 2.7778
      vertex 37.3753 44.4819 1.89029
      vertex 37.5032 39.7886 2.76053
    endloop
  endfacet
  facet normal 0 0.990257 -0.139255
    outer loop
      vertex 37.3845 39.4148 3.2
      vertex 36.6617 39.5273 4
      vertex 37.3971 39.5273 4
    endloop
  endfacet
  facet normal 0 0.990257 -0.139255
    outer loop
      vertex 36.6617 39.5273 4
      vertex 37.3845 39.4148 3.2
      vertex 36.6071 39.4148 3.2
    endloop
  endfacet
  facet normal 0.366259 0.129503 0.921457
    outer loop
      vertex 35.4747 44.3959 1.27874
      vertex 35.4732 39.3259 1.99188
      vertex 35.4747 39.3255 1.99134
    endloop
  endfacet
  facet normal 0.382616 0.128583 0.914916
    outer loop
      vertex 35.2282 39.3609 2.08945
      vertex 35.4747 44.3959 1.27874
      vertex 35.2282 44.4101 1.37983
    endloop
  endfacet
  facet normal 0.382713 0.128572 0.914877
    outer loop
      vertex 35.4747 44.3959 1.27874
      vertex 35.2282 39.3609 2.08945
      vertex 35.4732 39.3259 1.99188
    endloop
  endfacet
  facet normal 0.000605207 -0.990761 0.135618
    outer loop
      vertex 36.2659 44.3873 1.21707
      vertex 36.5253 44.3959 1.27874
      vertex 36 44.3843 1.19634
    endloop
  endfacet
  facet normal 7.74341e-05 -0.990304 0.138918
    outer loop
      vertex 36.5253 44.3959 1.27874
      vertex 36.7718 44.4101 1.37983
      vertex 36 44.3843 1.19634
    endloop
  endfacet
  facet normal 0.913734 0.065758 0.400957
    outer loop
      vertex 34.3209 39.4345 3.34015
      vertex 34.3299 40.164 3.2
      vertex 34.3832 44.5478 2.35958
    endloop
  endfacet
  facet normal 0.972335 0.0324458 0.231325
    outer loop
      vertex 34.3299 40.164 3.2
      vertex 34.3209 39.4345 3.34015
      vertex 34.3549 39.4148 3.2
    endloop
  endfacet
  facet normal 0.972398 0.032473 0.231056
    outer loop
      vertex 34.3832 44.5478 2.35958
      vertex 34.3299 40.164 3.2
      vertex 34.3832 39.9846 3.0009
    endloop
  endfacet
  facet normal 0.923818 0.0532803 0.379106
    outer loop
      vertex 34.4764 39.8173 2.7973
      vertex 34.3832 44.5478 2.35958
      vertex 34.3832 39.9846 3.0009
    endloop
  endfacet
  facet normal -0.00102034 -0.990388 0.138315
    outer loop
      vertex 34.6247 44.4819 1.89029
      vertex 35.0008 44.4295 1.51786
      vertex 34.4853 44.5135 2.11553
    endloop
  endfacet
  facet normal 0.852511 0.0727463 0.517623
    outer loop
      vertex 34.6247 39.6483 2.5696
      vertex 34.6247 44.4819 1.89029
      vertex 34.4968 39.7886 2.76053
    endloop
  endfacet
  facet normal -0.972398 0.032473 0.231056
    outer loop
      vertex 37.6168 44.5478 2.35958
      vertex 37.6168 39.9846 3.0009
      vertex 37.6701 40.164 3.2
    endloop
  endfacet
  facet normal -0.913734 0.065758 0.400957
    outer loop
      vertex 37.6701 40.164 3.2
      vertex 37.6791 39.4345 3.34015
      vertex 37.6168 44.5478 2.35958
    endloop
  endfacet
  facet normal -0.972335 0.0324458 0.231325
    outer loop
      vertex 37.6791 39.4345 3.34015
      vertex 37.6701 40.164 3.2
      vertex 37.6451 39.4148 3.2
    endloop
  endfacet
  facet normal 0 0.990265 -0.139195
    outer loop
      vertex 37.6355 39.4148 3.2
      vertex 37.6791 39.4345 3.34015
      vertex 37.6451 39.4148 3.2
    endloop
  endfacet
  facet normal -0.000283088 0.990277 -0.139109
    outer loop
      vertex 37.6791 39.4345 3.34015
      vertex 37.6355 39.4148 3.2
      vertex 37.7 39.4715 3.6035
    endloop
  endfacet
  facet normal -0.522887 0.11861 0.844109
    outer loop
      vertex 36.7718 44.4101 1.37983
      vertex 36.9558 39.4184 2.19522
      vertex 36.9926 39.4299 2.2164
    endloop
  endfacet
  facet normal -0.522457 0.118668 0.844367
    outer loop
      vertex 36.9558 39.4184 2.19522
      vertex 36.7718 44.4101 1.37983
      vertex 36.7718 39.3609 2.08945
    endloop
  endfacet
  facet normal -0.649343 0.105839 0.753095
    outer loop
      vertex 36.9992 44.4295 1.51786
      vertex 37.2021 39.5297 2.38142
      vertex 37.2021 44.4536 1.68942
    endloop
  endfacet
  facet normal -0.649193 0.105867 0.75322
    outer loop
      vertex 37.2021 39.5297 2.38142
      vertex 36.9992 44.4295 1.51786
      vertex 37.1386 39.5043 2.33026
    endloop
  endfacet
  facet normal -0.649361 0.105839 0.753079
    outer loop
      vertex 37.1386 39.5043 2.33026
      vertex 36.9992 44.4295 1.51786
      vertex 36.9992 39.432 2.22022
    endloop
  endfacet
  facet normal 0.760354 0.0903932 0.643189
    outer loop
      vertex 34.7228 39.5812 2.46306
      vertex 34.6247 44.4819 1.89029
      vertex 34.6247 39.6483 2.5696
    endloop
  endfacet
  facet normal 0.760618 0.0903624 0.64288
    outer loop
      vertex 34.6247 44.4819 1.89029
      vertex 34.7228 39.5812 2.46306
      vertex 34.7902 39.535 2.38981
    endloop
  endfacet
  facet normal 0.760505 0.090372 0.643013
    outer loop
      vertex 34.7902 39.535 2.38981
      vertex 34.7979 44.4536 1.68942
      vertex 34.6247 44.4819 1.89029
    endloop
  endfacet
  facet normal 0.761485 0.0902084 0.641875
    outer loop
      vertex 34.7979 44.4536 1.68942
      vertex 34.7902 39.535 2.38981
      vertex 34.7979 39.5297 2.38142
    endloop
  endfacet
  facet normal -7.74341e-05 -0.990304 0.138918
    outer loop
      vertex 35.4747 44.3959 1.27874
      vertex 36 44.3843 1.19634
      vertex 35.2282 44.4101 1.37983
    endloop
  endfacet
  facet normal -0.23354 0.135325 0.962884
    outer loop
      vertex 36.5253 39.3255 1.99134
      vertex 36.5253 44.3959 1.27874
      vertex 36.2687 39.2918 1.93384
    endloop
  endfacet
  facet normal -3.91719e-05 -0.99027 0.139161
    outer loop
      vertex 34.3832 44.5478 2.35958
      vertex 34.4853 44.5135 2.11553
      vertex 34.3209 44.5839 2.61645
    endloop
  endfacet
  facet normal -8.12186e-06 -0.990268 0.139171
    outer loop
      vertex 34.4853 44.5135 2.11553
      vertex 35.0008 44.4295 1.51786
      vertex 34.3209 44.5839 2.61645
    endloop
  endfacet
  facet normal 0 0.990242 -0.139358
    outer loop
      vertex 34.3 39.5273 4
      vertex 34.3023 39.5273 4
      vertex 34.3 39.4715 3.6035
    endloop
  endfacet
  facet normal 0 0.990242 -0.139358
    outer loop
      vertex 34.6029 39.5273 4
      vertex 34.3 39.4715 3.6035
      vertex 34.3023 39.5273 4
    endloop
  endfacet
  facet normal -0.000135135 0.990256 -0.139257
    outer loop
      vertex 34.6155 39.4148 3.2
      vertex 34.3 39.4715 3.6035
      vertex 34.6029 39.5273 4
    endloop
  endfacet
  facet normal 0 0.990271 -0.139153
    outer loop
      vertex 34.3 39.4715 3.6035
      vertex 34.6155 39.4148 3.2
      vertex 34.4324 39.4148 3.2
    endloop
  endfacet
  facet normal 0.00102034 -0.990388 0.138315
    outer loop
      vertex 37.3753 44.4819 1.89029
      vertex 37.5147 44.5135 2.11553
      vertex 36.9992 44.4295 1.51786
    endloop
  endfacet
  facet normal -0.00127148 -0.990068 0.140584
    outer loop
      vertex 37.2021 44.4536 1.68942
      vertex 37.3753 44.4819 1.89029
      vertex 36.9992 44.4295 1.51786
    endloop
  endfacet
  facet normal 0.649361 0.105839 0.753079
    outer loop
      vertex 35.0008 44.4295 1.51786
      vertex 34.8614 39.5043 2.33026
      vertex 35.0008 39.432 2.22022
    endloop
  endfacet
  facet normal 0.649343 0.105839 0.753095
    outer loop
      vertex 34.7979 39.5297 2.38142
      vertex 35.0008 44.4295 1.51786
      vertex 34.7979 44.4536 1.68942
    endloop
  endfacet
  facet normal 0.649193 0.105867 0.75322
    outer loop
      vertex 35.0008 44.4295 1.51786
      vertex 34.7979 39.5297 2.38142
      vertex 34.8614 39.5043 2.33026
    endloop
  endfacet
  facet normal 0.522457 0.118668 0.844367
    outer loop
      vertex 35.2282 44.4101 1.37983
      vertex 35.0442 39.4184 2.19522
      vertex 35.2282 39.3609 2.08945
    endloop
  endfacet
  facet normal 0.522887 0.11861 0.844109
    outer loop
      vertex 35.0442 39.4184 2.19522
      vertex 35.2282 44.4101 1.37983
      vertex 35.0074 39.4299 2.2164
    endloop
  endfacet
  facet normal 0.522596 0.118657 0.844283
    outer loop
      vertex 35.0008 39.432 2.22022
      vertex 35.2282 44.4101 1.37983
      vertex 35.0008 44.4295 1.51786
    endloop
  endfacet
  facet normal 0.525335 0.118255 0.842638
    outer loop
      vertex 35.2282 44.4101 1.37983
      vertex 35.0008 39.432 2.22022
      vertex 35.0074 39.4299 2.2164
    endloop
  endfacet
  facet normal -0.000605207 -0.990761 0.135618
    outer loop
      vertex 35.7341 44.3873 1.21707
      vertex 36 44.3843 1.19634
      vertex 35.4747 44.3959 1.27874
    endloop
  endfacet
  facet normal -0.0785299 0.138746 0.987209
    outer loop
      vertex 36 44.3843 1.19634
      vertex 36.003 39.2925 1.9122
      vertex 36.2659 44.3873 1.21707
    endloop
  endfacet
  facet normal -0.078974 0.138741 0.987175
    outer loop
      vertex 36.003 39.2925 1.9122
      vertex 36 44.3843 1.19634
      vertex 36 39.2925 1.91196
    endloop
  endfacet
  facet normal -0.0784421 0.138743 0.987217
    outer loop
      vertex 36.2659 39.2915 1.93323
      vertex 36.2659 44.3873 1.21707
      vertex 36.003 39.2925 1.9122
    endloop
  endfacet
  facet normal 0.0784421 0.138743 0.987217
    outer loop
      vertex 35.997 39.2925 1.9122
      vertex 35.7341 44.3873 1.21707
      vertex 35.7341 39.2915 1.93323
    endloop
  endfacet
  facet normal 0.224748 0.135611 0.964934
    outer loop
      vertex 35.7341 44.3873 1.21707
      vertex 35.7313 39.2918 1.93384
      vertex 35.7341 39.2915 1.93323
    endloop
  endfacet
  facet normal 0.233411 0.135322 0.962916
    outer loop
      vertex 35.7313 39.2918 1.93384
      vertex 35.7341 44.3873 1.21707
      vertex 35.4747 44.3959 1.27874
    endloop
  endfacet
  facet normal 0 0.990257 -0.139255
    outer loop
      vertex 34.6155 39.4148 3.2
      vertex 35.3383 39.5273 4
      vertex 35.3929 39.4148 3.2
    endloop
  endfacet
  facet normal 0 0.990257 -0.139255
    outer loop
      vertex 35.3383 39.5273 4
      vertex 34.6155 39.4148 3.2
      vertex 34.6029 39.5273 4
    endloop
  endfacet
endsolid OpenSCAD_Model
