solid OpenSCAD_Model
  facet normal -0.0784083 0.138757 0.987218
    outer loop
      vertex 5.06139 55.5893 88.1089
      vertex 6 52.4307 88.6274
      vertex 6 55.5996 88.182
    endloop
  endfacet
  facet normal -0.0785128 0.138725 0.987214
    outer loop
      vertex 6 52.4307 88.6274
      vertex 5.06139 55.5893 88.1089
      vertex 5.06139 52.4204 88.5542
    endloop
  endfacet
  facet normal -0.233494 0.135308 0.962898
    outer loop
      vertex 4.14589 55.5587 87.8912
      vertex 5.06139 52.4204 88.5542
      vertex 5.06139 55.5893 88.1089
    endloop
  endfacet
  facet normal -0.233394 0.135341 0.962917
    outer loop
      vertex 5.06139 52.4204 88.5542
      vertex 4.14589 55.5587 87.8912
      vertex 4.14589 52.3898 88.3366
    endloop
  endfacet
  facet normal -0.382697 0.12859 0.914881
    outer loop
      vertex 3.27605 55.5085 87.5344
      vertex 4.14589 52.3898 88.3366
      vertex 4.14589 55.5587 87.8912
    endloop
  endfacet
  facet normal -0.382684 0.128594 0.914886
    outer loop
      vertex 4.14589 52.3898 88.3366
      vertex 3.27605 55.5085 87.5344
      vertex 3.27605 52.3397 87.9798
    endloop
  endfacet
  facet normal -0.522453 0.118683 0.844368
    outer loop
      vertex 2.47328 55.4401 87.0473
      vertex 3.27605 52.3397 87.9798
      vertex 3.27605 55.5085 87.5344
    endloop
  endfacet
  facet normal -0.52254 0.118645 0.844319
    outer loop
      vertex 3.27605 52.3397 87.9798
      vertex 2.47328 55.4401 87.0473
      vertex 2.47328 52.2712 87.4926
    endloop
  endfacet
  facet normal -0.649441 0.105815 0.753013
    outer loop
      vertex 1.75735 55.355 86.4418
      vertex 2.47328 52.2712 87.4926
      vertex 2.47328 55.4401 87.0473
    endloop
  endfacet
  facet normal -0.649441 0.105815 0.753013
    outer loop
      vertex 2.47328 52.2712 87.4926
      vertex 1.75735 55.355 86.4418
      vertex 1.75735 52.1861 86.8871
    endloop
  endfacet
  facet normal -0.760427 0.0903703 0.643104
    outer loop
      vertex 1.14589 55.2553 85.7328
      vertex 1.75735 52.1861 86.8871
      vertex 1.75735 55.355 86.4418
    endloop
  endfacet
  facet normal -0.760377 0.0904012 0.64316
    outer loop
      vertex 1.75735 52.1861 86.8871
      vertex 1.14589 55.2553 85.7328
      vertex 1.14589 52.0865 86.1782
    endloop
  endfacet
  facet normal -0.85262 0.072731 0.517445
    outer loop
      vertex 0.653946 55.1436 84.9379
      vertex 1.14589 52.0865 86.1782
      vertex 1.14589 55.2553 85.7328
    endloop
  endfacet
  facet normal -0.852649 0.0727085 0.517401
    outer loop
      vertex 1.14589 52.0865 86.1782
      vertex 0.653946 55.1436 84.9379
      vertex 0.653946 51.9748 85.3832
    endloop
  endfacet
  facet normal -0.923885 0.0532519 0.378946
    outer loop
      vertex 0.293655 55.0226 84.0765
      vertex 0.653946 51.9748 85.3832
      vertex 0.653946 55.1436 84.9379
    endloop
  endfacet
  facet normal -0.923888 0.0532495 0.378941
    outer loop
      vertex 0.653946 51.9748 85.3832
      vertex 0.293655 55.0226 84.0765
      vertex 0.293655 51.8537 84.5218
    endloop
  endfacet
  facet normal -0.972372 0.0324836 0.231164
    outer loop
      vertex 0.0738678 54.8951 83.1699
      vertex 0.293655 51.8537 84.5218
      vertex 0.293655 55.0226 84.0765
    endloop
  endfacet
  facet normal -0.972372 0.0324851 0.231167
    outer loop
      vertex 0.293655 51.8537 84.5218
      vertex 0.0738678 54.8951 83.1699
      vertex 0.0738678 51.7263 83.6152
    endloop
  endfacet
  facet normal -0.996918 0.0109177 0.0776915
    outer loop
      vertex 0 54.7645 82.2404
      vertex 0.0738678 51.7263 83.6152
      vertex 0.0738678 54.8951 83.1699
    endloop
  endfacet
  facet normal -0.996917 0.0109213 0.0776993
    outer loop
      vertex 0.0738678 51.7263 83.6152
      vertex 0 54.7645 82.2404
      vertex 0 51.5957 82.6858
    endloop
  endfacet
  facet normal 0.996915 0.0109224 0.0777252
    outer loop
      vertex 79.9261 51.7263 83.6152
      vertex 80 54.7645 82.2404
      vertex 79.9261 54.8951 83.1699
    endloop
  endfacet
  facet normal 0.996914 0.010926 0.077733
    outer loop
      vertex 80 54.7645 82.2404
      vertex 79.9261 51.7263 83.6152
      vertex 80 51.5957 82.6858
    endloop
  endfacet
  facet normal 0.972369 0.0324854 0.231177
    outer loop
      vertex 79.7063 51.8537 84.5218
      vertex 79.9261 54.8951 83.1699
      vertex 79.7063 55.0226 84.0765
    endloop
  endfacet
  facet normal 0.972368 0.0324869 0.23118
    outer loop
      vertex 79.9261 54.8951 83.1699
      vertex 79.7063 51.8537 84.5218
      vertex 79.9261 51.7263 83.6152
    endloop
  endfacet
  facet normal 0.92392 0.0532404 0.378864
    outer loop
      vertex 79.3461 51.9748 85.3832
      vertex 79.7063 55.0226 84.0765
      vertex 79.3461 55.1436 84.9379
    endloop
  endfacet
  facet normal 0.923922 0.0532381 0.378859
    outer loop
      vertex 79.7063 55.0226 84.0765
      vertex 79.3461 51.9748 85.3832
      vertex 79.7063 51.8537 84.5218
    endloop
  endfacet
  facet normal 0.852593 0.072737 0.517488
    outer loop
      vertex 78.8541 52.0865 86.1782
      vertex 79.3461 55.1436 84.9379
      vertex 78.8541 55.2553 85.7328
    endloop
  endfacet
  facet normal 0.852622 0.0727145 0.517444
    outer loop
      vertex 79.3461 55.1436 84.9379
      vertex 78.8541 52.0865 86.1782
      vertex 79.3461 51.9748 85.3832
    endloop
  endfacet
  facet normal 0.760406 0.0903737 0.643129
    outer loop
      vertex 78.2426 52.1861 86.8871
      vertex 78.8541 55.2553 85.7328
      vertex 78.2426 55.355 86.4418
    endloop
  endfacet
  facet normal 0.760356 0.0904047 0.643184
    outer loop
      vertex 78.8541 55.2553 85.7328
      vertex 78.2426 52.1861 86.8871
      vertex 78.8541 52.0865 86.1782
    endloop
  endfacet
  facet normal 0.649457 0.105813 0.753
    outer loop
      vertex 77.5267 52.2712 87.4926
      vertex 78.2426 55.355 86.4418
      vertex 77.5267 55.4401 87.0473
    endloop
  endfacet
  facet normal 0.649457 0.105813 0.753
    outer loop
      vertex 78.2426 55.355 86.4418
      vertex 77.5267 52.2712 87.4926
      vertex 78.2426 52.1861 86.8871
    endloop
  endfacet
  facet normal 0.522486 0.11868 0.844348
    outer loop
      vertex 76.724 52.3397 87.9798
      vertex 77.5267 55.4401 87.0473
      vertex 76.724 55.5085 87.5344
    endloop
  endfacet
  facet normal 0.522573 0.118643 0.844299
    outer loop
      vertex 77.5267 55.4401 87.0473
      vertex 76.724 52.3397 87.9798
      vertex 77.5267 52.2712 87.4926
    endloop
  endfacet
  facet normal 0.382674 0.128591 0.914891
    outer loop
      vertex 75.8541 52.3898 88.3366
      vertex 76.724 55.5085 87.5344
      vertex 75.8541 55.5587 87.8912
    endloop
  endfacet
  facet normal 0.382662 0.128596 0.914895
    outer loop
      vertex 76.724 55.5085 87.5344
      vertex 75.8541 52.3898 88.3366
      vertex 76.724 52.3397 87.9798
    endloop
  endfacet
  facet normal 0.233494 0.135308 0.962898
    outer loop
      vertex 74.9386 52.4204 88.5542
      vertex 75.8541 55.5587 87.8912
      vertex 74.9386 55.5893 88.1089
    endloop
  endfacet
  facet normal 0.233394 0.135341 0.962917
    outer loop
      vertex 75.8541 55.5587 87.8912
      vertex 74.9386 52.4204 88.5542
      vertex 75.8541 52.3898 88.3366
    endloop
  endfacet
  facet normal 0.0784091 0.138757 0.987218
    outer loop
      vertex 74 52.4307 88.6274
      vertex 74.9386 55.5893 88.1089
      vertex 74 55.5996 88.182
    endloop
  endfacet
  facet normal 0.0785137 0.138725 0.987214
    outer loop
      vertex 74.9386 55.5893 88.1089
      vertex 74 52.4307 88.6274
      vertex 74.9386 52.4204 88.5542
    endloop
  endfacet
  facet normal -1 0 0
    outer loop
      vertex 0 74 0
      vertex 0 43.7685 4
      vertex 0 74 4
    endloop
  endfacet
  facet normal -1 0 0
    outer loop
      vertex 0 74 0
      vertex 0 40.5371 4
      vertex 0 43.7685 4
    endloop
  endfacet
  facet normal -1 0 0
    outer loop
      vertex 0 6 0
      vertex 0 40.5371 4
      vertex 0 74 0
    endloop
  endfacet
  facet normal -1 -0 0
    outer loop
      vertex 0 26.0039 5.49625
      vertex 0 22.5622 4
      vertex 0 23.0438 7.42701
    endloop
  endfacet
  facet normal -1 0 0
    outer loop
      vertex 0 36.6503 4
      vertex 0 22.5622 4
      vertex 0 26.0039 5.49625
    endloop
  endfacet
  facet normal -1 -0 0
    outer loop
      vertex 0 40.5371 4
      vertex 0 6 0
      vertex 0 36.6503 4
    endloop
  endfacet
  facet normal -1 -0 0
    outer loop
      vertex 0 36.6503 4
      vertex 0 6 0
      vertex 0 22.5622 4
    endloop
  endfacet
  facet normal -1 -0 0
    outer loop
      vertex 0 22.5622 4
      vertex 0 6 0
      vertex 0 6 4
    endloop
  endfacet
  facet normal -1 0 0
    outer loop
      vertex 0 43.7685 4
      vertex 0 51.5957 82.6858
      vertex 0 54.7645 82.2404
    endloop
  endfacet
  facet normal -1 0 0
    outer loop
      vertex 0 51.5957 82.6858
      vertex 0 43.7685 4
      vertex 0 40.5371 4
    endloop
  endfacet
  facet normal -1 -0 0
    outer loop
      vertex 0 26.2127 6.98166
      vertex 0 26.0039 5.49625
      vertex 0 23.0438 7.42701
    endloop
  endfacet
  facet normal -0 0.139185 0.990266
    outer loop
      vertex 6 55.5996 88.182
      vertex 74 52.4307 88.6274
      vertex 74 55.5996 88.182
    endloop
  endfacet
  facet normal 0 0.139185 0.990266
    outer loop
      vertex 74 52.4307 88.6274
      vertex 6 55.5996 88.182
      vertex 6 52.4307 88.6274
    endloop
  endfacet
  facet normal 1 0 0
    outer loop
      vertex 80 26.2127 6.98166
      vertex 80 23.0438 7.42701
      vertex 80 26.0039 5.49625
    endloop
  endfacet
  facet normal 1 0 0
    outer loop
      vertex 80 51.5957 82.6858
      vertex 80 43.7685 4
      vertex 80 54.7645 82.2404
    endloop
  endfacet
  facet normal 1 0 -0
    outer loop
      vertex 80 43.7685 4
      vertex 80 51.5957 82.6858
      vertex 80 40.5371 4
    endloop
  endfacet
  facet normal 1 -0 0
    outer loop
      vertex 80 43.7685 4
      vertex 80 74 0
      vertex 80 74 4
    endloop
  endfacet
  facet normal 1 -0 0
    outer loop
      vertex 80 40.5371 4
      vertex 80 74 0
      vertex 80 43.7685 4
    endloop
  endfacet
  facet normal 1 0 0
    outer loop
      vertex 80 6 0
      vertex 80 40.5371 4
      vertex 80 36.6503 4
    endloop
  endfacet
  facet normal 1 0 0
    outer loop
      vertex 80 22.5622 4
      vertex 80 26.0039 5.49625
      vertex 80 23.0438 7.42701
    endloop
  endfacet
  facet normal 1 0 0
    outer loop
      vertex 80 22.5622 4
      vertex 80 36.6503 4
      vertex 80 26.0039 5.49625
    endloop
  endfacet
  facet normal 1 0 0
    outer loop
      vertex 80 6 0
      vertex 80 36.6503 4
      vertex 80 22.5622 4
    endloop
  endfacet
  facet normal 1 0 0
    outer loop
      vertex 80 6 0
      vertex 80 22.5622 4
      vertex 80 6 4
    endloop
  endfacet
  facet normal 1 0 0
    outer loop
      vertex 80 40.5371 4
      vertex 80 6 0
      vertex 80 74 0
    endloop
  endfacet
  facet normal 0 0.990269 -0.139168
    outer loop
      vertex 38.3 45.0224 12.9217
      vertex 38.3 44.1178 6.48491
      vertex 30 45.0224 12.9217
    endloop
  endfacet
  facet normal 0 0.990268 -0.139173
    outer loop
      vertex 30 45.9966 19.8535
      vertex 12.4 51.7869 61.0537
      vertex 50 45.9966 19.8535
    endloop
  endfacet
  facet normal 2.09279e-05 0.990264 -0.139205
    outer loop
      vertex 67.6 47.4577 30.25
      vertex 50.5475 45.9906 19.8109
      vertex 50 45.9966 19.8535
    endloop
  endfacet
  facet normal -6.46936e-05 0.990283 -0.139068
    outer loop
      vertex 67.6 47.4577 30.25
      vertex 51.0816 45.9728 19.6839
      vertex 50.5475 45.9906 19.8109
    endloop
  endfacet
  facet normal 6.51683e-05 0.990255 -0.139267
    outer loop
      vertex 67.6 47.4577 30.25
      vertex 51.589 45.9435 19.4758
      vertex 51.0816 45.9728 19.6839
    endloop
  endfacet
  facet normal -4.59345e-05 0.990278 -0.139105
    outer loop
      vertex 67.6 47.4577 30.25
      vertex 52.0572 45.9036 19.1916
      vertex 51.589 45.9435 19.4758
    endloop
  endfacet
  facet normal 6.80193e-05 0.990256 -0.139262
    outer loop
      vertex 67.6 47.4577 30.25
      vertex 52.4749 45.8539 18.8384
      vertex 52.0572 45.9036 19.1916
    endloop
  endfacet
  facet normal -3.04689e-05 0.990274 -0.139134
    outer loop
      vertex 67.6 47.4577 30.25
      vertex 52.8316 45.7958 18.4248
      vertex 52.4749 45.8539 18.8384
    endloop
  endfacet
  facet normal 3.67463e-05 0.990262 -0.139216
    outer loop
      vertex 67.6 47.4577 30.25
      vertex 53.1185 45.7306 17.9611
      vertex 52.8316 45.7958 18.4248
    endloop
  endfacet
  facet normal -2.72584e-05 0.990272 -0.139142
    outer loop
      vertex 67.6 47.4577 30.25
      vertex 53.3287 45.66 17.4586
      vertex 53.1185 45.7306 17.9611
    endloop
  endfacet
  facet normal -2.40105e-05 0.990272 -0.139146
    outer loop
      vertex 67.6 47.4577 30.25
      vertex 53.4569 45.5857 16.9298
      vertex 53.3287 45.66 17.4586
    endloop
  endfacet
  facet normal 1.00919e-07 0.990268 -0.139171
    outer loop
      vertex 67.6 47.4577 30.25
      vertex 53.5 45.5095 16.3876
      vertex 53.4569 45.5857 16.9298
    endloop
  endfacet
  facet normal 2.45097e-06 0.990268 -0.139173
    outer loop
      vertex 67.6 43.7685 4
      vertex 53.5 45.5095 16.3876
      vertex 67.6 47.4577 30.25
    endloop
  endfacet
  facet normal 4.24733e-06 0.990268 -0.139171
    outer loop
      vertex 53.5 45.5095 16.3876
      vertex 67.6 43.7685 4
      vertex 53.4569 45.4333 15.8454
    endloop
  endfacet
  facet normal 2.56465e-05 0.990272 -0.139146
    outer loop
      vertex 53.4569 45.4333 15.8454
      vertex 67.6 43.7685 4
      vertex 53.3287 45.359 15.3166
    endloop
  endfacet
  facet normal 2.84418e-05 0.990272 -0.139143
    outer loop
      vertex 53.3287 45.359 15.3166
      vertex 67.6 43.7685 4
      vertex 53.1185 45.2884 14.8141
    endloop
  endfacet
  facet normal -3.04301e-05 0.990261 -0.13922
    outer loop
      vertex 53.1185 45.2884 14.8141
      vertex 67.6 43.7685 4
      vertex 52.8316 45.2232 14.3504
    endloop
  endfacet
  facet normal 0 0.990269 -0.139168
    outer loop
      vertex 50 45.0224 12.9217
      vertex 41.7 44.1178 6.48491
      vertex 41.7 45.0224 12.9217
    endloop
  endfacet
  facet normal -2.64047e-05 0.990273 -0.139136
    outer loop
      vertex 41.6168 44.0447 5.96469
      vertex 50 45.0224 12.9217
      vertex 50.5475 45.0284 12.9643
    endloop
  endfacet
  facet normal 0.000126925 0.990247 -0.139324
    outer loop
      vertex 41.5147 44.0104 5.72064
      vertex 50.5475 45.0284 12.9643
      vertex 51.0816 45.0462 13.0913
    endloop
  endfacet
  facet normal -5.97468e-05 0.990253 -0.13928
    outer loop
      vertex 67.6 43.7685 4
      vertex 51.0816 45.0462 13.0913
      vertex 51.589 45.0755 13.2994
    endloop
  endfacet
  facet normal 4.48568e-05 0.990278 -0.139103
    outer loop
      vertex 67.6 43.7685 4
      vertex 51.589 45.0755 13.2994
      vertex 52.0572 45.1154 13.5836
    endloop
  endfacet
  facet normal -3.14663e-05 0.990274 -0.139129
    outer loop
      vertex 50 45.0224 12.9217
      vertex 41.6791 44.0808 6.22156
      vertex 41.7 44.1178 6.48491
    endloop
  endfacet
  facet normal 3.60533e-06 0.990268 -0.139171
    outer loop
      vertex 50 45.0224 12.9217
      vertex 41.6168 44.0447 5.96469
      vertex 41.6791 44.0808 6.22156
    endloop
  endfacet
  facet normal 9.89539e-06 0.990267 -0.139181
    outer loop
      vertex 50.5475 45.0284 12.9643
      vertex 41.5147 44.0104 5.72064
      vertex 41.6168 44.0447 5.96469
    endloop
  endfacet
  facet normal 3.43367e-06 0.990269 -0.139167
    outer loop
      vertex 51.0816 45.0462 13.0913
      vertex 67.6 43.7685 4
      vertex 41.5147 44.0104 5.72064
    endloop
  endfacet
  facet normal -9.51037e-06 0.990242 -0.13936
    outer loop
      vertex 41.5147 44.0104 5.72064
      vertex 67.6 43.7685 4
      vertex 41.3753 43.9787 5.4954
    endloop
  endfacet
  facet normal 9.42382e-06 0.990288 -0.139034
    outer loop
      vertex 41.3753 43.9787 5.4954
      vertex 67.6 43.7685 4
      vertex 41.2021 43.9505 5.29453
    endloop
  endfacet
  facet normal 1.37639e-05 0.990323 -0.138784
    outer loop
      vertex 40.2659 43.8841 4.82218
      vertex 67.6 43.7685 4
      vertex 40 43.8812 4.80146
    endloop
  endfacet
  facet normal -1.24698e-05 0.990203 -0.139639
    outer loop
      vertex 40.5253 43.8928 4.88385
      vertex 67.6 43.7685 4
      vertex 40.2659 43.8841 4.82218
    endloop
  endfacet
  facet normal 4.96571e-06 0.990276 -0.139115
    outer loop
      vertex 40.7718 43.907 4.98494
      vertex 67.6 43.7685 4
      vertex 40.5253 43.8928 4.88385
    endloop
  endfacet
  facet normal 2.34992e-06 0.990266 -0.139185
    outer loop
      vertex 40.9992 43.9264 5.12297
      vertex 67.6 43.7685 4
      vertex 40.7718 43.907 4.98494
    endloop
  endfacet
  facet normal 5.32124e-06 0.990276 -0.139116
    outer loop
      vertex 41.2021 43.9505 5.29453
      vertex 67.6 43.7685 4
      vertex 40.9992 43.9264 5.12297
    endloop
  endfacet
  facet normal -6.04869e-05 0.990254 -0.139271
    outer loop
      vertex 52.4749 45.1651 13.9368
      vertex 67.6 43.7685 4
      vertex 52.0572 45.1154 13.5836
    endloop
  endfacet
  facet normal 3.08878e-05 0.990274 -0.139134
    outer loop
      vertex 52.8316 45.2232 14.3504
      vertex 67.6 43.7685 4
      vertex 52.4749 45.1651 13.9368
    endloop
  endfacet
  facet normal 0 0.990268 -0.139172
    outer loop
      vertex 67.6 51.7869 61.0537
      vertex 12.4 54.8361 82.75
      vertex 67.6 54.8361 82.75
    endloop
  endfacet
  facet normal 0 0.990268 -0.139172
    outer loop
      vertex 12.4 54.8361 82.75
      vertex 67.6 51.7869 61.0537
      vertex 12.4 51.7869 61.0537
    endloop
  endfacet
  facet normal 2.62284e-05 0.990265 -0.139194
    outer loop
      vertex 72.6 54.8361 82.75
      vertex 74 55.5996 88.182
      vertex 74.9386 55.5893 88.1089
    endloop
  endfacet
  facet normal 0 0.990266 -0.139188
    outer loop
      vertex 74 55.5996 88.182
      vertex 67.6 54.8361 82.75
      vertex 6 55.5996 88.182
    endloop
  endfacet
  facet normal 1.95669e-06 0.990267 -0.139184
    outer loop
      vertex 72.6 54.8361 82.75
      vertex 74.9386 55.5893 88.1089
      vertex 75.8541 55.5587 87.8912
    endloop
  endfacet
  facet normal 0 0.990266 -0.139188
    outer loop
      vertex 12.4 54.8361 82.75
      vertex 6 55.5996 88.182
      vertex 67.6 54.8361 82.75
    endloop
  endfacet
  facet normal 4.65055e-05 0.990263 -0.139212
    outer loop
      vertex 72.6 54.8361 82.75
      vertex 75.8541 55.5587 87.8912
      vertex 76.724 55.5085 87.5344
    endloop
  endfacet
  facet normal 0 0.990266 -0.139188
    outer loop
      vertex 7.4 54.8361 82.75
      vertex 6 55.5996 88.182
      vertex 12.4 54.8361 82.75
    endloop
  endfacet
  facet normal -4.62323e-05 0.990274 -0.139133
    outer loop
      vertex 72.6 54.8361 82.75
      vertex 76.724 55.5085 87.5344
      vertex 77.5267 55.4401 87.0473
    endloop
  endfacet
  facet normal -2.62281e-05 0.990265 -0.139194
    outer loop
      vertex 6 55.5996 88.182
      vertex 7.4 54.8361 82.75
      vertex 5.06139 55.5893 88.1089
    endloop
  endfacet
  facet normal -3.55771e-06 0.990267 -0.139181
    outer loop
      vertex 72.6 54.8361 82.75
      vertex 77.5267 55.4401 87.0473
      vertex 78.2426 55.355 86.4418
    endloop
  endfacet
  facet normal -1.95669e-06 0.990267 -0.139184
    outer loop
      vertex 5.06139 55.5893 88.1089
      vertex 7.4 54.8361 82.75
      vertex 4.14589 55.5587 87.8912
    endloop
  endfacet
  facet normal 2.72735e-05 0.99026 -0.139227
    outer loop
      vertex 72.6 54.8361 82.75
      vertex 78.2426 55.355 86.4418
      vertex 78.8541 55.2553 85.7328
    endloop
  endfacet
  facet normal -4.6508e-05 0.990263 -0.139212
    outer loop
      vertex 4.14589 55.5587 87.8912
      vertex 7.4 54.8361 82.75
      vertex 3.27605 55.5085 87.5344
    endloop
  endfacet
  facet normal -6.66237e-06 0.99027 -0.139158
    outer loop
      vertex 72.6 54.8361 82.75
      vertex 78.8541 55.2553 85.7328
      vertex 79.3461 55.1436 84.9379
    endloop
  endfacet
  facet normal 4.62299e-05 0.990274 -0.139133
    outer loop
      vertex 3.27605 55.5085 87.5344
      vertex 7.4 54.8361 82.75
      vertex 2.47328 55.4401 87.0473
    endloop
  endfacet
  facet normal -2.16988e-05 0.990277 -0.139112
    outer loop
      vertex 72.6 54.8361 82.75
      vertex 79.3461 55.1436 84.9379
      vertex 79.7063 55.0226 84.0765
    endloop
  endfacet
  facet normal 3.55762e-06 0.990267 -0.139181
    outer loop
      vertex 2.47328 55.4401 87.0473
      vertex 7.4 54.8361 82.75
      vertex 1.75735 55.355 86.4418
    endloop
  endfacet
  facet normal 7.03635e-06 0.990255 -0.139263
    outer loop
      vertex 72.6 54.8361 82.75
      vertex 79.7063 55.0226 84.0765
      vertex 79.9261 54.8951 83.1699
    endloop
  endfacet
  facet normal -2.7274e-05 0.99026 -0.139227
    outer loop
      vertex 1.75735 55.355 86.4418
      vertex 7.4 54.8361 82.75
      vertex 1.14589 55.2553 85.7328
    endloop
  endfacet
  facet normal 0 0.990266 -0.139188
    outer loop
      vertex 74 55.5996 88.182
      vertex 72.6 54.8361 82.75
      vertex 67.6 54.8361 82.75
    endloop
  endfacet
  facet normal -2.25831e-07 0.990273 -0.139139
    outer loop
      vertex 80 54.7645 82.2404
      vertex 72.6 54.8361 82.75
      vertex 79.9261 54.8951 83.1699
    endloop
  endfacet
  facet normal -2.57348e-06 0.990268 -0.139172
    outer loop
      vertex 80 54.7645 82.2404
      vertex 72.6 51.7869 61.0537
      vertex 72.6 54.8361 82.75
    endloop
  endfacet
  facet normal 0 0.990268 -0.139174
    outer loop
      vertex 67.6 47.4577 30.25
      vertex 67.6 51.7869 61.0537
      vertex 72.6 51.7869 61.0537
    endloop
  endfacet
  facet normal 2.26811e-06 0.990268 -0.139174
    outer loop
      vertex 50 45.9966 19.8535
      vertex 67.6 51.7869 61.0537
      vertex 67.6 47.4577 30.25
    endloop
  endfacet
  facet normal 0 0.990268 -0.139174
    outer loop
      vertex 67.6 47.4577 30.25
      vertex 72.6 51.7869 61.0537
      vertex 72.6 47.4577 30.25
    endloop
  endfacet
  facet normal 1.58358e-06 0.990268 -0.139174
    outer loop
      vertex 80 54.7645 82.2404
      vertex 72.6 47.4577 30.25
      vertex 72.6 51.7869 61.0537
    endloop
  endfacet
  facet normal -8.83098e-07 0.990268 -0.139173
    outer loop
      vertex 80 43.7685 4
      vertex 72.6 47.4577 30.25
      vertex 80 54.7645 82.2404
    endloop
  endfacet
  facet normal 0 0.990268 -0.139173
    outer loop
      vertex 72.6 47.4577 30.25
      vertex 80 43.7685 4
      vertex 72.6 43.7685 4
    endloop
  endfacet
  facet normal 6.66254e-06 0.99027 -0.139158
    outer loop
      vertex 1.14589 55.2553 85.7328
      vertex 7.4 54.8361 82.75
      vertex 0.653946 55.1436 84.9379
    endloop
  endfacet
  facet normal 2.16983e-05 0.990277 -0.139112
    outer loop
      vertex 0.653946 55.1436 84.9379
      vertex 7.4 54.8361 82.75
      vertex 0.293655 55.0226 84.0765
    endloop
  endfacet
  facet normal -7.03632e-06 0.990255 -0.139263
    outer loop
      vertex 0.293655 55.0226 84.0765
      vertex 7.4 54.8361 82.75
      vertex 0.0738678 54.8951 83.1699
    endloop
  endfacet
  facet normal 2.2583e-07 0.990273 -0.139139
    outer loop
      vertex 7.4 54.8361 82.75
      vertex 0 54.7645 82.2404
      vertex 0.0738678 54.8951 83.1699
    endloop
  endfacet
  facet normal 2.57348e-06 0.990268 -0.139172
    outer loop
      vertex 7.4 51.7869 61.0537
      vertex 0 54.7645 82.2404
      vertex 7.4 54.8361 82.75
    endloop
  endfacet
  facet normal 0 0.990268 -0.139173
    outer loop
      vertex 67.6 51.7869 61.0537
      vertex 50 45.9966 19.8535
      vertex 12.4 51.7869 61.0537
    endloop
  endfacet
  facet normal 0 0.990268 -0.139174
    outer loop
      vertex 12.4 51.7869 61.0537
      vertex 12.4 47.4577 30.25
      vertex 7.4 51.7869 61.0537
    endloop
  endfacet
  facet normal 0 0.990268 -0.139174
    outer loop
      vertex 7.4 47.4577 30.25
      vertex 7.4 51.7869 61.0537
      vertex 12.4 47.4577 30.25
    endloop
  endfacet
  facet normal -1.58358e-06 0.990268 -0.139174
    outer loop
      vertex 7.4 51.7869 61.0537
      vertex 7.4 47.4577 30.25
      vertex 0 54.7645 82.2404
    endloop
  endfacet
  facet normal 0 0.990268 -0.139173
    outer loop
      vertex 0 43.7685 4
      vertex 7.4 47.4577 30.25
      vertex 7.4 43.7685 4
    endloop
  endfacet
  facet normal 8.83098e-07 0.990268 -0.139173
    outer loop
      vertex 7.4 47.4577 30.25
      vertex 0 43.7685 4
      vertex 0 54.7645 82.2404
    endloop
  endfacet
  facet normal -2.26811e-06 0.990268 -0.139174
    outer loop
      vertex 12.4 51.7869 61.0537
      vertex 30 45.9966 19.8535
      vertex 12.4 47.4577 30.25
    endloop
  endfacet
  facet normal -2.09279e-05 0.990264 -0.139205
    outer loop
      vertex 29.4525 45.9906 19.8109
      vertex 12.4 47.4577 30.25
      vertex 30 45.9966 19.8535
    endloop
  endfacet
  facet normal 6.46936e-05 0.990283 -0.139068
    outer loop
      vertex 28.9184 45.9728 19.6839
      vertex 12.4 47.4577 30.25
      vertex 29.4525 45.9906 19.8109
    endloop
  endfacet
  facet normal -6.51683e-05 0.990255 -0.139267
    outer loop
      vertex 28.411 45.9435 19.4758
      vertex 12.4 47.4577 30.25
      vertex 28.9184 45.9728 19.6839
    endloop
  endfacet
  facet normal 4.59345e-05 0.990278 -0.139105
    outer loop
      vertex 27.9428 45.9036 19.1916
      vertex 12.4 47.4577 30.25
      vertex 28.411 45.9435 19.4758
    endloop
  endfacet
  facet normal -6.80193e-05 0.990256 -0.139262
    outer loop
      vertex 27.5251 45.8539 18.8384
      vertex 12.4 47.4577 30.25
      vertex 27.9428 45.9036 19.1916
    endloop
  endfacet
  facet normal 3.04689e-05 0.990274 -0.139134
    outer loop
      vertex 27.1684 45.7958 18.4248
      vertex 12.4 47.4577 30.25
      vertex 27.5251 45.8539 18.8384
    endloop
  endfacet
  facet normal -3.67463e-05 0.990262 -0.139216
    outer loop
      vertex 26.8815 45.7306 17.9611
      vertex 12.4 47.4577 30.25
      vertex 27.1684 45.7958 18.4248
    endloop
  endfacet
  facet normal 2.72584e-05 0.990272 -0.139142
    outer loop
      vertex 26.6713 45.66 17.4586
      vertex 12.4 47.4577 30.25
      vertex 26.8815 45.7306 17.9611
    endloop
  endfacet
  facet normal 2.40105e-05 0.990272 -0.139146
    outer loop
      vertex 26.5431 45.5857 16.9298
      vertex 12.4 47.4577 30.25
      vertex 26.6713 45.66 17.4586
    endloop
  endfacet
  facet normal -1.00919e-07 0.990268 -0.139171
    outer loop
      vertex 26.5 45.5095 16.3876
      vertex 12.4 47.4577 30.25
      vertex 26.5431 45.5857 16.9298
    endloop
  endfacet
  facet normal -4.24733e-06 0.990268 -0.139171
    outer loop
      vertex 12.4 43.7685 4
      vertex 26.5 45.5095 16.3876
      vertex 26.5431 45.4333 15.8454
    endloop
  endfacet
  facet normal -2.56465e-05 0.990272 -0.139146
    outer loop
      vertex 12.4 43.7685 4
      vertex 26.5431 45.4333 15.8454
      vertex 26.6713 45.359 15.3166
    endloop
  endfacet
  facet normal -2.84418e-05 0.990272 -0.139143
    outer loop
      vertex 12.4 43.7685 4
      vertex 26.6713 45.359 15.3166
      vertex 26.8815 45.2884 14.8141
    endloop
  endfacet
  facet normal 3.04301e-05 0.990261 -0.13922
    outer loop
      vertex 12.4 43.7685 4
      vertex 26.8815 45.2884 14.8141
      vertex 27.1684 45.2232 14.3504
    endloop
  endfacet
  facet normal -3.08878e-05 0.990274 -0.139134
    outer loop
      vertex 12.4 43.7685 4
      vertex 27.1684 45.2232 14.3504
      vertex 27.5251 45.1651 13.9368
    endloop
  endfacet
  facet normal 3.14663e-05 0.990274 -0.139129
    outer loop
      vertex 38.3209 44.0808 6.22156
      vertex 30 45.0224 12.9217
      vertex 38.3 44.1178 6.48491
    endloop
  endfacet
  facet normal -3.60533e-06 0.990268 -0.139171
    outer loop
      vertex 38.3832 44.0447 5.96469
      vertex 30 45.0224 12.9217
      vertex 38.3209 44.0808 6.22156
    endloop
  endfacet
  facet normal 2.64047e-05 0.990273 -0.139136
    outer loop
      vertex 30 45.0224 12.9217
      vertex 38.3832 44.0447 5.96469
      vertex 29.4525 45.0284 12.9643
    endloop
  endfacet
  facet normal -9.89539e-06 0.990267 -0.139181
    outer loop
      vertex 38.4853 44.0104 5.72064
      vertex 29.4525 45.0284 12.9643
      vertex 38.3832 44.0447 5.96469
    endloop
  endfacet
  facet normal -0.000126925 0.990247 -0.139324
    outer loop
      vertex 29.4525 45.0284 12.9643
      vertex 38.4853 44.0104 5.72064
      vertex 28.9184 45.0462 13.0913
    endloop
  endfacet
  facet normal -3.43367e-06 0.990269 -0.139167
    outer loop
      vertex 12.4 43.7685 4
      vertex 28.9184 45.0462 13.0913
      vertex 38.4853 44.0104 5.72064
    endloop
  endfacet
  facet normal 5.97468e-05 0.990253 -0.13928
    outer loop
      vertex 28.9184 45.0462 13.0913
      vertex 12.4 43.7685 4
      vertex 28.411 45.0755 13.2994
    endloop
  endfacet
  facet normal 9.51037e-06 0.990242 -0.13936
    outer loop
      vertex 12.4 43.7685 4
      vertex 38.4853 44.0104 5.72064
      vertex 38.6247 43.9787 5.4954
    endloop
  endfacet
  facet normal -9.42382e-06 0.990288 -0.139034
    outer loop
      vertex 12.4 43.7685 4
      vertex 38.6247 43.9787 5.4954
      vertex 38.7979 43.9505 5.29453
    endloop
  endfacet
  facet normal -5.32124e-06 0.990276 -0.139116
    outer loop
      vertex 12.4 43.7685 4
      vertex 38.7979 43.9505 5.29453
      vertex 39.0008 43.9264 5.12297
    endloop
  endfacet
  facet normal -2.45097e-06 0.990268 -0.139173
    outer loop
      vertex 26.5 45.5095 16.3876
      vertex 12.4 43.7685 4
      vertex 12.4 47.4577 30.25
    endloop
  endfacet
  facet normal 6.04869e-05 0.990254 -0.139271
    outer loop
      vertex 27.9428 45.1154 13.5836
      vertex 12.4 43.7685 4
      vertex 27.5251 45.1651 13.9368
    endloop
  endfacet
  facet normal -4.48568e-05 0.990278 -0.139103
    outer loop
      vertex 28.411 45.0755 13.2994
      vertex 12.4 43.7685 4
      vertex 27.9428 45.1154 13.5836
    endloop
  endfacet
  facet normal -2.34992e-06 0.990266 -0.139185
    outer loop
      vertex 39.2282 43.907 4.98494
      vertex 12.4 43.7685 4
      vertex 39.0008 43.9264 5.12297
    endloop
  endfacet
  facet normal -4.96571e-06 0.990276 -0.139115
    outer loop
      vertex 39.4747 43.8928 4.88385
      vertex 12.4 43.7685 4
      vertex 39.2282 43.907 4.98494
    endloop
  endfacet
  facet normal 1.24698e-05 0.990203 -0.139639
    outer loop
      vertex 39.7341 43.8841 4.82218
      vertex 12.4 43.7685 4
      vertex 39.4747 43.8928 4.88385
    endloop
  endfacet
  facet normal -1.37639e-05 0.990323 -0.138784
    outer loop
      vertex 40 43.8812 4.80146
      vertex 12.4 43.7685 4
      vertex 39.7341 43.8841 4.82218
    endloop
  endfacet
  facet normal 0 0.990257 -0.139248
    outer loop
      vertex 12.4 43.7685 4
      vertex 40 43.8812 4.80146
      vertex 67.6 43.7685 4
    endloop
  endfacet
  facet normal 0 -0.990269 0.139163
    outer loop
      vertex 0 22.5622 4
      vertex 80 23.0438 7.42701
      vertex 0 23.0438 7.42701
    endloop
  endfacet
  facet normal 0 -0.990269 0.139163
    outer loop
      vertex 80 23.0438 7.42701
      vertex 0 22.5622 4
      vertex 80 22.5622 4
    endloop
  endfacet
  facet normal -4.05009e-07 0.139145 0.990272
    outer loop
      vertex 37.7777 36.352 4.04193
      vertex 0 36.6503 4
      vertex 37.75 36 4.09139
    endloop
  endfacet
  facet normal -0 0.139195 0.990265
    outer loop
      vertex 0 36.6503 4
      vertex 37.7777 36.352 4.04193
      vertex 37.8493 36.6503 4
    endloop
  endfacet
  facet normal -7.91768e-08 0.139172 0.990268
    outer loop
      vertex 42.2223 35.648 4.14086
      vertex 80 36.6503 4
      vertex 42.25 36 4.09139
    endloop
  endfacet
  facet normal 4.05009e-07 0.139145 0.990272
    outer loop
      vertex 80 36.6503 4
      vertex 42.2223 36.352 4.04193
      vertex 42.25 36 4.09139
    endloop
  endfacet
  facet normal 0 0.139195 0.990265
    outer loop
      vertex 42.2223 36.352 4.04193
      vertex 80 36.6503 4
      vertex 42.1507 36.6503 4
    endloop
  endfacet
  facet normal -9.71835e-08 0.139173 0.990268
    outer loop
      vertex 80 36.6503 4
      vertex 42.2223 35.648 4.14086
      vertex 80 26.0039 5.49625
    endloop
  endfacet
  facet normal 1.61436e-06 0.139179 0.990267
    outer loop
      vertex 42.1399 35.3047 4.18911
      vertex 80 26.0039 5.49625
      vertex 42.2223 35.648 4.14086
    endloop
  endfacet
  facet normal -2.93999e-06 0.139161 0.99027
    outer loop
      vertex 42.0048 34.9785 4.23495
      vertex 80 26.0039 5.49625
      vertex 42.1399 35.3047 4.18911
    endloop
  endfacet
  facet normal 4.84272e-06 0.139193 0.990265
    outer loop
      vertex 41.8203 34.6775 4.27726
      vertex 80 26.0039 5.49625
      vertex 42.0048 34.9785 4.23495
    endloop
  endfacet
  facet normal -3.55062e-06 0.139157 0.99027
    outer loop
      vertex 41.591 34.409 4.31499
      vertex 80 26.0039 5.49625
      vertex 41.8203 34.6775 4.27726
    endloop
  endfacet
  facet normal 2.99435e-06 0.139187 0.990266
    outer loop
      vertex 41.3225 34.1797 4.34722
      vertex 80 26.0039 5.49625
      vertex 41.591 34.409 4.31499
    endloop
  endfacet
  facet normal 2.53735e-07 0.139174 0.990268
    outer loop
      vertex 41.0215 33.9952 4.37315
      vertex 80 26.0039 5.49625
      vertex 41.3225 34.1797 4.34722
    endloop
  endfacet
  facet normal -7.0359e-06 0.139139 0.990273
    outer loop
      vertex 40.6953 33.8601 4.39213
      vertex 80 26.0039 5.49625
      vertex 41.0215 33.9952 4.37315
    endloop
  endfacet
  facet normal 1.23237e-05 0.139234 0.99026
    outer loop
      vertex 40.352 33.7777 4.40372
      vertex 80 26.0039 5.49625
      vertex 40.6953 33.8601 4.39213
    endloop
  endfacet
  facet normal -5.93937e-06 0.139143 0.990272
    outer loop
      vertex 40 33.75 4.40761
      vertex 80 26.0039 5.49625
      vertex 40.352 33.7777 4.40372
    endloop
  endfacet
  facet normal 5.93937e-06 0.139143 0.990272
    outer loop
      vertex 0 26.0039 5.49625
      vertex 40 33.75 4.40761
      vertex 39.648 33.7777 4.40372
    endloop
  endfacet
  facet normal 7.91768e-08 0.139172 0.990268
    outer loop
      vertex 0 36.6503 4
      vertex 37.7777 35.648 4.14086
      vertex 37.75 36 4.09139
    endloop
  endfacet
  facet normal 9.71835e-08 0.139173 0.990268
    outer loop
      vertex 0 26.0039 5.49625
      vertex 37.7777 35.648 4.14086
      vertex 0 36.6503 4
    endloop
  endfacet
  facet normal -1.61436e-06 0.139179 0.990267
    outer loop
      vertex 37.7777 35.648 4.14086
      vertex 0 26.0039 5.49625
      vertex 37.8601 35.3047 4.18911
    endloop
  endfacet
  facet normal 2.93999e-06 0.139161 0.99027
    outer loop
      vertex 37.8601 35.3047 4.18911
      vertex 0 26.0039 5.49625
      vertex 37.9952 34.9785 4.23495
    endloop
  endfacet
  facet normal -4.84272e-06 0.139193 0.990265
    outer loop
      vertex 37.9952 34.9785 4.23495
      vertex 0 26.0039 5.49625
      vertex 38.1797 34.6775 4.27726
    endloop
  endfacet
  facet normal 3.55062e-06 0.139157 0.99027
    outer loop
      vertex 38.1797 34.6775 4.27726
      vertex 0 26.0039 5.49625
      vertex 38.409 34.409 4.31499
    endloop
  endfacet
  facet normal -2.99435e-06 0.139187 0.990266
    outer loop
      vertex 38.409 34.409 4.31499
      vertex 0 26.0039 5.49625
      vertex 38.6775 34.1797 4.34722
    endloop
  endfacet
  facet normal -2.53735e-07 0.139174 0.990268
    outer loop
      vertex 38.6775 34.1797 4.34722
      vertex 0 26.0039 5.49625
      vertex 38.9785 33.9952 4.37315
    endloop
  endfacet
  facet normal 7.0359e-06 0.139139 0.990273
    outer loop
      vertex 38.9785 33.9952 4.37315
      vertex 0 26.0039 5.49625
      vertex 39.3047 33.8601 4.39213
    endloop
  endfacet
  facet normal -1.23237e-05 0.139234 0.99026
    outer loop
      vertex 39.3047 33.8601 4.39213
      vertex 0 26.0039 5.49625
      vertex 39.648 33.7777 4.40372
    endloop
  endfacet
  facet normal 0 0.139173 0.990268
    outer loop
      vertex 40 33.75 4.40761
      vertex 0 26.0039 5.49625
      vertex 80 26.0039 5.49625
    endloop
  endfacet
  facet normal 0 0.990264 -0.139199
    outer loop
      vertex 80 26.0039 5.49625
      vertex 0 26.2127 6.98166
      vertex 80 26.2127 6.98166
    endloop
  endfacet
  facet normal 0 0.990264 -0.139199
    outer loop
      vertex 0 26.2127 6.98166
      vertex 80 26.0039 5.49625
      vertex 0 26.0039 5.49625
    endloop
  endfacet
  facet normal 0 -0.990269 0.13917
    outer loop
      vertex 41.7 41.8535 13.367
      vertex 41.7 40.9489 6.93027
      vertex 50 41.8535 13.367
    endloop
  endfacet
  facet normal 1.47414e-05 -0.990271 0.139152
    outer loop
      vertex 0 51.5957 82.6858
      vertex 6 52.4307 88.6274
      vertex 5.06139 52.4204 88.5542
    endloop
  endfacet
  facet normal 0 -0.990268 0.139172
    outer loop
      vertex 6 52.4307 88.6274
      vertex 30 42.8278 20.2989
      vertex 74 52.4307 88.6274
    endloop
  endfacet
  facet normal 2.74326e-05 -0.990272 0.139142
    outer loop
      vertex 0 51.5957 82.6858
      vertex 5.06139 52.4204 88.5542
      vertex 4.14589 52.3898 88.3366
    endloop
  endfacet
  facet normal 0 -0.990268 0.139172
    outer loop
      vertex 50 42.8278 20.2989
      vertex 74 52.4307 88.6274
      vertex 30 42.8278 20.2989
    endloop
  endfacet
  facet normal -6.62281e-05 -0.990263 0.139209
    outer loop
      vertex 0 51.5957 82.6858
      vertex 4.14589 52.3898 88.3366
      vertex 3.27605 52.3397 87.9798
    endloop
  endfacet
  facet normal 4.10957e-06 -0.990268 0.139171
    outer loop
      vertex 80 51.5957 82.6858
      vertex 74 52.4307 88.6274
      vertex 50 42.8278 20.2989
    endloop
  endfacet
  facet normal 6.05261e-05 -0.990274 0.139132
    outer loop
      vertex 0 51.5957 82.6858
      vertex 3.27605 52.3397 87.9798
      vertex 2.47328 52.2712 87.4926
    endloop
  endfacet
  facet normal -4.10957e-06 -0.990268 0.139171
    outer loop
      vertex 6 52.4307 88.6274
      vertex 0 51.5957 82.6858
      vertex 30 42.8278 20.2989
    endloop
  endfacet
  facet normal 2.21259e-05 -0.990271 0.139151
    outer loop
      vertex 0 51.5957 82.6858
      vertex 2.47328 52.2712 87.4926
      vertex 1.75735 52.1861 86.8871
    endloop
  endfacet
  facet normal -1.47415e-05 -0.990271 0.139152
    outer loop
      vertex 74 52.4307 88.6274
      vertex 80 51.5957 82.6858
      vertex 74.9386 52.4204 88.5542
    endloop
  endfacet
  facet normal -6.36756e-05 -0.990266 0.139187
    outer loop
      vertex 0 51.5957 82.6858
      vertex 1.75735 52.1861 86.8871
      vertex 1.14589 52.0865 86.1782
    endloop
  endfacet
  facet normal -6.0534e-05 -0.990274 0.139132
    outer loop
      vertex 76.724 52.3397 87.9798
      vertex 80 51.5957 82.6858
      vertex 77.5267 52.2712 87.4926
    endloop
  endfacet
  facet normal -0.000104194 -0.990264 0.1392
    outer loop
      vertex 0 51.5957 82.6858
      vertex 1.14589 52.0865 86.1782
      vertex 0.653946 51.9748 85.3832
    endloop
  endfacet
  facet normal -2.21277e-05 -0.990271 0.139151
    outer loop
      vertex 77.5267 52.2712 87.4926
      vertex 80 51.5957 82.6858
      vertex 78.2426 52.1861 86.8871
    endloop
  endfacet
  facet normal 0.000238516 -0.990276 0.139118
    outer loop
      vertex 0 51.5957 82.6858
      vertex 0.653946 51.9748 85.3832
      vertex 0.293655 51.8537 84.5218
    endloop
  endfacet
  facet normal 6.36692e-05 -0.990266 0.139187
    outer loop
      vertex 78.2426 52.1861 86.8871
      vertex 80 51.5957 82.6858
      vertex 78.8541 52.0865 86.1782
    endloop
  endfacet
  facet normal 2.59645e-05 -0.990271 0.139152
    outer loop
      vertex 0 51.5957 82.6858
      vertex 0.293655 51.8537 84.5218
      vertex 0.0738678 51.7263 83.6152
    endloop
  endfacet
  facet normal 0.00010417 -0.990264 0.1392
    outer loop
      vertex 78.8541 52.0865 86.1782
      vertex 80 51.5957 82.6858
      vertex 79.3461 51.9748 85.3832
    endloop
  endfacet
  facet normal -0.000238636 -0.990276 0.139118
    outer loop
      vertex 79.3461 51.9748 85.3832
      vertex 80 51.5957 82.6858
      vertex 79.7063 51.8537 84.5218
    endloop
  endfacet
  facet normal -2.59678e-05 -0.990271 0.139152
    outer loop
      vertex 79.7063 51.8537 84.5218
      vertex 80 51.5957 82.6858
      vertex 79.9261 51.7263 83.6152
    endloop
  endfacet
  facet normal -2.74326e-05 -0.990272 0.139142
    outer loop
      vertex 74.9386 52.4204 88.5542
      vertex 80 51.5957 82.6858
      vertex 75.8541 52.3898 88.3366
    endloop
  endfacet
  facet normal -1.89822e-06 -0.990268 0.139172
    outer loop
      vertex 0 51.5957 82.6858
      vertex 29.4525 42.8218 20.2562
      vertex 30 42.8278 20.2989
    endloop
  endfacet
  facet normal 8.55713e-05 -0.990263 0.139213
    outer loop
      vertex 0 51.5957 82.6858
      vertex 28.9184 42.8039 20.1292
      vertex 29.4525 42.8218 20.2562
    endloop
  endfacet
  facet normal -7.66026e-05 -0.990273 0.139139
    outer loop
      vertex 0 51.5957 82.6858
      vertex 28.411 42.7747 19.9211
      vertex 28.9184 42.8039 20.1292
    endloop
  endfacet
  facet normal 9.67453e-05 -0.990262 0.139216
    outer loop
      vertex 0 51.5957 82.6858
      vertex 27.9428 42.7347 19.6369
      vertex 28.411 42.7747 19.9211
    endloop
  endfacet
  facet normal -6.78261e-05 -0.990272 0.139144
    outer loop
      vertex 0 51.5957 82.6858
      vertex 27.5251 42.6851 19.2837
      vertex 27.9428 42.7347 19.6369
    endloop
  endfacet
  facet normal -2.53731e-05 -0.99027 0.139163
    outer loop
      vertex 0 51.5957 82.6858
      vertex 27.1684 42.627 18.8702
      vertex 27.5251 42.6851 19.2837
    endloop
  endfacet
  facet normal 8.6146e-07 -0.990268 0.139173
    outer loop
      vertex 0 40.5371 4
      vertex 27.1684 42.627 18.8702
      vertex 0 51.5957 82.6858
    endloop
  endfacet
  facet normal -2.86844e-05 -0.990261 0.139226
    outer loop
      vertex 27.1684 42.627 18.8702
      vertex 0 40.5371 4
      vertex 26.8815 42.5618 18.4064
    endloop
  endfacet
  facet normal 1.11002e-05 -0.990271 0.139154
    outer loop
      vertex 26.8815 42.5618 18.4064
      vertex 0 40.5371 4
      vertex 26.6713 42.4912 17.904
    endloop
  endfacet
  facet normal -7.50571e-05 -0.990248 0.139316
    outer loop
      vertex 26.6713 42.4912 17.904
      vertex 0 40.5371 4
      vertex 26.5431 42.4168 17.3751
    endloop
  endfacet
  facet normal -6.65187e-07 -0.990268 0.139171
    outer loop
      vertex 26.5431 42.4168 17.3751
      vertex 0 40.5371 4
      vertex 26.5 42.3406 16.8329
    endloop
  endfacet
  facet normal -1.25871e-05 -0.990265 0.139195
    outer loop
      vertex 26.5 42.3406 16.8329
      vertex 0 40.5371 4
      vertex 26.5431 42.2644 16.2908
    endloop
  endfacet
  facet normal 0 -0.990269 0.13917
    outer loop
      vertex 30 41.8535 13.367
      vertex 38.3 40.9489 6.93027
      vertex 38.3 41.8535 13.367
    endloop
  endfacet
  facet normal 1.74755e-06 -0.990268 0.13917
    outer loop
      vertex 38.3832 40.8758 6.41005
      vertex 30 41.8535 13.367
      vertex 29.4525 41.8595 13.4097
    endloop
  endfacet
  facet normal -0.00017394 -0.990299 0.138955
    outer loop
      vertex 38.4853 40.8415 6.16599
      vertex 29.4525 41.8595 13.4097
      vertex 28.9184 41.8774 13.5366
    endloop
  endfacet
  facet normal 0.000256835 -0.990221 0.139504
    outer loop
      vertex 38.6247 40.8098 5.94075
      vertex 28.9184 41.8774 13.5366
      vertex 28.411 41.9066 13.7448
    endloop
  endfacet
  facet normal -5.62016e-05 -0.990246 0.13933
    outer loop
      vertex 0 40.5371 4
      vertex 28.411 41.9066 13.7448
      vertex 27.9428 41.9466 14.0289
    endloop
  endfacet
  facet normal -3.69036e-05 -0.990275 0.139123
    outer loop
      vertex 30 41.8535 13.367
      vertex 38.3209 40.9119 6.66691
      vertex 38.3 40.9489 6.93027
    endloop
  endfacet
  facet normal 7.98771e-06 -0.990267 0.139178
    outer loop
      vertex 30 41.8535 13.367
      vertex 38.3832 40.8758 6.41005
      vertex 38.3209 40.9119 6.66691
    endloop
  endfacet
  facet normal 4.17275e-06 -0.990268 0.139173
    outer loop
      vertex 29.4525 41.8595 13.4097
      vertex 38.4853 40.8415 6.16599
      vertex 38.3832 40.8758 6.41005
    endloop
  endfacet
  facet normal 0.000283016 -0.990217 0.139537
    outer loop
      vertex 28.9184 41.8774 13.5366
      vertex 38.6247 40.8098 5.94075
      vertex 38.4853 40.8415 6.16599
    endloop
  endfacet
  facet normal -1.38765e-06 -0.990268 0.139173
    outer loop
      vertex 28.411 41.9066 13.7448
      vertex 0 40.5371 4
      vertex 38.6247 40.8098 5.94075
    endloop
  endfacet
  facet normal 5.88434e-06 -0.990288 0.139031
    outer loop
      vertex 38.6247 40.8098 5.94075
      vertex 0 40.5371 4
      vertex 38.7979 40.7816 5.73988
    endloop
  endfacet
  facet normal 1.37766e-05 -0.990332 0.138718
    outer loop
      vertex 39.7341 40.7152 5.26754
      vertex 0 40.5371 4
      vertex 40 40.7123 5.24681
    endloop
  endfacet
  facet normal -1.63746e-05 -0.990202 0.139645
    outer loop
      vertex 39.4747 40.7239 5.3292
      vertex 0 40.5371 4
      vertex 39.7341 40.7152 5.26754
    endloop
  endfacet
  facet normal 2.48571e-06 -0.990279 0.139096
    outer loop
      vertex 39.2282 40.7381 5.4303
      vertex 0 40.5371 4
      vertex 39.4747 40.7239 5.3292
    endloop
  endfacet
  facet normal -1.0007e-06 -0.990266 0.139189
    outer loop
      vertex 39.0008 40.7575 5.56832
      vertex 0 40.5371 4
      vertex 39.2282 40.7381 5.4303
    endloop
  endfacet
  facet normal 2.16332e-06 -0.990277 0.139112
    outer loop
      vertex 38.7979 40.7816 5.73988
      vertex 0 40.5371 4
      vertex 39.0008 40.7575 5.56832
    endloop
  endfacet
  facet normal 3.82351e-05 -0.990282 0.139072
    outer loop
      vertex 27.5251 41.9962 14.3822
      vertex 0 40.5371 4
      vertex 27.9428 41.9466 14.0289
    endloop
  endfacet
  facet normal 8.66728e-06 -0.990272 0.139148
    outer loop
      vertex 27.1684 42.0543 14.7957
      vertex 0 40.5371 4
      vertex 27.5251 41.9962 14.3822
    endloop
  endfacet
  facet normal -2.23349e-05 -0.990261 0.139225
    outer loop
      vertex 26.8815 42.1195 15.2594
      vertex 0 40.5371 4
      vertex 27.1684 42.0543 14.7957
    endloop
  endfacet
  facet normal 1.51186e-05 -0.990273 0.139137
    outer loop
      vertex 26.6713 42.1901 15.7619
      vertex 0 40.5371 4
      vertex 26.8815 42.1195 15.2594
    endloop
  endfacet
  facet normal 2.2992e-05 -0.990276 0.13912
    outer loop
      vertex 26.5431 42.2644 16.2908
      vertex 0 40.5371 4
      vertex 26.6713 42.1901 15.7619
    endloop
  endfacet
  facet normal 6.62217e-05 -0.990263 0.139209
    outer loop
      vertex 75.8541 52.3898 88.3366
      vertex 80 51.5957 82.6858
      vertex 76.724 52.3397 87.9798
    endloop
  endfacet
  facet normal 1.89822e-06 -0.990268 0.139172
    outer loop
      vertex 50.5475 42.8218 20.2562
      vertex 80 51.5957 82.6858
      vertex 50 42.8278 20.2989
    endloop
  endfacet
  facet normal -8.55713e-05 -0.990263 0.139213
    outer loop
      vertex 51.0816 42.8039 20.1292
      vertex 80 51.5957 82.6858
      vertex 50.5475 42.8218 20.2562
    endloop
  endfacet
  facet normal 7.66026e-05 -0.990273 0.139139
    outer loop
      vertex 51.589 42.7747 19.9211
      vertex 80 51.5957 82.6858
      vertex 51.0816 42.8039 20.1292
    endloop
  endfacet
  facet normal -9.67453e-05 -0.990262 0.139216
    outer loop
      vertex 52.0572 42.7347 19.6369
      vertex 80 51.5957 82.6858
      vertex 51.589 42.7747 19.9211
    endloop
  endfacet
  facet normal 6.78261e-05 -0.990272 0.139144
    outer loop
      vertex 52.4749 42.6851 19.2837
      vertex 80 51.5957 82.6858
      vertex 52.0572 42.7347 19.6369
    endloop
  endfacet
  facet normal 2.53731e-05 -0.99027 0.139163
    outer loop
      vertex 52.8316 42.627 18.8702
      vertex 80 51.5957 82.6858
      vertex 52.4749 42.6851 19.2837
    endloop
  endfacet
  facet normal 2.86844e-05 -0.990261 0.139226
    outer loop
      vertex 80 40.5371 4
      vertex 52.8316 42.627 18.8702
      vertex 53.1185 42.5618 18.4064
    endloop
  endfacet
  facet normal -1.11002e-05 -0.990271 0.139154
    outer loop
      vertex 80 40.5371 4
      vertex 53.1185 42.5618 18.4064
      vertex 53.3287 42.4912 17.904
    endloop
  endfacet
  facet normal 7.50571e-05 -0.990248 0.139316
    outer loop
      vertex 80 40.5371 4
      vertex 53.3287 42.4912 17.904
      vertex 53.4569 42.4168 17.3751
    endloop
  endfacet
  facet normal 6.65187e-07 -0.990268 0.139171
    outer loop
      vertex 80 40.5371 4
      vertex 53.4569 42.4168 17.3751
      vertex 53.5 42.3406 16.8329
    endloop
  endfacet
  facet normal 1.25871e-05 -0.990265 0.139195
    outer loop
      vertex 80 40.5371 4
      vertex 53.5 42.3406 16.8329
      vertex 53.4569 42.2644 16.2908
    endloop
  endfacet
  facet normal -2.2992e-05 -0.990276 0.13912
    outer loop
      vertex 80 40.5371 4
      vertex 53.4569 42.2644 16.2908
      vertex 53.3287 42.1901 15.7619
    endloop
  endfacet
  facet normal 3.69036e-05 -0.990275 0.139123
    outer loop
      vertex 41.6791 40.9119 6.66691
      vertex 50 41.8535 13.367
      vertex 41.7 40.9489 6.93027
    endloop
  endfacet
  facet normal -7.98771e-06 -0.990267 0.139178
    outer loop
      vertex 41.6168 40.8758 6.41005
      vertex 50 41.8535 13.367
      vertex 41.6791 40.9119 6.66691
    endloop
  endfacet
  facet normal -1.74755e-06 -0.990268 0.13917
    outer loop
      vertex 50 41.8535 13.367
      vertex 41.6168 40.8758 6.41005
      vertex 50.5475 41.8595 13.4097
    endloop
  endfacet
  facet normal -4.17275e-06 -0.990268 0.139173
    outer loop
      vertex 41.5147 40.8415 6.16599
      vertex 50.5475 41.8595 13.4097
      vertex 41.6168 40.8758 6.41005
    endloop
  endfacet
  facet normal 0.00017394 -0.990299 0.138955
    outer loop
      vertex 50.5475 41.8595 13.4097
      vertex 41.5147 40.8415 6.16599
      vertex 51.0816 41.8774 13.5366
    endloop
  endfacet
  facet normal -0.000283016 -0.990217 0.139537
    outer loop
      vertex 41.3753 40.8098 5.94075
      vertex 51.0816 41.8774 13.5366
      vertex 41.5147 40.8415 6.16599
    endloop
  endfacet
  facet normal -0.000256835 -0.990221 0.139504
    outer loop
      vertex 51.0816 41.8774 13.5366
      vertex 41.3753 40.8098 5.94075
      vertex 51.589 41.9066 13.7448
    endloop
  endfacet
  facet normal 1.38765e-06 -0.990268 0.139173
    outer loop
      vertex 80 40.5371 4
      vertex 51.589 41.9066 13.7448
      vertex 41.3753 40.8098 5.94075
    endloop
  endfacet
  facet normal -5.88434e-06 -0.990288 0.139031
    outer loop
      vertex 80 40.5371 4
      vertex 41.3753 40.8098 5.94075
      vertex 41.2021 40.7816 5.73988
    endloop
  endfacet
  facet normal -2.16332e-06 -0.990277 0.139112
    outer loop
      vertex 80 40.5371 4
      vertex 41.2021 40.7816 5.73988
      vertex 40.9992 40.7575 5.56832
    endloop
  endfacet
  facet normal -8.6146e-07 -0.990268 0.139173
    outer loop
      vertex 52.8316 42.627 18.8702
      vertex 80 40.5371 4
      vertex 80 51.5957 82.6858
    endloop
  endfacet
  facet normal -1.51186e-05 -0.990273 0.139137
    outer loop
      vertex 53.1185 42.1195 15.2594
      vertex 80 40.5371 4
      vertex 53.3287 42.1901 15.7619
    endloop
  endfacet
  facet normal 2.23349e-05 -0.990261 0.139225
    outer loop
      vertex 52.8316 42.0543 14.7957
      vertex 80 40.5371 4
      vertex 53.1185 42.1195 15.2594
    endloop
  endfacet
  facet normal -8.66728e-06 -0.990272 0.139148
    outer loop
      vertex 52.4749 41.9962 14.3822
      vertex 80 40.5371 4
      vertex 52.8316 42.0543 14.7957
    endloop
  endfacet
  facet normal -3.82351e-05 -0.990282 0.139072
    outer loop
      vertex 52.0572 41.9466 14.0289
      vertex 80 40.5371 4
      vertex 52.4749 41.9962 14.3822
    endloop
  endfacet
  facet normal 5.62016e-05 -0.990246 0.13933
    outer loop
      vertex 51.589 41.9066 13.7448
      vertex 80 40.5371 4
      vertex 52.0572 41.9466 14.0289
    endloop
  endfacet
  facet normal 1.0007e-06 -0.990266 0.139189
    outer loop
      vertex 40.7718 40.7381 5.4303
      vertex 80 40.5371 4
      vertex 40.9992 40.7575 5.56832
    endloop
  endfacet
  facet normal -2.48571e-06 -0.990279 0.139096
    outer loop
      vertex 40.5253 40.7239 5.3292
      vertex 80 40.5371 4
      vertex 40.7718 40.7381 5.4303
    endloop
  endfacet
  facet normal 1.63746e-05 -0.990202 0.139645
    outer loop
      vertex 40.2659 40.7152 5.26754
      vertex 80 40.5371 4
      vertex 40.5253 40.7239 5.3292
    endloop
  endfacet
  facet normal -1.37766e-05 -0.990332 0.138718
    outer loop
      vertex 40 40.7123 5.24681
      vertex 80 40.5371 4
      vertex 40.2659 40.7152 5.26754
    endloop
  endfacet
  facet normal 0 -0.990271 0.139152
    outer loop
      vertex 80 40.5371 4
      vertex 40 40.7123 5.24681
      vertex 0 40.5371 4
    endloop
  endfacet
  facet normal -0 0.13917 0.990268
    outer loop
      vertex 0 26.2127 6.98166
      vertex 80 23.0438 7.42701
      vertex 80 26.2127 6.98166
    endloop
  endfacet
  facet normal 0 0.13917 0.990268
    outer loop
      vertex 80 23.0438 7.42701
      vertex 0 26.2127 6.98166
      vertex 0 23.0438 7.42701
    endloop
  endfacet
  facet normal 0.382923 0 0.92378
    outer loop
      vertex 10.2554 68.0848 28.8437
      vertex 10.4221 66.4848 28.7746
      vertex 10.4221 68.0848 28.7746
    endloop
  endfacet
  facet normal 0.382923 0 0.92378
    outer loop
      vertex 10.4221 66.4848 28.7746
      vertex 10.2554 68.0848 28.8437
      vertex 10.2554 66.4848 28.8437
    endloop
  endfacet
  facet normal 0 0 -1
    outer loop
      vertex 10.4263 66.4848 26.65
      vertex 10.2 66.4848 26.65
      vertex 10.4263 68.0848 26.65
    endloop
  endfacet
  facet normal 0 0 -1
    outer loop
      vertex 10.4263 68.0848 26.65
      vertex 10.9213 68.0948 26.65
      vertex 10.9213 68.0848 26.65
    endloop
  endfacet
  facet normal 0 0 -1
    outer loop
      vertex 10.4263 68.0848 26.65
      vertex 10.2 69.264 26.65
      vertex 10.9213 68.0948 26.65
    endloop
  endfacet
  facet normal 0 0 -1
    outer loop
      vertex 10.2 69.264 26.65
      vertex 10.4263 68.0848 26.65
      vertex 10.2 66.4848 26.65
    endloop
  endfacet
  facet normal 0 0 -1
    outer loop
      vertex 9.37366 68.0848 26.65
      vertex 9.6 66.4848 26.65
      vertex 9.37366 66.4848 26.65
    endloop
  endfacet
  facet normal 0 0 -1
    outer loop
      vertex 9.6 66.4848 26.65
      vertex 9.37366 68.0848 26.65
      vertex 9.6 69.264 26.65
    endloop
  endfacet
  facet normal 0 0 -1
    outer loop
      vertex 8.87868 68.0948 26.65
      vertex 9.37366 68.0848 26.65
      vertex 8.87868 68.0848 26.65
    endloop
  endfacet
  facet normal 0 0 -1
    outer loop
      vertex 9.37366 68.0848 26.65
      vertex 8.87868 68.0948 26.65
      vertex 9.6 69.264 26.65
    endloop
  endfacet
  facet normal 0.233439 0 0.972371
    outer loop
      vertex 10.2 68.0848 28.857
      vertex 10.2554 66.4848 28.8437
      vertex 10.2554 68.0848 28.8437
    endloop
  endfacet
  facet normal 0.233439 0 0.972371
    outer loop
      vertex 10.2554 66.4848 28.8437
      vertex 10.2 68.0848 28.857
      vertex 10.2 66.4848 28.857
    endloop
  endfacet
  facet normal 0.92378 -0 0.382923
    outer loop
      vertex 10.9246 66.4848 28.2721
      vertex 10.9937 68.0848 28.1054
      vertex 10.9246 68.0848 28.2721
    endloop
  endfacet
  facet normal 0.92378 0 0.382923
    outer loop
      vertex 10.9937 68.0848 28.1054
      vertex 10.9246 66.4848 28.2721
      vertex 10.9937 66.4848 28.1054
    endloop
  endfacet
  facet normal -0.972375 0 -0.233425
    outer loop
      vertex 8.8063 66.4848 27.3946
      vertex 8.76417 68.0848 27.5701
      vertex 8.8063 68.0848 27.3946
    endloop
  endfacet
  facet normal -0.972375 -0 -0.233425
    outer loop
      vertex 8.76417 68.0848 27.5701
      vertex 8.8063 66.4848 27.3946
      vertex 8.76417 66.4848 27.5701
    endloop
  endfacet
  facet normal 0.852761 0 -0.522302
    outer loop
      vertex 10.9246 66.4848 27.2279
      vertex 10.8304 68.0848 27.0741
      vertex 10.9246 68.0848 27.2279
    endloop
  endfacet
  facet normal 0.852761 0 -0.522302
    outer loop
      vertex 10.8304 68.0848 27.0741
      vertex 10.9246 66.4848 27.2279
      vertex 10.8304 66.4848 27.0741
    endloop
  endfacet
  facet normal 0 -1 0
    outer loop
      vertex 10.2 66.4848 28.857
      vertex 10.4221 66.4848 28.7746
      vertex 10.2554 66.4848 28.8437
    endloop
  endfacet
  facet normal 0 -1 0
    outer loop
      vertex 10.2 66.4848 28.857
      vertex 10.5759 66.4848 28.6804
      vertex 10.4221 66.4848 28.7746
    endloop
  endfacet
  facet normal 0 -1 0
    outer loop
      vertex 10.2 66.4848 28.857
      vertex 10.7132 66.4848 28.5632
      vertex 10.5759 66.4848 28.6804
    endloop
  endfacet
  facet normal 0 -1 0
    outer loop
      vertex 10.2 66.4848 28.857
      vertex 10.8304 66.4848 28.4259
      vertex 10.7132 66.4848 28.5632
    endloop
  endfacet
  facet normal 0 -1 0
    outer loop
      vertex 10.2 66.4848 28.857
      vertex 10.9246 66.4848 28.2721
      vertex 10.8304 66.4848 28.4259
    endloop
  endfacet
  facet normal 0 -1 0
    outer loop
      vertex 10.2 66.4848 28.857
      vertex 10.9937 66.4848 28.1054
      vertex 10.9246 66.4848 28.2721
    endloop
  endfacet
  facet normal 0 -1 0
    outer loop
      vertex 10.2 66.4848 28.857
      vertex 11.0358 66.4848 27.9299
      vertex 10.9937 66.4848 28.1054
    endloop
  endfacet
  facet normal 0 -1 0
    outer loop
      vertex 10.2 66.4848 28.857
      vertex 11.05 66.4848 27.75
      vertex 11.0358 66.4848 27.9299
    endloop
  endfacet
  facet normal 0 -1 0
    outer loop
      vertex 10.2 66.4848 28.857
      vertex 11.0358 66.4848 27.5701
      vertex 11.05 66.4848 27.75
    endloop
  endfacet
  facet normal 0 -1 0
    outer loop
      vertex 10.2 66.4848 28.857
      vertex 10.9937 66.4848 27.3946
      vertex 11.0358 66.4848 27.5701
    endloop
  endfacet
  facet normal 0 -1 0
    outer loop
      vertex 10.2 66.4848 28.857
      vertex 10.9246 66.4848 27.2279
      vertex 10.9937 66.4848 27.3946
    endloop
  endfacet
  facet normal 0 -1 0
    outer loop
      vertex 10.2 66.4848 26.65
      vertex 10.9246 66.4848 27.2279
      vertex 10.2 66.4848 28.857
    endloop
  endfacet
  facet normal 0 -1 0
    outer loop
      vertex 10.9246 66.4848 27.2279
      vertex 10.2 66.4848 26.65
      vertex 10.8304 66.4848 27.0741
    endloop
  endfacet
  facet normal 0 -1 0
    outer loop
      vertex 10.8304 66.4848 27.0741
      vertex 10.2 66.4848 26.65
      vertex 10.7132 66.4848 26.9368
    endloop
  endfacet
  facet normal 0 -1 0
    outer loop
      vertex 10.7132 66.4848 26.9368
      vertex 10.2 66.4848 26.65
      vertex 10.4263 66.4848 26.65
    endloop
  endfacet
  facet normal 0 -1 0
    outer loop
      vertex 9.37792 66.4848 28.7746
      vertex 9.6 66.4848 28.857
      vertex 9.54464 66.4848 28.8437
    endloop
  endfacet
  facet normal 0 -1 0
    outer loop
      vertex 9.22405 66.4848 28.6804
      vertex 9.6 66.4848 28.857
      vertex 9.37792 66.4848 28.7746
    endloop
  endfacet
  facet normal 0 -1 0
    outer loop
      vertex 9.08683 66.4848 28.5632
      vertex 9.6 66.4848 28.857
      vertex 9.22405 66.4848 28.6804
    endloop
  endfacet
  facet normal 0 -1 0
    outer loop
      vertex 8.96964 66.4848 28.4259
      vertex 9.6 66.4848 28.857
      vertex 9.08683 66.4848 28.5632
    endloop
  endfacet
  facet normal 0 -1 0
    outer loop
      vertex 8.87536 66.4848 28.2721
      vertex 9.6 66.4848 28.857
      vertex 8.96964 66.4848 28.4259
    endloop
  endfacet
  facet normal 0 -1 0
    outer loop
      vertex 8.8063 66.4848 28.1054
      vertex 9.6 66.4848 28.857
      vertex 8.87536 66.4848 28.2721
    endloop
  endfacet
  facet normal 0 -1 0
    outer loop
      vertex 8.76417 66.4848 27.9299
      vertex 9.6 66.4848 28.857
      vertex 8.8063 66.4848 28.1054
    endloop
  endfacet
  facet normal 0 -1 0
    outer loop
      vertex 8.75001 66.4848 27.75
      vertex 9.6 66.4848 28.857
      vertex 8.76417 66.4848 27.9299
    endloop
  endfacet
  facet normal 0 -1 0
    outer loop
      vertex 8.76417 66.4848 27.5701
      vertex 9.6 66.4848 28.857
      vertex 8.75001 66.4848 27.75
    endloop
  endfacet
  facet normal 0 -1 0
    outer loop
      vertex 8.8063 66.4848 27.3946
      vertex 9.6 66.4848 28.857
      vertex 8.76417 66.4848 27.5701
    endloop
  endfacet
  facet normal 0 -1 0
    outer loop
      vertex 8.87536 66.4848 27.2279
      vertex 9.6 66.4848 28.857
      vertex 8.8063 66.4848 27.3946
    endloop
  endfacet
  facet normal 0 -1 0
    outer loop
      vertex 9.6 66.4848 26.65
      vertex 8.87536 66.4848 27.2279
      vertex 8.96964 66.4848 27.0741
    endloop
  endfacet
  facet normal 0 -1 0
    outer loop
      vertex 9.6 66.4848 26.65
      vertex 8.96964 66.4848 27.0741
      vertex 9.08683 66.4848 26.9368
    endloop
  endfacet
  facet normal 0 -1 0
    outer loop
      vertex 9.6 66.4848 26.65
      vertex 9.08683 66.4848 26.9368
      vertex 9.37366 66.4848 26.65
    endloop
  endfacet
  facet normal 0 -1 0
    outer loop
      vertex 8.87536 66.4848 27.2279
      vertex 9.6 66.4848 26.65
      vertex 9.6 66.4848 28.857
    endloop
  endfacet
  facet normal 0.706984 0 -0.70723
    outer loop
      vertex 10.4263 66.4848 26.65
      vertex 10.7132 68.0848 26.9368
      vertex 10.7132 66.4848 26.9368
    endloop
  endfacet
  facet normal 0.706984 0 -0.70723
    outer loop
      vertex 10.7132 68.0848 26.9368
      vertex 10.4263 66.4848 26.65
      vertex 10.4263 68.0848 26.65
    endloop
  endfacet
  facet normal -0.70707 0 -0.707144
    outer loop
      vertex 9.08683 66.4848 26.9368
      vertex 9.37366 68.0848 26.65
      vertex 9.37366 66.4848 26.65
    endloop
  endfacet
  facet normal -0.70707 0 -0.707144
    outer loop
      vertex 9.37366 68.0848 26.65
      vertex 9.08683 66.4848 26.9368
      vertex 9.08683 68.0848 26.9368
    endloop
  endfacet
  facet normal -0.996917 0 -0.0784677
    outer loop
      vertex 8.76417 66.4848 27.5701
      vertex 8.75001 68.0848 27.75
      vertex 8.76417 68.0848 27.5701
    endloop
  endfacet
  facet normal -0.996917 -0 -0.0784677
    outer loop
      vertex 8.75001 68.0848 27.75
      vertex 8.76417 66.4848 27.5701
      vertex 8.75001 66.4848 27.75
    endloop
  endfacet
  facet normal -0.996917 0 0.0784677
    outer loop
      vertex 8.75001 66.4848 27.75
      vertex 8.76417 68.0848 27.9299
      vertex 8.75001 68.0848 27.75
    endloop
  endfacet
  facet normal -0.996917 0 0.0784677
    outer loop
      vertex 8.76417 68.0848 27.9299
      vertex 8.75001 66.4848 27.75
      vertex 8.76417 66.4848 27.9299
    endloop
  endfacet
  facet normal -0.972375 0 0.233425
    outer loop
      vertex 8.76417 66.4848 27.9299
      vertex 8.8063 68.0848 28.1054
      vertex 8.76417 68.0848 27.9299
    endloop
  endfacet
  facet normal -0.972375 0 0.233425
    outer loop
      vertex 8.8063 68.0848 28.1054
      vertex 8.76417 66.4848 27.9299
      vertex 8.8063 66.4848 28.1054
    endloop
  endfacet
  facet normal -0.923859 0 0.382734
    outer loop
      vertex 8.8063 66.4848 28.1054
      vertex 8.87536 68.0848 28.2721
      vertex 8.8063 68.0848 28.1054
    endloop
  endfacet
  facet normal -0.923859 0 0.382734
    outer loop
      vertex 8.87536 68.0848 28.2721
      vertex 8.8063 66.4848 28.1054
      vertex 8.87536 66.4848 28.2721
    endloop
  endfacet
  facet normal -0.852563 0 0.522624
    outer loop
      vertex 8.87536 66.4848 28.2721
      vertex 8.96964 68.0848 28.4259
      vertex 8.87536 68.0848 28.2721
    endloop
  endfacet
  facet normal -0.852563 0 0.522624
    outer loop
      vertex 8.96964 68.0848 28.4259
      vertex 8.87536 66.4848 28.2721
      vertex 8.96964 66.4848 28.4259
    endloop
  endfacet
  facet normal -0.760612 0 0.649207
    outer loop
      vertex 8.96964 66.4848 28.4259
      vertex 9.08683 68.0848 28.5632
      vertex 8.96964 68.0848 28.4259
    endloop
  endfacet
  facet normal -0.760612 0 0.649207
    outer loop
      vertex 9.08683 68.0848 28.5632
      vertex 8.96964 66.4848 28.4259
      vertex 9.08683 66.4848 28.5632
    endloop
  endfacet
  facet normal -0.522129 0 0.852866
    outer loop
      vertex 9.22405 68.0848 28.6804
      vertex 9.37792 66.4848 28.7746
      vertex 9.37792 68.0848 28.7746
    endloop
  endfacet
  facet normal -0.522129 0 0.852866
    outer loop
      vertex 9.37792 66.4848 28.7746
      vertex 9.22405 68.0848 28.6804
      vertex 9.22405 66.4848 28.6804
    endloop
  endfacet
  facet normal 0.760585 0 -0.649239
    outer loop
      vertex 10.8304 66.4848 27.0741
      vertex 10.7132 68.0848 26.9368
      vertex 10.8304 68.0848 27.0741
    endloop
  endfacet
  facet normal 0.760585 0 -0.649239
    outer loop
      vertex 10.7132 68.0848 26.9368
      vertex 10.8304 66.4848 27.0741
      vertex 10.7132 66.4848 26.9368
    endloop
  endfacet
  facet normal 0.760585 -0 0.649239
    outer loop
      vertex 10.7132 66.4848 28.5632
      vertex 10.8304 68.0848 28.4259
      vertex 10.7132 68.0848 28.5632
    endloop
  endfacet
  facet normal 0.760585 0 0.649239
    outer loop
      vertex 10.8304 68.0848 28.4259
      vertex 10.7132 66.4848 28.5632
      vertex 10.8304 66.4848 28.4259
    endloop
  endfacet
  facet normal 0.522302 0 0.852761
    outer loop
      vertex 10.4221 68.0848 28.7746
      vertex 10.5759 66.4848 28.6804
      vertex 10.5759 68.0848 28.6804
    endloop
  endfacet
  facet normal 0.522302 0 0.852761
    outer loop
      vertex 10.5759 66.4848 28.6804
      vertex 10.4221 68.0848 28.7746
      vertex 10.4221 66.4848 28.7746
    endloop
  endfacet
  facet normal 0.972412 -0 0.233268
    outer loop
      vertex 10.9937 66.4848 28.1054
      vertex 11.0358 68.0848 27.9299
      vertex 10.9937 68.0848 28.1054
    endloop
  endfacet
  facet normal 0.972412 0 0.233268
    outer loop
      vertex 11.0358 68.0848 27.9299
      vertex 10.9937 66.4848 28.1054
      vertex 11.0358 66.4848 27.9299
    endloop
  endfacet
  facet normal 0.92378 0 -0.382923
    outer loop
      vertex 10.9937 66.4848 27.3946
      vertex 10.9246 68.0848 27.2279
      vertex 10.9937 68.0848 27.3946
    endloop
  endfacet
  facet normal 0.92378 0 -0.382923
    outer loop
      vertex 10.9246 68.0848 27.2279
      vertex 10.9937 66.4848 27.3946
      vertex 10.9246 66.4848 27.2279
    endloop
  endfacet
  facet normal -0.923859 0 -0.382734
    outer loop
      vertex 8.87536 66.4848 27.2279
      vertex 8.8063 68.0848 27.3946
      vertex 8.87536 68.0848 27.2279
    endloop
  endfacet
  facet normal -0.923859 -0 -0.382734
    outer loop
      vertex 8.8063 68.0848 27.3946
      vertex 8.87536 66.4848 27.2279
      vertex 8.8063 66.4848 27.3946
    endloop
  endfacet
  facet normal -0.852563 0 -0.522624
    outer loop
      vertex 8.96964 66.4848 27.0741
      vertex 8.87536 68.0848 27.2279
      vertex 8.96964 68.0848 27.0741
    endloop
  endfacet
  facet normal -0.852563 -0 -0.522624
    outer loop
      vertex 8.87536 68.0848 27.2279
      vertex 8.96964 66.4848 27.0741
      vertex 8.87536 66.4848 27.2279
    endloop
  endfacet
  facet normal -0.760612 0 -0.649207
    outer loop
      vertex 9.08683 66.4848 26.9368
      vertex 8.96964 68.0848 27.0741
      vertex 9.08683 68.0848 26.9368
    endloop
  endfacet
  facet normal -0.760612 -0 -0.649207
    outer loop
      vertex 8.96964 68.0848 27.0741
      vertex 9.08683 66.4848 26.9368
      vertex 8.96964 66.4848 27.0741
    endloop
  endfacet
  facet normal 0 -1 0
    outer loop
      vertex 10.2 68.0848 28.857
      vertex 10.3635 68.0848 29.1766
      vertex 10.2 68.0848 29.2158
    endloop
  endfacet
  facet normal 0 -1 -0
    outer loop
      vertex 10.3635 68.0848 29.1766
      vertex 10.2554 68.0848 28.8437
      vertex 10.581 68.0848 29.0865
    endloop
  endfacet
  facet normal 0 -1 0
    outer loop
      vertex 10.3635 68.0848 29.1766
      vertex 10.2 68.0848 28.857
      vertex 10.2554 68.0848 28.8437
    endloop
  endfacet
  facet normal 0 -1 0
    outer loop
      vertex 10.581 68.0848 29.0865
      vertex 10.2554 68.0848 28.8437
      vertex 10.4221 68.0848 28.7746
    endloop
  endfacet
  facet normal 0 -1 -0
    outer loop
      vertex 10.581 68.0848 29.0865
      vertex 10.4221 68.0848 28.7746
      vertex 10.7817 68.0848 28.9635
    endloop
  endfacet
  facet normal 0 -1 0
    outer loop
      vertex 10.5759 68.0848 28.6804
      vertex 10.7817 68.0848 28.9635
      vertex 10.4221 68.0848 28.7746
    endloop
  endfacet
  facet normal 0 -1 -0
    outer loop
      vertex 10.7817 68.0848 28.9635
      vertex 10.5759 68.0848 28.6804
      vertex 10.9607 68.0848 28.8107
    endloop
  endfacet
  facet normal 0 -1 0
    outer loop
      vertex 10.7132 68.0848 28.5632
      vertex 10.9607 68.0848 28.8107
      vertex 10.5759 68.0848 28.6804
    endloop
  endfacet
  facet normal 0 -1 -0
    outer loop
      vertex 10.9607 68.0848 28.8107
      vertex 10.7132 68.0848 28.5632
      vertex 11.1135 68.0848 28.6317
    endloop
  endfacet
  facet normal 0 -1 0
    outer loop
      vertex 10.8304 68.0848 28.4259
      vertex 11.1135 68.0848 28.6317
      vertex 10.7132 68.0848 28.5632
    endloop
  endfacet
  facet normal 0 -1 -0
    outer loop
      vertex 11.1135 68.0848 28.6317
      vertex 10.8304 68.0848 28.4259
      vertex 11.2365 68.0848 28.431
    endloop
  endfacet
  facet normal 0 -1 0
    outer loop
      vertex 10.9246 68.0848 28.2721
      vertex 11.2365 68.0848 28.431
      vertex 10.8304 68.0848 28.4259
    endloop
  endfacet
  facet normal 0 -1 0
    outer loop
      vertex 10.9246 68.0848 28.2721
      vertex 11.3266 68.0848 28.2135
      vertex 11.2365 68.0848 28.431
    endloop
  endfacet
  facet normal 0 -1 0
    outer loop
      vertex 10.9937 68.0848 28.1054
      vertex 11.3266 68.0848 28.2135
      vertex 10.9246 68.0848 28.2721
    endloop
  endfacet
  facet normal 0 -1 0
    outer loop
      vertex 10.9937 68.0848 28.1054
      vertex 11.3815 68.0848 27.9846
      vertex 11.3266 68.0848 28.2135
    endloop
  endfacet
  facet normal 0 -1 0
    outer loop
      vertex 11.0358 68.0848 27.9299
      vertex 11.3815 68.0848 27.9846
      vertex 10.9937 68.0848 28.1054
    endloop
  endfacet
  facet normal 0 -1 0
    outer loop
      vertex 11.05 68.0848 27.75
      vertex 11.3815 68.0848 27.9846
      vertex 11.0358 68.0848 27.9299
    endloop
  endfacet
  facet normal 0 -1 0
    outer loop
      vertex 11.05 68.0848 27.75
      vertex 11.4 68.0848 27.75
      vertex 11.3815 68.0848 27.9846
    endloop
  endfacet
  facet normal 0 -1 0
    outer loop
      vertex 11.0358 68.0848 27.5701
      vertex 11.4 68.0848 27.75
      vertex 11.05 68.0848 27.75
    endloop
  endfacet
  facet normal 0 -1 0
    outer loop
      vertex 11.0358 68.0848 27.5701
      vertex 11.3815 68.0848 27.5154
      vertex 11.4 68.0848 27.75
    endloop
  endfacet
  facet normal 0 -1 0
    outer loop
      vertex 10.9937 68.0848 27.3946
      vertex 11.3815 68.0848 27.5154
      vertex 11.0358 68.0848 27.5701
    endloop
  endfacet
  facet normal 0 -1 0
    outer loop
      vertex 10.9937 68.0848 27.3946
      vertex 11.3266 68.0848 27.2865
      vertex 11.3815 68.0848 27.5154
    endloop
  endfacet
  facet normal 0 -1 0
    outer loop
      vertex 10.9246 68.0848 27.2279
      vertex 11.3266 68.0848 27.2865
      vertex 10.9937 68.0848 27.3946
    endloop
  endfacet
  facet normal 0 -1 0
    outer loop
      vertex 11.2365 68.0848 27.069
      vertex 10.9246 68.0848 27.2279
      vertex 10.8304 68.0848 27.0741
    endloop
  endfacet
  facet normal 0 -1 0
    outer loop
      vertex 10.9246 68.0848 27.2279
      vertex 11.2365 68.0848 27.069
      vertex 11.3266 68.0848 27.2865
    endloop
  endfacet
  facet normal 0 -1 0
    outer loop
      vertex 11.1135 68.0848 26.8683
      vertex 10.8304 68.0848 27.0741
      vertex 10.7132 68.0848 26.9368
    endloop
  endfacet
  facet normal 0 -1 0
    outer loop
      vertex 10.8304 68.0848 27.0741
      vertex 11.1135 68.0848 26.8683
      vertex 11.2365 68.0848 27.069
    endloop
  endfacet
  facet normal 0 -1 0
    outer loop
      vertex 10.7132 68.0848 26.9368
      vertex 10.9607 68.0848 26.6893
      vertex 11.1135 68.0848 26.8683
    endloop
  endfacet
  facet normal 0 -1 0
    outer loop
      vertex 10.9213 68.0848 26.65
      vertex 10.7132 68.0848 26.9368
      vertex 10.4263 68.0848 26.65
    endloop
  endfacet
  facet normal 0 -1 0
    outer loop
      vertex 10.7132 68.0848 26.9368
      vertex 10.9213 68.0848 26.65
      vertex 10.9607 68.0848 26.6893
    endloop
  endfacet
  facet normal 0 -1 0
    outer loop
      vertex 9.54464 68.0848 28.8437
      vertex 9.43648 68.0848 29.1766
      vertex 9.21902 68.0848 29.0865
    endloop
  endfacet
  facet normal 0 -1 0
    outer loop
      vertex 9.37792 68.0848 28.7746
      vertex 9.21902 68.0848 29.0865
      vertex 9.01833 68.0848 28.9635
    endloop
  endfacet
  facet normal -0 -1 0
    outer loop
      vertex 9.54464 68.0848 28.8437
      vertex 9.21902 68.0848 29.0865
      vertex 9.37792 68.0848 28.7746
    endloop
  endfacet
  facet normal 0 -1 0
    outer loop
      vertex 9.43648 68.0848 29.1766
      vertex 9.6 68.0848 28.857
      vertex 9.6 68.0848 29.2158
    endloop
  endfacet
  facet normal 0 -1 0
    outer loop
      vertex 9.22405 68.0848 28.6804
      vertex 9.01833 68.0848 28.9635
      vertex 8.83935 68.0848 28.8107
    endloop
  endfacet
  facet normal -0 -1 0
    outer loop
      vertex 9.6 68.0848 28.857
      vertex 9.43648 68.0848 29.1766
      vertex 9.54464 68.0848 28.8437
    endloop
  endfacet
  facet normal 0 -1 0
    outer loop
      vertex 9.01833 68.0848 28.9635
      vertex 9.22405 68.0848 28.6804
      vertex 9.37792 68.0848 28.7746
    endloop
  endfacet
  facet normal 0 -1 0
    outer loop
      vertex 9.08683 68.0848 28.5632
      vertex 8.83935 68.0848 28.8107
      vertex 8.68648 68.0848 28.6317
    endloop
  endfacet
  facet normal 0 -1 0
    outer loop
      vertex 8.83935 68.0848 28.8107
      vertex 9.08683 68.0848 28.5632
      vertex 9.22405 68.0848 28.6804
    endloop
  endfacet
  facet normal 0 -1 0
    outer loop
      vertex 8.96964 68.0848 28.4259
      vertex 8.68648 68.0848 28.6317
      vertex 8.5635 68.0848 28.431
    endloop
  endfacet
  facet normal 0 -1 0
    outer loop
      vertex 8.68648 68.0848 28.6317
      vertex 8.96964 68.0848 28.4259
      vertex 9.08683 68.0848 28.5632
    endloop
  endfacet
  facet normal 0 -1 0
    outer loop
      vertex 8.5635 68.0848 28.431
      vertex 8.87536 68.0848 28.2721
      vertex 8.96964 68.0848 28.4259
    endloop
  endfacet
  facet normal 0 -1 0
    outer loop
      vertex 8.47342 68.0848 28.2135
      vertex 8.87536 68.0848 28.2721
      vertex 8.5635 68.0848 28.431
    endloop
  endfacet
  facet normal 0 -1 0
    outer loop
      vertex 8.47342 68.0848 28.2135
      vertex 8.8063 68.0848 28.1054
      vertex 8.87536 68.0848 28.2721
    endloop
  endfacet
  facet normal 0 -1 0
    outer loop
      vertex 8.41848 68.0848 27.9846
      vertex 8.8063 68.0848 28.1054
      vertex 8.47342 68.0848 28.2135
    endloop
  endfacet
  facet normal 0 -1 0
    outer loop
      vertex 8.41848 68.0848 27.9846
      vertex 8.76417 68.0848 27.9299
      vertex 8.8063 68.0848 28.1054
    endloop
  endfacet
  facet normal 0 -1 0
    outer loop
      vertex 8.4 68.0848 27.75
      vertex 8.76417 68.0848 27.9299
      vertex 8.41848 68.0848 27.9846
    endloop
  endfacet
  facet normal 0 -1 0
    outer loop
      vertex 8.4 68.0848 27.75
      vertex 8.75001 68.0848 27.75
      vertex 8.76417 68.0848 27.9299
    endloop
  endfacet
  facet normal 0 -1 0
    outer loop
      vertex 8.4 68.0848 27.75
      vertex 8.76417 68.0848 27.5701
      vertex 8.75001 68.0848 27.75
    endloop
  endfacet
  facet normal 0 -1 0
    outer loop
      vertex 8.41848 68.0848 27.5154
      vertex 8.76417 68.0848 27.5701
      vertex 8.4 68.0848 27.75
    endloop
  endfacet
  facet normal 0 -1 0
    outer loop
      vertex 8.41848 68.0848 27.5154
      vertex 8.8063 68.0848 27.3946
      vertex 8.76417 68.0848 27.5701
    endloop
  endfacet
  facet normal 0 -1 0
    outer loop
      vertex 8.47342 68.0848 27.2865
      vertex 8.8063 68.0848 27.3946
      vertex 8.41848 68.0848 27.5154
    endloop
  endfacet
  facet normal 0 -1 0
    outer loop
      vertex 8.47342 68.0848 27.2865
      vertex 8.87536 68.0848 27.2279
      vertex 8.8063 68.0848 27.3946
    endloop
  endfacet
  facet normal 0 -1 0
    outer loop
      vertex 8.5635 68.0848 27.069
      vertex 8.87536 68.0848 27.2279
      vertex 8.47342 68.0848 27.2865
    endloop
  endfacet
  facet normal 0 -1 -0
    outer loop
      vertex 8.87536 68.0848 27.2279
      vertex 8.5635 68.0848 27.069
      vertex 8.96964 68.0848 27.0741
    endloop
  endfacet
  facet normal 0 -1 0
    outer loop
      vertex 8.68648 68.0848 26.8683
      vertex 8.96964 68.0848 27.0741
      vertex 8.5635 68.0848 27.069
    endloop
  endfacet
  facet normal 0 -1 -0
    outer loop
      vertex 8.96964 68.0848 27.0741
      vertex 8.68648 68.0848 26.8683
      vertex 9.08683 68.0848 26.9368
    endloop
  endfacet
  facet normal 0 -1 0
    outer loop
      vertex 8.83935 68.0848 26.6893
      vertex 9.08683 68.0848 26.9368
      vertex 8.68648 68.0848 26.8683
    endloop
  endfacet
  facet normal 0 -1 0
    outer loop
      vertex 8.87868 68.0848 26.65
      vertex 9.08683 68.0848 26.9368
      vertex 8.83935 68.0848 26.6893
    endloop
  endfacet
  facet normal 0 -1 -0
    outer loop
      vertex 9.08683 68.0848 26.9368
      vertex 8.87868 68.0848 26.65
      vertex 9.37366 68.0848 26.65
    endloop
  endfacet
  facet normal -0.233599 0 0.972333
    outer loop
      vertex 9.54464 68.0848 28.8437
      vertex 9.6 66.4848 28.857
      vertex 9.6 68.0848 28.857
    endloop
  endfacet
  facet normal -0.233599 0 0.972333
    outer loop
      vertex 9.6 66.4848 28.857
      vertex 9.54464 68.0848 28.8437
      vertex 9.54464 66.4848 28.8437
    endloop
  endfacet
  facet normal -0.649458 0 0.760398
    outer loop
      vertex 9.08683 68.0848 28.5632
      vertex 9.22405 66.4848 28.6804
      vertex 9.22405 68.0848 28.6804
    endloop
  endfacet
  facet normal -0.649458 0 0.760398
    outer loop
      vertex 9.22405 66.4848 28.6804
      vertex 9.08683 68.0848 28.5632
      vertex 9.08683 66.4848 28.5632
    endloop
  endfacet
  facet normal -0.382884 0 0.923797
    outer loop
      vertex 9.37792 68.0848 28.7746
      vertex 9.54464 66.4848 28.8437
      vertex 9.54464 68.0848 28.8437
    endloop
  endfacet
  facet normal -0.382884 0 0.923797
    outer loop
      vertex 9.54464 66.4848 28.8437
      vertex 9.37792 68.0848 28.7746
      vertex 9.37792 66.4848 28.7746
    endloop
  endfacet
  facet normal 0.852761 -0 0.522302
    outer loop
      vertex 10.8304 66.4848 28.4259
      vertex 10.9246 68.0848 28.2721
      vertex 10.8304 68.0848 28.4259
    endloop
  endfacet
  facet normal 0.852761 0 0.522302
    outer loop
      vertex 10.9246 68.0848 28.2721
      vertex 10.8304 66.4848 28.4259
      vertex 10.9246 66.4848 28.2721
    endloop
  endfacet
  facet normal 0.649239 0 0.760585
    outer loop
      vertex 10.5759 68.0848 28.6804
      vertex 10.7132 66.4848 28.5632
      vertex 10.7132 68.0848 28.5632
    endloop
  endfacet
  facet normal 0.649239 0 0.760585
    outer loop
      vertex 10.7132 66.4848 28.5632
      vertex 10.5759 68.0848 28.6804
      vertex 10.5759 66.4848 28.6804
    endloop
  endfacet
  facet normal 0.996899 -0 0.078688
    outer loop
      vertex 11.0358 66.4848 27.9299
      vertex 11.05 68.0848 27.75
      vertex 11.0358 68.0848 27.9299
    endloop
  endfacet
  facet normal 0.996899 0 0.078688
    outer loop
      vertex 11.05 68.0848 27.75
      vertex 11.0358 66.4848 27.9299
      vertex 11.05 66.4848 27.75
    endloop
  endfacet
  facet normal 0.972412 0 -0.233268
    outer loop
      vertex 11.0358 66.4848 27.5701
      vertex 10.9937 68.0848 27.3946
      vertex 11.0358 68.0848 27.5701
    endloop
  endfacet
  facet normal 0.972412 0 -0.233268
    outer loop
      vertex 10.9937 68.0848 27.3946
      vertex 11.0358 66.4848 27.5701
      vertex 10.9937 66.4848 27.3946
    endloop
  endfacet
  facet normal 0.996899 0 -0.078688
    outer loop
      vertex 11.05 66.4848 27.75
      vertex 11.0358 68.0848 27.5701
      vertex 11.05 68.0848 27.75
    endloop
  endfacet
  facet normal 0.996899 0 -0.078688
    outer loop
      vertex 11.0358 68.0848 27.5701
      vertex 11.05 66.4848 27.75
      vertex 11.0358 66.4848 27.5701
    endloop
  endfacet
  facet normal 0.350239 0.398889 0.847479
    outer loop
      vertex 10.2 69.4518 28.6055
      vertex 10.2859 69.5848 28.5074
      vertex 10.2 69.5848 28.5429
    endloop
  endfacet
  facet normal 0.350403 0.398773 0.847466
    outer loop
      vertex 10.2859 69.5848 28.5074
      vertex 10.2 69.4518 28.6055
      vertex 10.581 68.0948 29.0865
    endloop
  endfacet
  facet normal -0.891689 0.398804 -0.214115
    outer loop
      vertex 9.0916 69.5848 27.4874
      vertex 8.41848 68.0948 27.5154
      vertex 9.06048 69.5848 27.617
    endloop
  endfacet
  facet normal 0.522532 0 0.85262
    outer loop
      vertex 10.581 68.0948 29.0865
      vertex 10.7817 68.0848 28.9635
      vertex 10.7817 68.0948 28.9635
    endloop
  endfacet
  facet normal 0.522532 0 0.85262
    outer loop
      vertex 10.7817 68.0848 28.9635
      vertex 10.581 68.0948 29.0865
      vertex 10.581 68.0848 29.0865
    endloop
  endfacet
  facet normal 0.479184 0.398791 0.781888
    outer loop
      vertex 10.7817 68.0948 28.9635
      vertex 10.2859 69.5848 28.5074
      vertex 10.581 68.0948 29.0865
    endloop
  endfacet
  facet normal 0.781888 0.398791 0.479184
    outer loop
      vertex 11.2365 68.0948 28.431
      vertex 10.6574 69.5848 28.1359
      vertex 11.1135 68.0948 28.6317
    endloop
  endfacet
  facet normal 0.595926 0.398887 0.696965
    outer loop
      vertex 10.501 69.5848 28.351
      vertex 10.3996 69.5848 28.4377
      vertex 10.9607 68.0948 28.8107
    endloop
  endfacet
  facet normal -0.847311 0.398803 -0.350744
    outer loop
      vertex 9.14264 69.5848 27.3641
      vertex 8.5635 68.0948 27.069
      vertex 9.0916 69.5848 27.4874
    endloop
  endfacet
  facet normal 0.382714 0 0.923867
    outer loop
      vertex 10.3635 68.0948 29.1766
      vertex 10.581 68.0848 29.0865
      vertex 10.581 68.0948 29.0865
    endloop
  endfacet
  facet normal 0.382714 0 0.923867
    outer loop
      vertex 10.581 68.0848 29.0865
      vertex 10.3635 68.0948 29.1766
      vertex 10.3635 68.0848 29.1766
    endloop
  endfacet
  facet normal 0.3503 0.398761 0.847514
    outer loop
      vertex 10.2 69.3077 28.6733
      vertex 10.581 68.0948 29.0865
      vertex 10.2 69.4518 28.6055
    endloop
  endfacet
  facet normal 0.350954 0.398858 0.847197
    outer loop
      vertex 10.581 68.0948 29.0865
      vertex 10.2 69.3077 28.6733
      vertex 10.3635 68.0948 29.1766
    endloop
  endfacet
  facet normal -0.35105 0.398868 0.847153
    outer loop
      vertex 9.21902 68.0948 29.0865
      vertex 9.6 69.3077 28.6733
      vertex 9.6 69.4517 28.6055
    endloop
  endfacet
  facet normal -0.351008 0.398862 0.847173
    outer loop
      vertex 9.6 69.3077 28.6733
      vertex 9.21902 68.0948 29.0865
      vertex 9.43648 68.0948 29.1766
    endloop
  endfacet
  facet normal -0.891707 0.398814 0.214025
    outer loop
      vertex 9.0916 69.5848 28.0126
      vertex 8.41848 68.0948 27.9846
      vertex 8.47342 68.0948 28.2135
    endloop
  endfacet
  facet normal 0.781888 0.398791 -0.479184
    outer loop
      vertex 11.1135 68.0948 26.8683
      vertex 10.6574 69.5848 27.3641
      vertex 11.2365 68.0948 27.069
    endloop
  endfacet
  facet normal 0.706208 0 -0.708005
    outer loop
      vertex 10.9607 68.0848 26.6893
      vertex 10.9213 68.0948 26.65
      vertex 10.9607 68.0948 26.6893
    endloop
  endfacet
  facet normal 0.706208 0 -0.708005
    outer loop
      vertex 10.9213 68.0948 26.65
      vertex 10.9607 68.0848 26.6893
      vertex 10.9213 68.0848 26.65
    endloop
  endfacet
  facet normal 0.923867 -0 0.382714
    outer loop
      vertex 11.2365 68.0848 28.431
      vertex 11.3266 68.0948 28.2135
      vertex 11.2365 68.0948 28.431
    endloop
  endfacet
  facet normal 0.923867 0 0.382714
    outer loop
      vertex 11.3266 68.0948 28.2135
      vertex 11.2365 68.0848 28.431
      vertex 11.3266 68.0848 28.2135
    endloop
  endfacet
  facet normal 0.648263 0.399738 -0.648047
    outer loop
      vertex 10.501 69.5848 27.149
      vertex 10.2 69.2771 26.6581
      vertex 10.2 69.5848 26.8479
    endloop
  endfacet
  facet normal 0.64813 0.399909 -0.648074
    outer loop
      vertex 10.2 69.2771 26.6581
      vertex 10.501 69.5848 27.149
      vertex 10.9607 68.0948 26.6893
    endloop
  endfacet
  facet normal 0.2138 0.398854 0.891743
    outer loop
      vertex 10.2 69.3077 28.6733
      vertex 10.2 68.0948 29.2158
      vertex 10.3635 68.0948 29.1766
    endloop
  endfacet
  facet normal -0.350352 0.398625 0.847556
    outer loop
      vertex 9.51412 69.5848 28.5074
      vertex 9.6 69.4517 28.6055
      vertex 9.6 69.5848 28.5429
    endloop
  endfacet
  facet normal -0.350154 0.398765 0.847572
    outer loop
      vertex 9.6 69.4517 28.6055
      vertex 9.51412 69.5848 28.5074
      vertex 9.21902 68.0948 29.0865
    endloop
  endfacet
  facet normal -0.595833 0.398857 0.697063
    outer loop
      vertex 9.29897 69.5848 28.351
      vertex 8.83935 68.0948 28.8107
      vertex 9.4004 69.5848 28.4377
    endloop
  endfacet
  facet normal -0.781785 0.398835 0.479316
    outer loop
      vertex 9.14264 69.5848 28.1359
      vertex 8.68648 68.0948 28.6317
      vertex 9.21235 69.5848 28.2496
    endloop
  endfacet
  facet normal -0.697331 0.398832 0.595536
    outer loop
      vertex 9.21235 69.5848 28.2496
      vertex 8.68648 68.0948 28.6317
      vertex 8.83935 68.0948 28.8107
    endloop
  endfacet
  facet normal -0.479201 0.39879 0.781877
    outer loop
      vertex 9.51412 69.5848 28.5074
      vertex 9.01833 68.0948 28.9635
      vertex 9.21902 68.0948 29.0865
    endloop
  endfacet
  facet normal -0.9142 0.398814 0.0720137
    outer loop
      vertex 9.06048 69.5848 27.883
      vertex 8.4 68.0948 27.75
      vertex 8.41848 68.0948 27.9846
    endloop
  endfacet
  facet normal -0.891689 0.398804 0.214115
    outer loop
      vertex 9.06048 69.5848 27.883
      vertex 8.41848 68.0948 27.9846
      vertex 9.0916 69.5848 28.0126
    endloop
  endfacet
  facet normal 0 1 0
    outer loop
      vertex 9.6 69.5848 28.5429
      vertex 9.4004 69.5848 28.4377
      vertex 9.51412 69.5848 28.5074
    endloop
  endfacet
  facet normal 0 1 0
    outer loop
      vertex 9.6 69.5848 28.5429
      vertex 9.29897 69.5848 28.351
      vertex 9.4004 69.5848 28.4377
    endloop
  endfacet
  facet normal 0 1 0
    outer loop
      vertex 9.6 69.5848 28.5429
      vertex 9.21235 69.5848 28.2496
      vertex 9.29897 69.5848 28.351
    endloop
  endfacet
  facet normal 0 1 0
    outer loop
      vertex 9.6 69.5848 28.5429
      vertex 9.14264 69.5848 28.1359
      vertex 9.21235 69.5848 28.2496
    endloop
  endfacet
  facet normal 0 1 0
    outer loop
      vertex 9.6 69.5848 28.5429
      vertex 9.0916 69.5848 28.0126
      vertex 9.14264 69.5848 28.1359
    endloop
  endfacet
  facet normal 0 1 0
    outer loop
      vertex 9.6 69.5848 28.5429
      vertex 9.06048 69.5848 27.883
      vertex 9.0916 69.5848 28.0126
    endloop
  endfacet
  facet normal 0 1 0
    outer loop
      vertex 9.6 69.5848 28.5429
      vertex 9.05001 69.5848 27.75
      vertex 9.06048 69.5848 27.883
    endloop
  endfacet
  facet normal 0 1 0
    outer loop
      vertex 9.6 69.5848 28.5429
      vertex 9.06048 69.5848 27.617
      vertex 9.05001 69.5848 27.75
    endloop
  endfacet
  facet normal 0 1 0
    outer loop
      vertex 9.6 69.5848 28.5429
      vertex 9.0916 69.5848 27.4874
      vertex 9.06048 69.5848 27.617
    endloop
  endfacet
  facet normal 0 1 0
    outer loop
      vertex 9.6 69.5848 28.5429
      vertex 9.14264 69.5848 27.3641
      vertex 9.0916 69.5848 27.4874
    endloop
  endfacet
  facet normal 0 1 0
    outer loop
      vertex 9.6 69.5848 28.5429
      vertex 9.21235 69.5848 27.2504
      vertex 9.14264 69.5848 27.3641
    endloop
  endfacet
  facet normal 0 1 0
    outer loop
      vertex 9.6 69.5848 28.5429
      vertex 9.29897 69.5848 27.149
      vertex 9.21235 69.5848 27.2504
    endloop
  endfacet
  facet normal -0 1 0
    outer loop
      vertex 9.29897 69.5848 27.149
      vertex 9.6 69.5848 28.5429
      vertex 9.6 69.5848 26.8479
    endloop
  endfacet
  facet normal 0 1 0
    outer loop
      vertex 10.3996 69.5848 28.4377
      vertex 10.2 69.5848 28.5429
      vertex 10.2859 69.5848 28.5074
    endloop
  endfacet
  facet normal 0 1 0
    outer loop
      vertex 10.501 69.5848 28.351
      vertex 10.2 69.5848 28.5429
      vertex 10.3996 69.5848 28.4377
    endloop
  endfacet
  facet normal 0 1 0
    outer loop
      vertex 10.5877 69.5848 28.2496
      vertex 10.2 69.5848 28.5429
      vertex 10.501 69.5848 28.351
    endloop
  endfacet
  facet normal 0 1 0
    outer loop
      vertex 10.6574 69.5848 28.1359
      vertex 10.2 69.5848 28.5429
      vertex 10.5877 69.5848 28.2496
    endloop
  endfacet
  facet normal 0 1 0
    outer loop
      vertex 10.7084 69.5848 28.0126
      vertex 10.2 69.5848 28.5429
      vertex 10.6574 69.5848 28.1359
    endloop
  endfacet
  facet normal 0 1 0
    outer loop
      vertex 10.7395 69.5848 27.883
      vertex 10.2 69.5848 28.5429
      vertex 10.7084 69.5848 28.0126
    endloop
  endfacet
  facet normal 0 1 0
    outer loop
      vertex 10.75 69.5848 27.75
      vertex 10.2 69.5848 28.5429
      vertex 10.7395 69.5848 27.883
    endloop
  endfacet
  facet normal 0 1 -0
    outer loop
      vertex 10.7395 69.5848 27.617
      vertex 10.2 69.5848 28.5429
      vertex 10.75 69.5848 27.75
    endloop
  endfacet
  facet normal 0 1 -0
    outer loop
      vertex 10.7084 69.5848 27.4874
      vertex 10.2 69.5848 28.5429
      vertex 10.7395 69.5848 27.617
    endloop
  endfacet
  facet normal 0 1 -0
    outer loop
      vertex 10.6574 69.5848 27.3641
      vertex 10.2 69.5848 28.5429
      vertex 10.7084 69.5848 27.4874
    endloop
  endfacet
  facet normal 0 1 -0
    outer loop
      vertex 10.5877 69.5848 27.2504
      vertex 10.2 69.5848 28.5429
      vertex 10.6574 69.5848 27.3641
    endloop
  endfacet
  facet normal 0 1 -0
    outer loop
      vertex 10.501 69.5848 27.149
      vertex 10.2 69.5848 28.5429
      vertex 10.5877 69.5848 27.2504
    endloop
  endfacet
  facet normal 0 1 0
    outer loop
      vertex 10.2 69.5848 28.5429
      vertex 10.501 69.5848 27.149
      vertex 10.2 69.5848 26.8479
    endloop
  endfacet
  facet normal -0.9142 0.398814 -0.0720137
    outer loop
      vertex 8.41848 68.0948 27.5154
      vertex 8.4 68.0948 27.75
      vertex 9.06048 69.5848 27.617
    endloop
  endfacet
  facet normal -0.697331 0.398832 -0.595536
    outer loop
      vertex 8.83935 68.0948 26.6893
      vertex 8.68648 68.0948 26.8683
      vertex 9.21235 69.5848 27.2504
    endloop
  endfacet
  facet normal -0.647913 0.39972 -0.648408
    outer loop
      vertex 8.83935 68.0948 26.6893
      vertex 9.6 69.264 26.65
      vertex 8.87868 68.0948 26.65
    endloop
  endfacet
  facet normal -0.648673 0.400251 -0.647319
    outer loop
      vertex 9.6 69.264 26.65
      vertex 8.83935 68.0948 26.6893
      vertex 9.6 69.2771 26.6581
    endloop
  endfacet
  facet normal -0.972383 0 -0.233389
    outer loop
      vertex 8.47342 68.0848 27.2865
      vertex 8.41848 68.0948 27.5154
      vertex 8.47342 68.0948 27.2865
    endloop
  endfacet
  facet normal -0.972383 -0 -0.233389
    outer loop
      vertex 8.41848 68.0948 27.5154
      vertex 8.47342 68.0848 27.2865
      vertex 8.41848 68.0848 27.5154
    endloop
  endfacet
  facet normal -0.972383 0 0.233389
    outer loop
      vertex 8.41848 68.0848 27.9846
      vertex 8.47342 68.0948 28.2135
      vertex 8.41848 68.0948 27.9846
    endloop
  endfacet
  facet normal -0.972383 0 0.233389
    outer loop
      vertex 8.47342 68.0948 28.2135
      vertex 8.41848 68.0848 27.9846
      vertex 8.47342 68.0848 28.2135
    endloop
  endfacet
  facet normal 0.648648 0.400262 -0.647337
    outer loop
      vertex 10.9607 68.0948 26.6893
      vertex 10.2 69.264 26.65
      vertex 10.2 69.2771 26.6581
    endloop
  endfacet
  facet normal 0.647431 0.399412 -0.649079
    outer loop
      vertex 10.2 69.264 26.65
      vertex 10.9607 68.0948 26.6893
      vertex 10.9213 68.0948 26.65
    endloop
  endfacet
  facet normal 0.760575 0 -0.64925
    outer loop
      vertex 11.1135 68.0848 26.8683
      vertex 10.9607 68.0948 26.6893
      vertex 11.1135 68.0948 26.8683
    endloop
  endfacet
  facet normal 0.760575 0 -0.64925
    outer loop
      vertex 10.9607 68.0948 26.6893
      vertex 11.1135 68.0848 26.8683
      vertex 10.9607 68.0848 26.6893
    endloop
  endfacet
  facet normal 0.595384 0.39881 0.697472
    outer loop
      vertex 10.9607 68.0948 28.8107
      vertex 10.3996 69.5848 28.4377
      vertex 10.7817 68.0948 28.9635
    endloop
  endfacet
  facet normal 0.84721 0.398827 -0.350959
    outer loop
      vertex 11.2365 68.0948 27.069
      vertex 10.7084 69.5848 27.4874
      vertex 11.3266 68.0948 27.2865
    endloop
  endfacet
  facet normal 0.696965 0.398887 -0.595926
    outer loop
      vertex 10.9607 68.0948 26.6893
      vertex 10.501 69.5848 27.149
      vertex 10.5877 69.5848 27.2504
    endloop
  endfacet
  facet normal -0.852657 0 -0.52247
    outer loop
      vertex 8.68648 68.0848 26.8683
      vertex 8.5635 68.0948 27.069
      vertex 8.68648 68.0948 26.8683
    endloop
  endfacet
  facet normal -0.852657 -0 -0.52247
    outer loop
      vertex 8.5635 68.0948 27.069
      vertex 8.68648 68.0848 26.8683
      vertex 8.5635 68.0848 27.069
    endloop
  endfacet
  facet normal -0.382775 0 0.923842
    outer loop
      vertex 9.21902 68.0948 29.0865
      vertex 9.43648 68.0848 29.1766
      vertex 9.43648 68.0948 29.1766
    endloop
  endfacet
  facet normal -0.382775 0 0.923842
    outer loop
      vertex 9.43648 68.0848 29.1766
      vertex 9.21902 68.0948 29.0865
      vertex 9.21902 68.0848 29.0865
    endloop
  endfacet
  facet normal -0.852657 0 0.52247
    outer loop
      vertex 8.5635 68.0848 28.431
      vertex 8.68648 68.0948 28.6317
      vertex 8.5635 68.0948 28.431
    endloop
  endfacet
  facet normal -0.852657 0 0.52247
    outer loop
      vertex 8.68648 68.0948 28.6317
      vertex 8.5635 68.0848 28.431
      vertex 8.68648 68.0848 28.6317
    endloop
  endfacet
  facet normal -0.781915 0.39881 0.479123
    outer loop
      vertex 9.14264 69.5848 28.1359
      vertex 8.5635 68.0948 28.431
      vertex 8.68648 68.0948 28.6317
    endloop
  endfacet
  facet normal -0.697251 0.398844 0.595621
    outer loop
      vertex 9.21235 69.5848 28.2496
      vertex 8.83935 68.0948 28.8107
      vertex 9.29897 69.5848 28.351
    endloop
  endfacet
  facet normal -0.760428 0 0.649422
    outer loop
      vertex 8.68648 68.0848 28.6317
      vertex 8.83935 68.0948 28.8107
      vertex 8.68648 68.0948 28.6317
    endloop
  endfacet
  facet normal -0.760428 0 0.649422
    outer loop
      vertex 8.83935 68.0948 28.8107
      vertex 8.68648 68.0848 28.6317
      vertex 8.83935 68.0848 28.8107
    endloop
  endfacet
  facet normal -0.914201 0.398819 -0.0719676
    outer loop
      vertex 9.06048 69.5848 27.617
      vertex 8.4 68.0948 27.75
      vertex 9.05001 69.5848 27.75
    endloop
  endfacet
  facet normal -0.914201 0.398819 0.0719676
    outer loop
      vertex 9.05001 69.5848 27.75
      vertex 8.4 68.0948 27.75
      vertex 9.06048 69.5848 27.883
    endloop
  endfacet
  facet normal -0.84724 0.39882 0.350894
    outer loop
      vertex 9.0916 69.5848 28.0126
      vertex 8.47342 68.0948 28.2135
      vertex 8.5635 68.0948 28.431
    endloop
  endfacet
  facet normal -0.847311 0.398803 0.350744
    outer loop
      vertex 9.0916 69.5848 28.0126
      vertex 8.5635 68.0948 28.431
      vertex 9.14264 69.5848 28.1359
    endloop
  endfacet
  facet normal -0.84724 0.39882 -0.350894
    outer loop
      vertex 8.5635 68.0948 27.069
      vertex 8.47342 68.0948 27.2865
      vertex 9.0916 69.5848 27.4874
    endloop
  endfacet
  facet normal -0.891707 0.398814 -0.214025
    outer loop
      vertex 8.47342 68.0948 27.2865
      vertex 8.41848 68.0948 27.5154
      vertex 9.0916 69.5848 27.4874
    endloop
  endfacet
  facet normal -0.923897 0 -0.382642
    outer loop
      vertex 8.5635 68.0848 27.069
      vertex 8.47342 68.0948 27.2865
      vertex 8.5635 68.0948 27.069
    endloop
  endfacet
  facet normal -0.923897 -0 -0.382642
    outer loop
      vertex 8.47342 68.0948 27.2865
      vertex 8.5635 68.0848 27.069
      vertex 8.47342 68.0848 27.2865
    endloop
  endfacet
  facet normal -0.996912 0 0.0785291
    outer loop
      vertex 8.4 68.0848 27.75
      vertex 8.41848 68.0948 27.9846
      vertex 8.4 68.0948 27.75
    endloop
  endfacet
  facet normal -0.996912 0 0.0785291
    outer loop
      vertex 8.41848 68.0948 27.9846
      vertex 8.4 68.0848 27.75
      vertex 8.41848 68.0848 27.9846
    endloop
  endfacet
  facet normal -0.996912 0 -0.0785291
    outer loop
      vertex 8.41848 68.0848 27.5154
      vertex 8.4 68.0948 27.75
      vertex 8.41848 68.0948 27.5154
    endloop
  endfacet
  facet normal -0.996912 -0 -0.0785291
    outer loop
      vertex 8.4 68.0948 27.75
      vertex 8.41848 68.0848 27.5154
      vertex 8.4 68.0848 27.75
    endloop
  endfacet
  facet normal -0.923897 0 0.382642
    outer loop
      vertex 8.47342 68.0848 28.2135
      vertex 8.5635 68.0948 28.431
      vertex 8.47342 68.0948 28.2135
    endloop
  endfacet
  facet normal -0.923897 0 0.382642
    outer loop
      vertex 8.5635 68.0948 28.431
      vertex 8.47342 68.0848 28.2135
      vertex 8.5635 68.0848 28.431
    endloop
  endfacet
  facet normal 0.972422 -0 0.233228
    outer loop
      vertex 11.3266 68.0848 28.2135
      vertex 11.3815 68.0948 27.9846
      vertex 11.3266 68.0948 28.2135
    endloop
  endfacet
  facet normal 0.972422 0 0.233228
    outer loop
      vertex 11.3815 68.0948 27.9846
      vertex 11.3266 68.0848 28.2135
      vertex 11.3815 68.0848 27.9846
    endloop
  endfacet
  facet normal 0.914193 0.398816 0.0720911
    outer loop
      vertex 11.4 68.0948 27.75
      vertex 10.7395 69.5848 27.883
      vertex 11.3815 68.0948 27.9846
    endloop
  endfacet
  facet normal 0.697472 0.39881 -0.595384
    outer loop
      vertex 10.9607 68.0948 26.6893
      vertex 10.5877 69.5848 27.2504
      vertex 11.1135 68.0948 26.8683
    endloop
  endfacet
  facet normal 0.891719 0.398808 -0.213985
    outer loop
      vertex 11.3815 68.0948 27.5154
      vertex 10.7084 69.5848 27.4874
      vertex 10.7395 69.5848 27.617
    endloop
  endfacet
  facet normal -0.760428 0 -0.649422
    outer loop
      vertex 8.83935 68.0848 26.6893
      vertex 8.68648 68.0948 26.8683
      vertex 8.83935 68.0948 26.6893
    endloop
  endfacet
  facet normal -0.760428 -0 -0.649422
    outer loop
      vertex 8.68648 68.0948 26.8683
      vertex 8.83935 68.0848 26.6893
      vertex 8.68648 68.0848 26.8683
    endloop
  endfacet
  facet normal -0.213775 0.398856 0.891748
    outer loop
      vertex 9.6 69.3077 28.6733
      vertex 9.43648 68.0948 29.1766
      vertex 9.6 68.0948 29.2158
    endloop
  endfacet
  facet normal -0.479214 0.398792 0.781869
    outer loop
      vertex 9.4004 69.5848 28.4377
      vertex 9.01833 68.0948 28.9635
      vertex 9.51412 69.5848 28.5074
    endloop
  endfacet
  facet normal -0.595426 0.398799 0.697443
    outer loop
      vertex 9.4004 69.5848 28.4377
      vertex 8.83935 68.0948 28.8107
      vertex 9.01833 68.0948 28.9635
    endloop
  endfacet
  facet normal -0.781785 0.398835 -0.479316
    outer loop
      vertex 9.21235 69.5848 27.2504
      vertex 8.68648 68.0948 26.8683
      vertex 9.14264 69.5848 27.3641
    endloop
  endfacet
  facet normal -0.781915 0.39881 -0.479123
    outer loop
      vertex 8.68648 68.0948 26.8683
      vertex 8.5635 68.0948 27.069
      vertex 9.14264 69.5848 27.3641
    endloop
  endfacet
  facet normal 0.479273 0.398802 0.781827
    outer loop
      vertex 10.3996 69.5848 28.4377
      vertex 10.2859 69.5848 28.5074
      vertex 10.7817 68.0948 28.9635
    endloop
  endfacet
  facet normal 0.84721 0.398827 0.350959
    outer loop
      vertex 11.3266 68.0948 28.2135
      vertex 10.7084 69.5848 28.0126
      vertex 11.2365 68.0948 28.431
    endloop
  endfacet
  facet normal 0.89174 0.39882 0.213877
    outer loop
      vertex 11.3815 68.0948 27.9846
      vertex 10.7084 69.5848 28.0126
      vertex 11.3266 68.0948 28.2135
    endloop
  endfacet
  facet normal 0.914193 0.398816 -0.0720911
    outer loop
      vertex 11.3815 68.0948 27.5154
      vertex 10.7395 69.5848 27.617
      vertex 11.4 68.0948 27.75
    endloop
  endfacet
  facet normal 0.781827 0.398802 -0.479273
    outer loop
      vertex 11.1135 68.0948 26.8683
      vertex 10.5877 69.5848 27.2504
      vertex 10.6574 69.5848 27.3641
    endloop
  endfacet
  facet normal 0.847418 0.398776 -0.350514
    outer loop
      vertex 11.2365 68.0948 27.069
      vertex 10.6574 69.5848 27.3641
      vertex 10.7084 69.5848 27.4874
    endloop
  endfacet
  facet normal -0.697251 0.398844 -0.595621
    outer loop
      vertex 9.29897 69.5848 27.149
      vertex 8.83935 68.0948 26.6893
      vertex 9.21235 69.5848 27.2504
    endloop
  endfacet
  facet normal -0.648225 0.399755 -0.648074
    outer loop
      vertex 9.6 69.2771 26.6581
      vertex 9.29897 69.5848 27.149
      vertex 9.6 69.5848 26.8479
    endloop
  endfacet
  facet normal -0.648128 0.39988 -0.648094
    outer loop
      vertex 9.29897 69.5848 27.149
      vertex 9.6 69.2771 26.6581
      vertex 8.83935 68.0948 26.6893
    endloop
  endfacet
  facet normal 0.233148 0 0.972441
    outer loop
      vertex 10.2 68.0948 29.2158
      vertex 10.3635 68.0848 29.1766
      vertex 10.3635 68.0948 29.1766
    endloop
  endfacet
  facet normal 0.233148 0 0.972441
    outer loop
      vertex 10.3635 68.0848 29.1766
      vertex 10.2 68.0948 29.2158
      vertex 10.2 68.0848 29.2158
    endloop
  endfacet
  facet normal -0.233121 0 0.972448
    outer loop
      vertex 9.43648 68.0948 29.1766
      vertex 9.6 68.0848 29.2158
      vertex 9.6 68.0948 29.2158
    endloop
  endfacet
  facet normal -0.233121 0 0.972448
    outer loop
      vertex 9.6 68.0848 29.2158
      vertex 9.43648 68.0948 29.1766
      vertex 9.43648 68.0848 29.1766
    endloop
  endfacet
  facet normal -0.522551 0 0.852608
    outer loop
      vertex 9.01833 68.0948 28.9635
      vertex 9.21902 68.0848 29.0865
      vertex 9.21902 68.0948 29.0865
    endloop
  endfacet
  facet normal -0.522551 0 0.852608
    outer loop
      vertex 9.21902 68.0848 29.0865
      vertex 9.01833 68.0948 28.9635
      vertex 9.01833 68.0848 28.9635
    endloop
  endfacet
  facet normal -0.649292 0 0.760539
    outer loop
      vertex 8.83935 68.0948 28.8107
      vertex 9.01833 68.0848 28.9635
      vertex 9.01833 68.0948 28.9635
    endloop
  endfacet
  facet normal -0.649292 0 0.760539
    outer loop
      vertex 9.01833 68.0848 28.9635
      vertex 8.83935 68.0948 28.8107
      vertex 8.83935 68.0848 28.8107
    endloop
  endfacet
  facet normal 0.64925 0 0.760575
    outer loop
      vertex 10.7817 68.0948 28.9635
      vertex 10.9607 68.0848 28.8107
      vertex 10.9607 68.0948 28.8107
    endloop
  endfacet
  facet normal 0.64925 0 0.760575
    outer loop
      vertex 10.9607 68.0848 28.8107
      vertex 10.7817 68.0948 28.9635
      vertex 10.7817 68.0848 28.9635
    endloop
  endfacet
  facet normal 0.781827 0.398802 0.479273
    outer loop
      vertex 10.6574 69.5848 28.1359
      vertex 10.5877 69.5848 28.2496
      vertex 11.1135 68.0948 28.6317
    endloop
  endfacet
  facet normal 0.697472 0.39881 0.595384
    outer loop
      vertex 11.1135 68.0948 28.6317
      vertex 10.5877 69.5848 28.2496
      vertex 10.9607 68.0948 28.8107
    endloop
  endfacet
  facet normal 0.696965 0.398887 0.595926
    outer loop
      vertex 10.5877 69.5848 28.2496
      vertex 10.501 69.5848 28.351
      vertex 10.9607 68.0948 28.8107
    endloop
  endfacet
  facet normal 0.891719 0.398808 0.213985
    outer loop
      vertex 10.7395 69.5848 27.883
      vertex 10.7084 69.5848 28.0126
      vertex 11.3815 68.0948 27.9846
    endloop
  endfacet
  facet normal 0.847418 0.398776 0.350514
    outer loop
      vertex 10.7084 69.5848 28.0126
      vertex 10.6574 69.5848 28.1359
      vertex 11.2365 68.0948 28.431
    endloop
  endfacet
  facet normal 0.91419 0.398808 0.0721729
    outer loop
      vertex 10.75 69.5848 27.75
      vertex 10.7395 69.5848 27.883
      vertex 11.4 68.0948 27.75
    endloop
  endfacet
  facet normal 0.91419 0.398808 -0.0721729
    outer loop
      vertex 11.4 68.0948 27.75
      vertex 10.7395 69.5848 27.617
      vertex 10.75 69.5848 27.75
    endloop
  endfacet
  facet normal 0.996905 0 -0.0786136
    outer loop
      vertex 11.4 68.0848 27.75
      vertex 11.3815 68.0948 27.5154
      vertex 11.4 68.0948 27.75
    endloop
  endfacet
  facet normal 0.996905 0 -0.0786136
    outer loop
      vertex 11.3815 68.0948 27.5154
      vertex 11.4 68.0848 27.75
      vertex 11.3815 68.0848 27.5154
    endloop
  endfacet
  facet normal 0.996905 -0 0.0786136
    outer loop
      vertex 11.3815 68.0848 27.9846
      vertex 11.4 68.0948 27.75
      vertex 11.3815 68.0948 27.9846
    endloop
  endfacet
  facet normal 0.996905 0 0.0786136
    outer loop
      vertex 11.4 68.0948 27.75
      vertex 11.3815 68.0848 27.9846
      vertex 11.4 68.0848 27.75
    endloop
  endfacet
  facet normal 0.85262 0 -0.522532
    outer loop
      vertex 11.2365 68.0848 27.069
      vertex 11.1135 68.0948 26.8683
      vertex 11.2365 68.0948 27.069
    endloop
  endfacet
  facet normal 0.85262 0 -0.522532
    outer loop
      vertex 11.1135 68.0948 26.8683
      vertex 11.2365 68.0848 27.069
      vertex 11.1135 68.0848 26.8683
    endloop
  endfacet
  facet normal 0.89174 0.39882 -0.213877
    outer loop
      vertex 11.3266 68.0948 27.2865
      vertex 10.7084 69.5848 27.4874
      vertex 11.3815 68.0948 27.5154
    endloop
  endfacet
  facet normal 0.923867 0 -0.382714
    outer loop
      vertex 11.3266 68.0848 27.2865
      vertex 11.2365 68.0948 27.069
      vertex 11.3266 68.0948 27.2865
    endloop
  endfacet
  facet normal 0.923867 0 -0.382714
    outer loop
      vertex 11.2365 68.0948 27.069
      vertex 11.3266 68.0848 27.2865
      vertex 11.2365 68.0848 27.069
    endloop
  endfacet
  facet normal -0.706837 0 -0.707377
    outer loop
      vertex 8.87868 68.0848 26.65
      vertex 8.83935 68.0948 26.6893
      vertex 8.87868 68.0948 26.65
    endloop
  endfacet
  facet normal -0.706837 -0 -0.707377
    outer loop
      vertex 8.83935 68.0948 26.6893
      vertex 8.87868 68.0848 26.65
      vertex 8.83935 68.0848 26.6893
    endloop
  endfacet
  facet normal 0.972422 0 -0.233228
    outer loop
      vertex 11.3815 68.0848 27.5154
      vertex 11.3266 68.0948 27.2865
      vertex 11.3815 68.0948 27.5154
    endloop
  endfacet
  facet normal 0.972422 0 -0.233228
    outer loop
      vertex 11.3266 68.0948 27.2865
      vertex 11.3815 68.0848 27.5154
      vertex 11.3266 68.0848 27.2865
    endloop
  endfacet
  facet normal 0.85262 -0 0.522532
    outer loop
      vertex 11.1135 68.0848 28.6317
      vertex 11.2365 68.0948 28.431
      vertex 11.1135 68.0948 28.6317
    endloop
  endfacet
  facet normal 0.85262 0 0.522532
    outer loop
      vertex 11.2365 68.0948 28.431
      vertex 11.1135 68.0848 28.6317
      vertex 11.2365 68.0848 28.431
    endloop
  endfacet
  facet normal 0.760575 -0 0.64925
    outer loop
      vertex 10.9607 68.0848 28.8107
      vertex 11.1135 68.0948 28.6317
      vertex 10.9607 68.0948 28.8107
    endloop
  endfacet
  facet normal 0.760575 0 0.64925
    outer loop
      vertex 11.1135 68.0948 28.6317
      vertex 10.9607 68.0848 28.8107
      vertex 11.1135 68.0848 28.6317
    endloop
  endfacet
  facet normal 0 0 1
    outer loop
      vertex 9.6 66.4848 30.25
      vertex 7.4 66.4848 30.25
      vertex 9.6 63.4848 30.25
    endloop
  endfacet
  facet normal 0 0 1
    outer loop
      vertex 10.2 63.4848 30.25
      vertex 12.4 66.4848 30.25
      vertex 10.2 66.4848 30.25
    endloop
  endfacet
  facet normal 0 0 1
    outer loop
      vertex 12.4 66.4848 30.25
      vertex 10.2 63.4848 30.25
      vertex 12.4 47.4577 30.25
    endloop
  endfacet
  facet normal -0 0 1
    outer loop
      vertex 9.6 63.4848 30.25
      vertex 12.4 47.4577 30.25
      vertex 10.2 63.4848 30.25
    endloop
  endfacet
  facet normal 0 0 1
    outer loop
      vertex 7.4 47.4577 30.25
      vertex 9.6 63.4848 30.25
      vertex 7.4 66.4848 30.25
    endloop
  endfacet
  facet normal 0 0 1
    outer loop
      vertex 9.6 63.4848 30.25
      vertex 7.4 47.4577 30.25
      vertex 12.4 47.4577 30.25
    endloop
  endfacet
  facet normal 0 0.736327 -0.676626
    outer loop
      vertex 12.4 66.4848 25.25
      vertex 10.2 63.4848 21.9853
      vertex 10.2 66.4848 25.25
    endloop
  endfacet
  facet normal 0 0.736332 -0.67662
    outer loop
      vertex 10.2 63.4848 21.9853
      vertex 12.4 46.958 4
      vertex 9.6 63.4848 21.9853
    endloop
  endfacet
  facet normal -1.3483e-05 0.736331 -0.676621
    outer loop
      vertex 12.4 46.958 4
      vertex 10.2 63.4848 21.9853
      vertex 12.4 66.4848 25.25
    endloop
  endfacet
  facet normal 0 0.736327 -0.676626
    outer loop
      vertex 9.6 63.4848 21.9853
      vertex 7.4 66.4848 25.25
      vertex 9.6 66.4848 25.25
    endloop
  endfacet
  facet normal 0 0.736332 -0.67662
    outer loop
      vertex 7.4 46.958 4
      vertex 9.6 63.4848 21.9853
      vertex 12.4 46.958 4
    endloop
  endfacet
  facet normal 1.3483e-05 0.736331 -0.676621
    outer loop
      vertex 9.6 63.4848 21.9853
      vertex 7.4 46.958 4
      vertex 7.4 66.4848 25.25
    endloop
  endfacet
  facet normal 0 1 -0
    outer loop
      vertex 12.4 66.4848 25.25
      vertex 10.2 66.4848 30.25
      vertex 12.4 66.4848 30.25
    endloop
  endfacet
  facet normal 0 1 0
    outer loop
      vertex 10.2 66.4848 30.25
      vertex 12.4 66.4848 25.25
      vertex 10.2 66.4848 25.25
    endloop
  endfacet
  facet normal 0 1 -0
    outer loop
      vertex 9.6 66.4848 25.25
      vertex 7.4 66.4848 30.25
      vertex 9.6 66.4848 30.25
    endloop
  endfacet
  facet normal 0 1 0
    outer loop
      vertex 7.4 66.4848 30.25
      vertex 9.6 66.4848 25.25
      vertex 7.4 66.4848 25.25
    endloop
  endfacet
  facet normal -1 0 0
    outer loop
      vertex 7.4 66.4848 25.25
      vertex 7.4 47.4577 30.25
      vertex 7.4 66.4848 30.25
    endloop
  endfacet
  facet normal -1 0 0
    outer loop
      vertex 7.4 46.958 4
      vertex 7.4 47.4577 30.25
      vertex 7.4 66.4848 25.25
    endloop
  endfacet
  facet normal -1 0 0
    outer loop
      vertex 7.4 47.4577 30.25
      vertex 7.4 46.958 4
      vertex 7.4 43.7685 4
    endloop
  endfacet
  facet normal 1 -0 0
    outer loop
      vertex 12.4 47.4577 30.25
      vertex 12.4 66.4848 25.25
      vertex 12.4 66.4848 30.25
    endloop
  endfacet
  facet normal 1 0 0
    outer loop
      vertex 12.4 47.4577 30.25
      vertex 12.4 46.958 4
      vertex 12.4 66.4848 25.25
    endloop
  endfacet
  facet normal 1 0 -0
    outer loop
      vertex 12.4 46.958 4
      vertex 12.4 47.4577 30.25
      vertex 12.4 43.7685 4
    endloop
  endfacet
  facet normal 1 -0 0
    outer loop
      vertex 9.6 63.4848 30.25
      vertex 9.6 66.4848 25.25
      vertex 9.6 66.4848 30.25
    endloop
  endfacet
  facet normal 1 0 0
    outer loop
      vertex 9.6 66.4848 25.25
      vertex 9.6 63.4848 30.25
      vertex 9.6 63.4848 21.9853
    endloop
  endfacet
  facet normal 1 0 0
    outer loop
      vertex 9.6 69.4517 28.6055
      vertex 9.6 69.5848 26.8479
      vertex 9.6 69.5848 28.5429
    endloop
  endfacet
  facet normal 1 0 0
    outer loop
      vertex 9.6 69.3077 28.6733
      vertex 9.6 69.5848 26.8479
      vertex 9.6 69.4517 28.6055
    endloop
  endfacet
  facet normal 1 0 0
    outer loop
      vertex 9.6 69.3077 28.6733
      vertex 9.6 69.2771 26.6581
      vertex 9.6 69.5848 26.8479
    endloop
  endfacet
  facet normal 1 0 0
    outer loop
      vertex 9.6 69.3077 28.6733
      vertex 9.6 69.264 26.65
      vertex 9.6 69.2771 26.6581
    endloop
  endfacet
  facet normal 1 -0 0
    outer loop
      vertex 9.6 68.0848 28.857
      vertex 9.6 69.3077 28.6733
      vertex 9.6 68.0948 29.2158
    endloop
  endfacet
  facet normal 1 0 0
    outer loop
      vertex 9.6 68.0848 28.857
      vertex 9.6 68.0948 29.2158
      vertex 9.6 68.0848 29.2158
    endloop
  endfacet
  facet normal 1 0 0
    outer loop
      vertex 9.6 69.3077 28.6733
      vertex 9.6 68.0848 28.857
      vertex 9.6 69.264 26.65
    endloop
  endfacet
  facet normal 1 0 0
    outer loop
      vertex 9.6 66.4848 26.65
      vertex 9.6 68.0848 28.857
      vertex 9.6 66.4848 28.857
    endloop
  endfacet
  facet normal 1 0 0
    outer loop
      vertex 9.6 68.0848 28.857
      vertex 9.6 66.4848 26.65
      vertex 9.6 69.264 26.65
    endloop
  endfacet
  facet normal -1 0 0
    outer loop
      vertex 10.2 63.4848 30.25
      vertex 10.2 66.4848 25.25
      vertex 10.2 63.4848 21.9853
    endloop
  endfacet
  facet normal -1 0 0
    outer loop
      vertex 10.2 66.4848 25.25
      vertex 10.2 63.4848 30.25
      vertex 10.2 66.4848 30.25
    endloop
  endfacet
  facet normal -1 0 0
    outer loop
      vertex 10.2 69.5848 26.8479
      vertex 10.2 69.4518 28.6055
      vertex 10.2 69.5848 28.5429
    endloop
  endfacet
  facet normal -1 0 0
    outer loop
      vertex 10.2 69.5848 26.8479
      vertex 10.2 69.3077 28.6733
      vertex 10.2 69.4518 28.6055
    endloop
  endfacet
  facet normal -1 0 0
    outer loop
      vertex 10.2 69.2771 26.6581
      vertex 10.2 69.3077 28.6733
      vertex 10.2 69.5848 26.8479
    endloop
  endfacet
  facet normal -1 0 0
    outer loop
      vertex 10.2 69.264 26.65
      vertex 10.2 69.3077 28.6733
      vertex 10.2 69.2771 26.6581
    endloop
  endfacet
  facet normal -1 0 0
    outer loop
      vertex 10.2 68.0848 28.857
      vertex 10.2 69.3077 28.6733
      vertex 10.2 69.264 26.65
    endloop
  endfacet
  facet normal -1 0 0
    outer loop
      vertex 10.2 69.3077 28.6733
      vertex 10.2 68.0848 28.857
      vertex 10.2 68.0948 29.2158
    endloop
  endfacet
  facet normal -1 0 0
    outer loop
      vertex 10.2 66.4848 26.65
      vertex 10.2 68.0848 28.857
      vertex 10.2 69.264 26.65
    endloop
  endfacet
  facet normal -1 -0 0
    outer loop
      vertex 10.2 68.0848 28.857
      vertex 10.2 66.4848 26.65
      vertex 10.2 66.4848 28.857
    endloop
  endfacet
  facet normal -1 -0 0
    outer loop
      vertex 10.2 68.0948 29.2158
      vertex 10.2 68.0848 28.857
      vertex 10.2 68.0848 29.2158
    endloop
  endfacet
  facet normal 0 1 -0
    outer loop
      vertex 10.2 63.4848 21.9853
      vertex 9.6 63.4848 30.25
      vertex 10.2 63.4848 30.25
    endloop
  endfacet
  facet normal 0 1 0
    outer loop
      vertex 9.6 63.4848 30.25
      vertex 10.2 63.4848 21.9853
      vertex 9.6 63.4848 21.9853
    endloop
  endfacet
  facet normal 0.382923 0 0.92378
    outer loop
      vertex 10.2554 68.0848 81.3437
      vertex 10.4221 66.4848 81.2746
      vertex 10.4221 68.0848 81.2746
    endloop
  endfacet
  facet normal 0.382923 0 0.92378
    outer loop
      vertex 10.4221 66.4848 81.2746
      vertex 10.2554 68.0848 81.3437
      vertex 10.2554 66.4848 81.3437
    endloop
  endfacet
  facet normal 0 0 -1
    outer loop
      vertex 10.4263 66.4848 79.15
      vertex 10.2 66.4848 79.15
      vertex 10.4263 68.0848 79.15
    endloop
  endfacet
  facet normal 0 0 -1
    outer loop
      vertex 10.4263 68.0848 79.15
      vertex 10.9213 68.0948 79.15
      vertex 10.9213 68.0848 79.15
    endloop
  endfacet
  facet normal 0 0 -1
    outer loop
      vertex 10.4263 68.0848 79.15
      vertex 10.2 69.264 79.15
      vertex 10.9213 68.0948 79.15
    endloop
  endfacet
  facet normal 0 0 -1
    outer loop
      vertex 10.2 69.264 79.15
      vertex 10.4263 68.0848 79.15
      vertex 10.2 66.4848 79.15
    endloop
  endfacet
  facet normal 0 0 -1
    outer loop
      vertex 9.37366 68.0848 79.15
      vertex 9.6 66.4848 79.15
      vertex 9.37366 66.4848 79.15
    endloop
  endfacet
  facet normal 0 0 -1
    outer loop
      vertex 9.6 66.4848 79.15
      vertex 9.37366 68.0848 79.15
      vertex 9.6 69.264 79.15
    endloop
  endfacet
  facet normal 0 0 -1
    outer loop
      vertex 8.87868 68.0948 79.15
      vertex 9.37366 68.0848 79.15
      vertex 8.87868 68.0848 79.15
    endloop
  endfacet
  facet normal 0 0 -1
    outer loop
      vertex 9.37366 68.0848 79.15
      vertex 8.87868 68.0948 79.15
      vertex 9.6 69.264 79.15
    endloop
  endfacet
  facet normal 0.233439 0 0.972371
    outer loop
      vertex 10.2 68.0848 81.357
      vertex 10.2554 66.4848 81.3437
      vertex 10.2554 68.0848 81.3437
    endloop
  endfacet
  facet normal 0.233439 0 0.972371
    outer loop
      vertex 10.2554 66.4848 81.3437
      vertex 10.2 68.0848 81.357
      vertex 10.2 66.4848 81.357
    endloop
  endfacet
  facet normal 0.92378 -0 0.382923
    outer loop
      vertex 10.9246 66.4848 80.7721
      vertex 10.9937 68.0848 80.6054
      vertex 10.9246 68.0848 80.7721
    endloop
  endfacet
  facet normal 0.92378 0 0.382923
    outer loop
      vertex 10.9937 68.0848 80.6054
      vertex 10.9246 66.4848 80.7721
      vertex 10.9937 66.4848 80.6054
    endloop
  endfacet
  facet normal -0.972375 0 -0.233425
    outer loop
      vertex 8.8063 66.4848 79.8946
      vertex 8.76417 68.0848 80.0701
      vertex 8.8063 68.0848 79.8946
    endloop
  endfacet
  facet normal -0.972375 -0 -0.233425
    outer loop
      vertex 8.76417 68.0848 80.0701
      vertex 8.8063 66.4848 79.8946
      vertex 8.76417 66.4848 80.0701
    endloop
  endfacet
  facet normal 0.852761 0 -0.522302
    outer loop
      vertex 10.9246 66.4848 79.7279
      vertex 10.8304 68.0848 79.5741
      vertex 10.9246 68.0848 79.7279
    endloop
  endfacet
  facet normal 0.852761 0 -0.522302
    outer loop
      vertex 10.8304 68.0848 79.5741
      vertex 10.9246 66.4848 79.7279
      vertex 10.8304 66.4848 79.5741
    endloop
  endfacet
  facet normal 0 -1 0
    outer loop
      vertex 10.2 66.4848 81.357
      vertex 10.4221 66.4848 81.2746
      vertex 10.2554 66.4848 81.3437
    endloop
  endfacet
  facet normal 0 -1 0
    outer loop
      vertex 10.2 66.4848 81.357
      vertex 10.5759 66.4848 81.1804
      vertex 10.4221 66.4848 81.2746
    endloop
  endfacet
  facet normal 0 -1 0
    outer loop
      vertex 10.2 66.4848 81.357
      vertex 10.7132 66.4848 81.0632
      vertex 10.5759 66.4848 81.1804
    endloop
  endfacet
  facet normal 0 -1 0
    outer loop
      vertex 10.2 66.4848 81.357
      vertex 10.8304 66.4848 80.9259
      vertex 10.7132 66.4848 81.0632
    endloop
  endfacet
  facet normal 0 -1 0
    outer loop
      vertex 10.2 66.4848 81.357
      vertex 10.9246 66.4848 80.7721
      vertex 10.8304 66.4848 80.9259
    endloop
  endfacet
  facet normal 0 -1 0
    outer loop
      vertex 10.2 66.4848 81.357
      vertex 10.9937 66.4848 80.6054
      vertex 10.9246 66.4848 80.7721
    endloop
  endfacet
  facet normal 0 -1 0
    outer loop
      vertex 10.2 66.4848 81.357
      vertex 11.0358 66.4848 80.4299
      vertex 10.9937 66.4848 80.6054
    endloop
  endfacet
  facet normal 0 -1 0
    outer loop
      vertex 10.2 66.4848 81.357
      vertex 11.05 66.4848 80.25
      vertex 11.0358 66.4848 80.4299
    endloop
  endfacet
  facet normal 0 -1 0
    outer loop
      vertex 10.2 66.4848 81.357
      vertex 11.0358 66.4848 80.0701
      vertex 11.05 66.4848 80.25
    endloop
  endfacet
  facet normal 0 -1 0
    outer loop
      vertex 10.2 66.4848 81.357
      vertex 10.9937 66.4848 79.8946
      vertex 11.0358 66.4848 80.0701
    endloop
  endfacet
  facet normal 0 -1 0
    outer loop
      vertex 10.2 66.4848 81.357
      vertex 10.9246 66.4848 79.7279
      vertex 10.9937 66.4848 79.8946
    endloop
  endfacet
  facet normal 0 -1 0
    outer loop
      vertex 10.2 66.4848 79.15
      vertex 10.9246 66.4848 79.7279
      vertex 10.2 66.4848 81.357
    endloop
  endfacet
  facet normal 0 -1 0
    outer loop
      vertex 10.9246 66.4848 79.7279
      vertex 10.2 66.4848 79.15
      vertex 10.8304 66.4848 79.5741
    endloop
  endfacet
  facet normal 0 -1 0
    outer loop
      vertex 10.8304 66.4848 79.5741
      vertex 10.2 66.4848 79.15
      vertex 10.7132 66.4848 79.4368
    endloop
  endfacet
  facet normal 0 -1 0
    outer loop
      vertex 10.7132 66.4848 79.4368
      vertex 10.2 66.4848 79.15
      vertex 10.4263 66.4848 79.15
    endloop
  endfacet
  facet normal 0 -1 0
    outer loop
      vertex 9.37792 66.4848 81.2746
      vertex 9.6 66.4848 81.357
      vertex 9.54464 66.4848 81.3437
    endloop
  endfacet
  facet normal 0 -1 0
    outer loop
      vertex 9.22405 66.4848 81.1804
      vertex 9.6 66.4848 81.357
      vertex 9.37792 66.4848 81.2746
    endloop
  endfacet
  facet normal 0 -1 0
    outer loop
      vertex 9.08683 66.4848 81.0632
      vertex 9.6 66.4848 81.357
      vertex 9.22405 66.4848 81.1804
    endloop
  endfacet
  facet normal 0 -1 0
    outer loop
      vertex 8.96964 66.4848 80.9259
      vertex 9.6 66.4848 81.357
      vertex 9.08683 66.4848 81.0632
    endloop
  endfacet
  facet normal 0 -1 0
    outer loop
      vertex 8.87536 66.4848 80.7721
      vertex 9.6 66.4848 81.357
      vertex 8.96964 66.4848 80.9259
    endloop
  endfacet
  facet normal 0 -1 0
    outer loop
      vertex 8.8063 66.4848 80.6054
      vertex 9.6 66.4848 81.357
      vertex 8.87536 66.4848 80.7721
    endloop
  endfacet
  facet normal 0 -1 0
    outer loop
      vertex 8.76417 66.4848 80.4299
      vertex 9.6 66.4848 81.357
      vertex 8.8063 66.4848 80.6054
    endloop
  endfacet
  facet normal 0 -1 0
    outer loop
      vertex 8.75001 66.4848 80.25
      vertex 9.6 66.4848 81.357
      vertex 8.76417 66.4848 80.4299
    endloop
  endfacet
  facet normal 0 -1 0
    outer loop
      vertex 8.76417 66.4848 80.0701
      vertex 9.6 66.4848 81.357
      vertex 8.75001 66.4848 80.25
    endloop
  endfacet
  facet normal 0 -1 0
    outer loop
      vertex 8.8063 66.4848 79.8946
      vertex 9.6 66.4848 81.357
      vertex 8.76417 66.4848 80.0701
    endloop
  endfacet
  facet normal 0 -1 0
    outer loop
      vertex 8.87536 66.4848 79.7279
      vertex 9.6 66.4848 81.357
      vertex 8.8063 66.4848 79.8946
    endloop
  endfacet
  facet normal 0 -1 0
    outer loop
      vertex 9.6 66.4848 79.15
      vertex 8.87536 66.4848 79.7279
      vertex 8.96964 66.4848 79.5741
    endloop
  endfacet
  facet normal 0 -1 0
    outer loop
      vertex 9.6 66.4848 79.15
      vertex 8.96964 66.4848 79.5741
      vertex 9.08683 66.4848 79.4368
    endloop
  endfacet
  facet normal 0 -1 0
    outer loop
      vertex 9.6 66.4848 79.15
      vertex 9.08683 66.4848 79.4368
      vertex 9.37366 66.4848 79.15
    endloop
  endfacet
  facet normal 0 -1 0
    outer loop
      vertex 8.87536 66.4848 79.7279
      vertex 9.6 66.4848 79.15
      vertex 9.6 66.4848 81.357
    endloop
  endfacet
  facet normal 0.706984 0 -0.70723
    outer loop
      vertex 10.4263 66.4848 79.15
      vertex 10.7132 68.0848 79.4368
      vertex 10.7132 66.4848 79.4368
    endloop
  endfacet
  facet normal 0.706984 0 -0.70723
    outer loop
      vertex 10.7132 68.0848 79.4368
      vertex 10.4263 66.4848 79.15
      vertex 10.4263 68.0848 79.15
    endloop
  endfacet
  facet normal -0.70707 0 -0.707144
    outer loop
      vertex 9.08683 66.4848 79.4368
      vertex 9.37366 68.0848 79.15
      vertex 9.37366 66.4848 79.15
    endloop
  endfacet
  facet normal -0.70707 0 -0.707144
    outer loop
      vertex 9.37366 68.0848 79.15
      vertex 9.08683 66.4848 79.4368
      vertex 9.08683 68.0848 79.4368
    endloop
  endfacet
  facet normal -0.996917 0 -0.0784677
    outer loop
      vertex 8.76417 66.4848 80.0701
      vertex 8.75001 68.0848 80.25
      vertex 8.76417 68.0848 80.0701
    endloop
  endfacet
  facet normal -0.996917 -0 -0.0784677
    outer loop
      vertex 8.75001 68.0848 80.25
      vertex 8.76417 66.4848 80.0701
      vertex 8.75001 66.4848 80.25
    endloop
  endfacet
  facet normal -0.996917 0 0.0784677
    outer loop
      vertex 8.75001 66.4848 80.25
      vertex 8.76417 68.0848 80.4299
      vertex 8.75001 68.0848 80.25
    endloop
  endfacet
  facet normal -0.996917 0 0.0784677
    outer loop
      vertex 8.76417 68.0848 80.4299
      vertex 8.75001 66.4848 80.25
      vertex 8.76417 66.4848 80.4299
    endloop
  endfacet
  facet normal -0.972375 0 0.233425
    outer loop
      vertex 8.76417 66.4848 80.4299
      vertex 8.8063 68.0848 80.6054
      vertex 8.76417 68.0848 80.4299
    endloop
  endfacet
  facet normal -0.972375 0 0.233425
    outer loop
      vertex 8.8063 68.0848 80.6054
      vertex 8.76417 66.4848 80.4299
      vertex 8.8063 66.4848 80.6054
    endloop
  endfacet
  facet normal -0.923859 0 0.382734
    outer loop
      vertex 8.8063 66.4848 80.6054
      vertex 8.87536 68.0848 80.7721
      vertex 8.8063 68.0848 80.6054
    endloop
  endfacet
  facet normal -0.923859 0 0.382734
    outer loop
      vertex 8.87536 68.0848 80.7721
      vertex 8.8063 66.4848 80.6054
      vertex 8.87536 66.4848 80.7721
    endloop
  endfacet
  facet normal -0.852563 0 0.522624
    outer loop
      vertex 8.87536 66.4848 80.7721
      vertex 8.96964 68.0848 80.9259
      vertex 8.87536 68.0848 80.7721
    endloop
  endfacet
  facet normal -0.852563 0 0.522624
    outer loop
      vertex 8.96964 68.0848 80.9259
      vertex 8.87536 66.4848 80.7721
      vertex 8.96964 66.4848 80.9259
    endloop
  endfacet
  facet normal -0.760612 0 0.649207
    outer loop
      vertex 8.96964 66.4848 80.9259
      vertex 9.08683 68.0848 81.0632
      vertex 8.96964 68.0848 80.9259
    endloop
  endfacet
  facet normal -0.760612 0 0.649207
    outer loop
      vertex 9.08683 68.0848 81.0632
      vertex 8.96964 66.4848 80.9259
      vertex 9.08683 66.4848 81.0632
    endloop
  endfacet
  facet normal -0.522129 0 0.852866
    outer loop
      vertex 9.22405 68.0848 81.1804
      vertex 9.37792 66.4848 81.2746
      vertex 9.37792 68.0848 81.2746
    endloop
  endfacet
  facet normal -0.522129 0 0.852866
    outer loop
      vertex 9.37792 66.4848 81.2746
      vertex 9.22405 68.0848 81.1804
      vertex 9.22405 66.4848 81.1804
    endloop
  endfacet
  facet normal 0.760585 0 -0.649239
    outer loop
      vertex 10.8304 66.4848 79.5741
      vertex 10.7132 68.0848 79.4368
      vertex 10.8304 68.0848 79.5741
    endloop
  endfacet
  facet normal 0.760585 0 -0.649239
    outer loop
      vertex 10.7132 68.0848 79.4368
      vertex 10.8304 66.4848 79.5741
      vertex 10.7132 66.4848 79.4368
    endloop
  endfacet
  facet normal 0.760585 -0 0.649239
    outer loop
      vertex 10.7132 66.4848 81.0632
      vertex 10.8304 68.0848 80.9259
      vertex 10.7132 68.0848 81.0632
    endloop
  endfacet
  facet normal 0.760585 0 0.649239
    outer loop
      vertex 10.8304 68.0848 80.9259
      vertex 10.7132 66.4848 81.0632
      vertex 10.8304 66.4848 80.9259
    endloop
  endfacet
  facet normal 0.522302 0 0.852761
    outer loop
      vertex 10.4221 68.0848 81.2746
      vertex 10.5759 66.4848 81.1804
      vertex 10.5759 68.0848 81.1804
    endloop
  endfacet
  facet normal 0.522302 0 0.852761
    outer loop
      vertex 10.5759 66.4848 81.1804
      vertex 10.4221 68.0848 81.2746
      vertex 10.4221 66.4848 81.2746
    endloop
  endfacet
  facet normal 0.972412 -0 0.233268
    outer loop
      vertex 10.9937 66.4848 80.6054
      vertex 11.0358 68.0848 80.4299
      vertex 10.9937 68.0848 80.6054
    endloop
  endfacet
  facet normal 0.972412 0 0.233268
    outer loop
      vertex 11.0358 68.0848 80.4299
      vertex 10.9937 66.4848 80.6054
      vertex 11.0358 66.4848 80.4299
    endloop
  endfacet
  facet normal 0.92378 0 -0.382923
    outer loop
      vertex 10.9937 66.4848 79.8946
      vertex 10.9246 68.0848 79.7279
      vertex 10.9937 68.0848 79.8946
    endloop
  endfacet
  facet normal 0.92378 0 -0.382923
    outer loop
      vertex 10.9246 68.0848 79.7279
      vertex 10.9937 66.4848 79.8946
      vertex 10.9246 66.4848 79.7279
    endloop
  endfacet
  facet normal -0.923859 0 -0.382734
    outer loop
      vertex 8.87536 66.4848 79.7279
      vertex 8.8063 68.0848 79.8946
      vertex 8.87536 68.0848 79.7279
    endloop
  endfacet
  facet normal -0.923859 -0 -0.382734
    outer loop
      vertex 8.8063 68.0848 79.8946
      vertex 8.87536 66.4848 79.7279
      vertex 8.8063 66.4848 79.8946
    endloop
  endfacet
  facet normal -0.852563 0 -0.522624
    outer loop
      vertex 8.96964 66.4848 79.5741
      vertex 8.87536 68.0848 79.7279
      vertex 8.96964 68.0848 79.5741
    endloop
  endfacet
  facet normal -0.852563 -0 -0.522624
    outer loop
      vertex 8.87536 68.0848 79.7279
      vertex 8.96964 66.4848 79.5741
      vertex 8.87536 66.4848 79.7279
    endloop
  endfacet
  facet normal -0.760612 0 -0.649207
    outer loop
      vertex 9.08683 66.4848 79.4368
      vertex 8.96964 68.0848 79.5741
      vertex 9.08683 68.0848 79.4368
    endloop
  endfacet
  facet normal -0.760612 -0 -0.649207
    outer loop
      vertex 8.96964 68.0848 79.5741
      vertex 9.08683 66.4848 79.4368
      vertex 8.96964 66.4848 79.5741
    endloop
  endfacet
  facet normal 0 -1 0
    outer loop
      vertex 10.2 68.0848 81.357
      vertex 10.3635 68.0848 81.6766
      vertex 10.2 68.0848 81.7158
    endloop
  endfacet
  facet normal 0 -1 -0
    outer loop
      vertex 10.3635 68.0848 81.6766
      vertex 10.2554 68.0848 81.3437
      vertex 10.581 68.0848 81.5865
    endloop
  endfacet
  facet normal 0 -1 0
    outer loop
      vertex 10.3635 68.0848 81.6766
      vertex 10.2 68.0848 81.357
      vertex 10.2554 68.0848 81.3437
    endloop
  endfacet
  facet normal 0 -1 0
    outer loop
      vertex 10.581 68.0848 81.5865
      vertex 10.2554 68.0848 81.3437
      vertex 10.4221 68.0848 81.2746
    endloop
  endfacet
  facet normal 0 -1 -0
    outer loop
      vertex 10.581 68.0848 81.5865
      vertex 10.4221 68.0848 81.2746
      vertex 10.7817 68.0848 81.4635
    endloop
  endfacet
  facet normal 0 -1 0
    outer loop
      vertex 10.5759 68.0848 81.1804
      vertex 10.7817 68.0848 81.4635
      vertex 10.4221 68.0848 81.2746
    endloop
  endfacet
  facet normal 0 -1 -0
    outer loop
      vertex 10.7817 68.0848 81.4635
      vertex 10.5759 68.0848 81.1804
      vertex 10.9607 68.0848 81.3107
    endloop
  endfacet
  facet normal 0 -1 0
    outer loop
      vertex 10.7132 68.0848 81.0632
      vertex 10.9607 68.0848 81.3107
      vertex 10.5759 68.0848 81.1804
    endloop
  endfacet
  facet normal 0 -1 -0
    outer loop
      vertex 10.9607 68.0848 81.3107
      vertex 10.7132 68.0848 81.0632
      vertex 11.1135 68.0848 81.1317
    endloop
  endfacet
  facet normal 0 -1 0
    outer loop
      vertex 10.8304 68.0848 80.9259
      vertex 11.1135 68.0848 81.1317
      vertex 10.7132 68.0848 81.0632
    endloop
  endfacet
  facet normal 0 -1 -0
    outer loop
      vertex 11.1135 68.0848 81.1317
      vertex 10.8304 68.0848 80.9259
      vertex 11.2365 68.0848 80.931
    endloop
  endfacet
  facet normal 0 -1 0
    outer loop
      vertex 10.9246 68.0848 80.7721
      vertex 11.2365 68.0848 80.931
      vertex 10.8304 68.0848 80.9259
    endloop
  endfacet
  facet normal 0 -1 0
    outer loop
      vertex 10.9246 68.0848 80.7721
      vertex 11.3266 68.0848 80.7135
      vertex 11.2365 68.0848 80.931
    endloop
  endfacet
  facet normal 0 -1 0
    outer loop
      vertex 10.9937 68.0848 80.6054
      vertex 11.3266 68.0848 80.7135
      vertex 10.9246 68.0848 80.7721
    endloop
  endfacet
  facet normal 0 -1 0
    outer loop
      vertex 10.9937 68.0848 80.6054
      vertex 11.3815 68.0848 80.4846
      vertex 11.3266 68.0848 80.7135
    endloop
  endfacet
  facet normal 0 -1 0
    outer loop
      vertex 11.0358 68.0848 80.4299
      vertex 11.3815 68.0848 80.4846
      vertex 10.9937 68.0848 80.6054
    endloop
  endfacet
  facet normal 0 -1 0
    outer loop
      vertex 11.05 68.0848 80.25
      vertex 11.3815 68.0848 80.4846
      vertex 11.0358 68.0848 80.4299
    endloop
  endfacet
  facet normal 0 -1 0
    outer loop
      vertex 11.05 68.0848 80.25
      vertex 11.4 68.0848 80.25
      vertex 11.3815 68.0848 80.4846
    endloop
  endfacet
  facet normal 0 -1 0
    outer loop
      vertex 11.0358 68.0848 80.0701
      vertex 11.4 68.0848 80.25
      vertex 11.05 68.0848 80.25
    endloop
  endfacet
  facet normal 0 -1 0
    outer loop
      vertex 11.0358 68.0848 80.0701
      vertex 11.3815 68.0848 80.0154
      vertex 11.4 68.0848 80.25
    endloop
  endfacet
  facet normal 0 -1 0
    outer loop
      vertex 10.9937 68.0848 79.8946
      vertex 11.3815 68.0848 80.0154
      vertex 11.0358 68.0848 80.0701
    endloop
  endfacet
  facet normal 0 -1 0
    outer loop
      vertex 10.9937 68.0848 79.8946
      vertex 11.3266 68.0848 79.7865
      vertex 11.3815 68.0848 80.0154
    endloop
  endfacet
  facet normal 0 -1 0
    outer loop
      vertex 10.9246 68.0848 79.7279
      vertex 11.3266 68.0848 79.7865
      vertex 10.9937 68.0848 79.8946
    endloop
  endfacet
  facet normal 0 -1 0
    outer loop
      vertex 11.2365 68.0848 79.569
      vertex 10.9246 68.0848 79.7279
      vertex 10.8304 68.0848 79.5741
    endloop
  endfacet
  facet normal 0 -1 0
    outer loop
      vertex 10.9246 68.0848 79.7279
      vertex 11.2365 68.0848 79.569
      vertex 11.3266 68.0848 79.7865
    endloop
  endfacet
  facet normal 0 -1 0
    outer loop
      vertex 11.1135 68.0848 79.3683
      vertex 10.8304 68.0848 79.5741
      vertex 10.7132 68.0848 79.4368
    endloop
  endfacet
  facet normal 0 -1 0
    outer loop
      vertex 10.8304 68.0848 79.5741
      vertex 11.1135 68.0848 79.3683
      vertex 11.2365 68.0848 79.569
    endloop
  endfacet
  facet normal 0 -1 0
    outer loop
      vertex 10.7132 68.0848 79.4368
      vertex 10.9607 68.0848 79.1893
      vertex 11.1135 68.0848 79.3683
    endloop
  endfacet
  facet normal 0 -1 0
    outer loop
      vertex 10.9213 68.0848 79.15
      vertex 10.7132 68.0848 79.4368
      vertex 10.4263 68.0848 79.15
    endloop
  endfacet
  facet normal 0 -1 0
    outer loop
      vertex 10.7132 68.0848 79.4368
      vertex 10.9213 68.0848 79.15
      vertex 10.9607 68.0848 79.1893
    endloop
  endfacet
  facet normal 0 -1 0
    outer loop
      vertex 9.54464 68.0848 81.3437
      vertex 9.43648 68.0848 81.6766
      vertex 9.21902 68.0848 81.5865
    endloop
  endfacet
  facet normal 0 -1 0
    outer loop
      vertex 9.37792 68.0848 81.2746
      vertex 9.21902 68.0848 81.5865
      vertex 9.01833 68.0848 81.4635
    endloop
  endfacet
  facet normal -0 -1 0
    outer loop
      vertex 9.54464 68.0848 81.3437
      vertex 9.21902 68.0848 81.5865
      vertex 9.37792 68.0848 81.2746
    endloop
  endfacet
  facet normal 0 -1 0
    outer loop
      vertex 9.43648 68.0848 81.6766
      vertex 9.6 68.0848 81.357
      vertex 9.6 68.0848 81.7158
    endloop
  endfacet
  facet normal 0 -1 0
    outer loop
      vertex 9.22405 68.0848 81.1804
      vertex 9.01833 68.0848 81.4635
      vertex 8.83935 68.0848 81.3107
    endloop
  endfacet
  facet normal -0 -1 0
    outer loop
      vertex 9.6 68.0848 81.357
      vertex 9.43648 68.0848 81.6766
      vertex 9.54464 68.0848 81.3437
    endloop
  endfacet
  facet normal 0 -1 0
    outer loop
      vertex 9.01833 68.0848 81.4635
      vertex 9.22405 68.0848 81.1804
      vertex 9.37792 68.0848 81.2746
    endloop
  endfacet
  facet normal 0 -1 0
    outer loop
      vertex 9.08683 68.0848 81.0632
      vertex 8.83935 68.0848 81.3107
      vertex 8.68648 68.0848 81.1317
    endloop
  endfacet
  facet normal 0 -1 0
    outer loop
      vertex 8.83935 68.0848 81.3107
      vertex 9.08683 68.0848 81.0632
      vertex 9.22405 68.0848 81.1804
    endloop
  endfacet
  facet normal 0 -1 0
    outer loop
      vertex 8.96964 68.0848 80.9259
      vertex 8.68648 68.0848 81.1317
      vertex 8.5635 68.0848 80.931
    endloop
  endfacet
  facet normal 0 -1 0
    outer loop
      vertex 8.68648 68.0848 81.1317
      vertex 8.96964 68.0848 80.9259
      vertex 9.08683 68.0848 81.0632
    endloop
  endfacet
  facet normal 0 -1 0
    outer loop
      vertex 8.5635 68.0848 80.931
      vertex 8.87536 68.0848 80.7721
      vertex 8.96964 68.0848 80.9259
    endloop
  endfacet
  facet normal 0 -1 0
    outer loop
      vertex 8.47342 68.0848 80.7135
      vertex 8.87536 68.0848 80.7721
      vertex 8.5635 68.0848 80.931
    endloop
  endfacet
  facet normal 0 -1 0
    outer loop
      vertex 8.47342 68.0848 80.7135
      vertex 8.8063 68.0848 80.6054
      vertex 8.87536 68.0848 80.7721
    endloop
  endfacet
  facet normal 0 -1 0
    outer loop
      vertex 8.41848 68.0848 80.4846
      vertex 8.8063 68.0848 80.6054
      vertex 8.47342 68.0848 80.7135
    endloop
  endfacet
  facet normal 0 -1 0
    outer loop
      vertex 8.41848 68.0848 80.4846
      vertex 8.76417 68.0848 80.4299
      vertex 8.8063 68.0848 80.6054
    endloop
  endfacet
  facet normal 0 -1 0
    outer loop
      vertex 8.4 68.0848 80.25
      vertex 8.76417 68.0848 80.4299
      vertex 8.41848 68.0848 80.4846
    endloop
  endfacet
  facet normal 0 -1 0
    outer loop
      vertex 8.4 68.0848 80.25
      vertex 8.75001 68.0848 80.25
      vertex 8.76417 68.0848 80.4299
    endloop
  endfacet
  facet normal 0 -1 0
    outer loop
      vertex 8.4 68.0848 80.25
      vertex 8.76417 68.0848 80.0701
      vertex 8.75001 68.0848 80.25
    endloop
  endfacet
  facet normal 0 -1 0
    outer loop
      vertex 8.41848 68.0848 80.0154
      vertex 8.76417 68.0848 80.0701
      vertex 8.4 68.0848 80.25
    endloop
  endfacet
  facet normal 0 -1 0
    outer loop
      vertex 8.41848 68.0848 80.0154
      vertex 8.8063 68.0848 79.8946
      vertex 8.76417 68.0848 80.0701
    endloop
  endfacet
  facet normal 0 -1 0
    outer loop
      vertex 8.47342 68.0848 79.7865
      vertex 8.8063 68.0848 79.8946
      vertex 8.41848 68.0848 80.0154
    endloop
  endfacet
  facet normal 0 -1 0
    outer loop
      vertex 8.47342 68.0848 79.7865
      vertex 8.87536 68.0848 79.7279
      vertex 8.8063 68.0848 79.8946
    endloop
  endfacet
  facet normal 0 -1 0
    outer loop
      vertex 8.5635 68.0848 79.569
      vertex 8.87536 68.0848 79.7279
      vertex 8.47342 68.0848 79.7865
    endloop
  endfacet
  facet normal 0 -1 -0
    outer loop
      vertex 8.87536 68.0848 79.7279
      vertex 8.5635 68.0848 79.569
      vertex 8.96964 68.0848 79.5741
    endloop
  endfacet
  facet normal 0 -1 0
    outer loop
      vertex 8.68648 68.0848 79.3683
      vertex 8.96964 68.0848 79.5741
      vertex 8.5635 68.0848 79.569
    endloop
  endfacet
  facet normal 0 -1 -0
    outer loop
      vertex 8.96964 68.0848 79.5741
      vertex 8.68648 68.0848 79.3683
      vertex 9.08683 68.0848 79.4368
    endloop
  endfacet
  facet normal 0 -1 0
    outer loop
      vertex 8.83935 68.0848 79.1893
      vertex 9.08683 68.0848 79.4368
      vertex 8.68648 68.0848 79.3683
    endloop
  endfacet
  facet normal 0 -1 0
    outer loop
      vertex 8.87868 68.0848 79.15
      vertex 9.08683 68.0848 79.4368
      vertex 8.83935 68.0848 79.1893
    endloop
  endfacet
  facet normal 0 -1 -0
    outer loop
      vertex 9.08683 68.0848 79.4368
      vertex 8.87868 68.0848 79.15
      vertex 9.37366 68.0848 79.15
    endloop
  endfacet
  facet normal -0.233599 0 0.972333
    outer loop
      vertex 9.54464 68.0848 81.3437
      vertex 9.6 66.4848 81.357
      vertex 9.6 68.0848 81.357
    endloop
  endfacet
  facet normal -0.233599 0 0.972333
    outer loop
      vertex 9.6 66.4848 81.357
      vertex 9.54464 68.0848 81.3437
      vertex 9.54464 66.4848 81.3437
    endloop
  endfacet
  facet normal -0.649458 0 0.760398
    outer loop
      vertex 9.08683 68.0848 81.0632
      vertex 9.22405 66.4848 81.1804
      vertex 9.22405 68.0848 81.1804
    endloop
  endfacet
  facet normal -0.649458 0 0.760398
    outer loop
      vertex 9.22405 66.4848 81.1804
      vertex 9.08683 68.0848 81.0632
      vertex 9.08683 66.4848 81.0632
    endloop
  endfacet
  facet normal -0.382884 0 0.923797
    outer loop
      vertex 9.37792 68.0848 81.2746
      vertex 9.54464 66.4848 81.3437
      vertex 9.54464 68.0848 81.3437
    endloop
  endfacet
  facet normal -0.382884 0 0.923797
    outer loop
      vertex 9.54464 66.4848 81.3437
      vertex 9.37792 68.0848 81.2746
      vertex 9.37792 66.4848 81.2746
    endloop
  endfacet
  facet normal 0.852761 -0 0.522302
    outer loop
      vertex 10.8304 66.4848 80.9259
      vertex 10.9246 68.0848 80.7721
      vertex 10.8304 68.0848 80.9259
    endloop
  endfacet
  facet normal 0.852761 0 0.522302
    outer loop
      vertex 10.9246 68.0848 80.7721
      vertex 10.8304 66.4848 80.9259
      vertex 10.9246 66.4848 80.7721
    endloop
  endfacet
  facet normal 0.649239 0 0.760585
    outer loop
      vertex 10.5759 68.0848 81.1804
      vertex 10.7132 66.4848 81.0632
      vertex 10.7132 68.0848 81.0632
    endloop
  endfacet
  facet normal 0.649239 0 0.760585
    outer loop
      vertex 10.7132 66.4848 81.0632
      vertex 10.5759 68.0848 81.1804
      vertex 10.5759 66.4848 81.1804
    endloop
  endfacet
  facet normal 0.996899 -0 0.078688
    outer loop
      vertex 11.0358 66.4848 80.4299
      vertex 11.05 68.0848 80.25
      vertex 11.0358 68.0848 80.4299
    endloop
  endfacet
  facet normal 0.996899 0 0.078688
    outer loop
      vertex 11.05 68.0848 80.25
      vertex 11.0358 66.4848 80.4299
      vertex 11.05 66.4848 80.25
    endloop
  endfacet
  facet normal 0.972412 0 -0.233268
    outer loop
      vertex 11.0358 66.4848 80.0701
      vertex 10.9937 68.0848 79.8946
      vertex 11.0358 68.0848 80.0701
    endloop
  endfacet
  facet normal 0.972412 0 -0.233268
    outer loop
      vertex 10.9937 68.0848 79.8946
      vertex 11.0358 66.4848 80.0701
      vertex 10.9937 66.4848 79.8946
    endloop
  endfacet
  facet normal 0.996899 0 -0.078688
    outer loop
      vertex 11.05 66.4848 80.25
      vertex 11.0358 68.0848 80.0701
      vertex 11.05 68.0848 80.25
    endloop
  endfacet
  facet normal 0.996899 0 -0.078688
    outer loop
      vertex 11.0358 68.0848 80.0701
      vertex 11.05 66.4848 80.25
      vertex 11.0358 66.4848 80.0701
    endloop
  endfacet
  facet normal 0.350239 0.398889 0.847479
    outer loop
      vertex 10.2 69.4518 81.1055
      vertex 10.2859 69.5848 81.0074
      vertex 10.2 69.5848 81.0429
    endloop
  endfacet
  facet normal 0.350403 0.398773 0.847466
    outer loop
      vertex 10.2859 69.5848 81.0074
      vertex 10.2 69.4518 81.1055
      vertex 10.581 68.0948 81.5865
    endloop
  endfacet
  facet normal -0.891689 0.398804 -0.214115
    outer loop
      vertex 9.0916 69.5848 79.9874
      vertex 8.41848 68.0948 80.0154
      vertex 9.06048 69.5848 80.117
    endloop
  endfacet
  facet normal 0.522532 0 0.85262
    outer loop
      vertex 10.581 68.0948 81.5865
      vertex 10.7817 68.0848 81.4635
      vertex 10.7817 68.0948 81.4635
    endloop
  endfacet
  facet normal 0.522532 0 0.85262
    outer loop
      vertex 10.7817 68.0848 81.4635
      vertex 10.581 68.0948 81.5865
      vertex 10.581 68.0848 81.5865
    endloop
  endfacet
  facet normal 0.479184 0.398791 0.781888
    outer loop
      vertex 10.7817 68.0948 81.4635
      vertex 10.2859 69.5848 81.0074
      vertex 10.581 68.0948 81.5865
    endloop
  endfacet
  facet normal 0.781888 0.398791 0.479184
    outer loop
      vertex 11.2365 68.0948 80.931
      vertex 10.6574 69.5848 80.6359
      vertex 11.1135 68.0948 81.1317
    endloop
  endfacet
  facet normal 0.595926 0.398887 0.696965
    outer loop
      vertex 10.501 69.5848 80.851
      vertex 10.3996 69.5848 80.9377
      vertex 10.9607 68.0948 81.3107
    endloop
  endfacet
  facet normal -0.847311 0.398803 -0.350744
    outer loop
      vertex 9.14264 69.5848 79.8641
      vertex 8.5635 68.0948 79.569
      vertex 9.0916 69.5848 79.9874
    endloop
  endfacet
  facet normal 0.382714 0 0.923867
    outer loop
      vertex 10.3635 68.0948 81.6766
      vertex 10.581 68.0848 81.5865
      vertex 10.581 68.0948 81.5865
    endloop
  endfacet
  facet normal 0.382714 0 0.923867
    outer loop
      vertex 10.581 68.0848 81.5865
      vertex 10.3635 68.0948 81.6766
      vertex 10.3635 68.0848 81.6766
    endloop
  endfacet
  facet normal 0.3503 0.398761 0.847514
    outer loop
      vertex 10.2 69.3077 81.1733
      vertex 10.581 68.0948 81.5865
      vertex 10.2 69.4518 81.1055
    endloop
  endfacet
  facet normal 0.350954 0.398858 0.847197
    outer loop
      vertex 10.581 68.0948 81.5865
      vertex 10.2 69.3077 81.1733
      vertex 10.3635 68.0948 81.6766
    endloop
  endfacet
  facet normal -0.35105 0.398868 0.847153
    outer loop
      vertex 9.21902 68.0948 81.5865
      vertex 9.6 69.3077 81.1733
      vertex 9.6 69.4517 81.1055
    endloop
  endfacet
  facet normal -0.351008 0.398862 0.847173
    outer loop
      vertex 9.6 69.3077 81.1733
      vertex 9.21902 68.0948 81.5865
      vertex 9.43648 68.0948 81.6766
    endloop
  endfacet
  facet normal -0.891707 0.398814 0.214025
    outer loop
      vertex 9.0916 69.5848 80.5126
      vertex 8.41848 68.0948 80.4846
      vertex 8.47342 68.0948 80.7135
    endloop
  endfacet
  facet normal 0.781888 0.398791 -0.479184
    outer loop
      vertex 11.1135 68.0948 79.3683
      vertex 10.6574 69.5848 79.8641
      vertex 11.2365 68.0948 79.569
    endloop
  endfacet
  facet normal 0.706208 0 -0.708005
    outer loop
      vertex 10.9607 68.0848 79.1893
      vertex 10.9213 68.0948 79.15
      vertex 10.9607 68.0948 79.1893
    endloop
  endfacet
  facet normal 0.706208 0 -0.708005
    outer loop
      vertex 10.9213 68.0948 79.15
      vertex 10.9607 68.0848 79.1893
      vertex 10.9213 68.0848 79.15
    endloop
  endfacet
  facet normal 0.923867 -0 0.382714
    outer loop
      vertex 11.2365 68.0848 80.931
      vertex 11.3266 68.0948 80.7135
      vertex 11.2365 68.0948 80.931
    endloop
  endfacet
  facet normal 0.923867 0 0.382714
    outer loop
      vertex 11.3266 68.0948 80.7135
      vertex 11.2365 68.0848 80.931
      vertex 11.3266 68.0848 80.7135
    endloop
  endfacet
  facet normal 0.648263 0.399738 -0.648047
    outer loop
      vertex 10.501 69.5848 79.649
      vertex 10.2 69.2771 79.1581
      vertex 10.2 69.5848 79.3479
    endloop
  endfacet
  facet normal 0.64813 0.399909 -0.648074
    outer loop
      vertex 10.2 69.2771 79.1581
      vertex 10.501 69.5848 79.649
      vertex 10.9607 68.0948 79.1893
    endloop
  endfacet
  facet normal 0.2138 0.398854 0.891743
    outer loop
      vertex 10.2 69.3077 81.1733
      vertex 10.2 68.0948 81.7158
      vertex 10.3635 68.0948 81.6766
    endloop
  endfacet
  facet normal -0.350352 0.398625 0.847556
    outer loop
      vertex 9.51412 69.5848 81.0074
      vertex 9.6 69.4517 81.1055
      vertex 9.6 69.5848 81.0429
    endloop
  endfacet
  facet normal -0.350154 0.398765 0.847572
    outer loop
      vertex 9.6 69.4517 81.1055
      vertex 9.51412 69.5848 81.0074
      vertex 9.21902 68.0948 81.5865
    endloop
  endfacet
  facet normal -0.595833 0.398857 0.697063
    outer loop
      vertex 9.29897 69.5848 80.851
      vertex 8.83935 68.0948 81.3107
      vertex 9.4004 69.5848 80.9377
    endloop
  endfacet
  facet normal -0.781785 0.398835 0.479316
    outer loop
      vertex 9.14264 69.5848 80.6359
      vertex 8.68648 68.0948 81.1317
      vertex 9.21235 69.5848 80.7496
    endloop
  endfacet
  facet normal -0.697331 0.398832 0.595536
    outer loop
      vertex 9.21235 69.5848 80.7496
      vertex 8.68648 68.0948 81.1317
      vertex 8.83935 68.0948 81.3107
    endloop
  endfacet
  facet normal -0.479201 0.39879 0.781877
    outer loop
      vertex 9.51412 69.5848 81.0074
      vertex 9.01833 68.0948 81.4635
      vertex 9.21902 68.0948 81.5865
    endloop
  endfacet
  facet normal -0.9142 0.398814 0.0720137
    outer loop
      vertex 9.06048 69.5848 80.383
      vertex 8.4 68.0948 80.25
      vertex 8.41848 68.0948 80.4846
    endloop
  endfacet
  facet normal -0.891689 0.398804 0.214115
    outer loop
      vertex 9.06048 69.5848 80.383
      vertex 8.41848 68.0948 80.4846
      vertex 9.0916 69.5848 80.5126
    endloop
  endfacet
  facet normal 0 1 0
    outer loop
      vertex 9.6 69.5848 81.0429
      vertex 9.4004 69.5848 80.9377
      vertex 9.51412 69.5848 81.0074
    endloop
  endfacet
  facet normal 0 1 0
    outer loop
      vertex 9.6 69.5848 81.0429
      vertex 9.29897 69.5848 80.851
      vertex 9.4004 69.5848 80.9377
    endloop
  endfacet
  facet normal 0 1 0
    outer loop
      vertex 9.6 69.5848 81.0429
      vertex 9.21235 69.5848 80.7496
      vertex 9.29897 69.5848 80.851
    endloop
  endfacet
  facet normal 0 1 0
    outer loop
      vertex 9.6 69.5848 81.0429
      vertex 9.14264 69.5848 80.6359
      vertex 9.21235 69.5848 80.7496
    endloop
  endfacet
  facet normal 0 1 0
    outer loop
      vertex 9.6 69.5848 81.0429
      vertex 9.0916 69.5848 80.5126
      vertex 9.14264 69.5848 80.6359
    endloop
  endfacet
  facet normal 0 1 0
    outer loop
      vertex 9.6 69.5848 81.0429
      vertex 9.06048 69.5848 80.383
      vertex 9.0916 69.5848 80.5126
    endloop
  endfacet
  facet normal 0 1 0
    outer loop
      vertex 9.6 69.5848 81.0429
      vertex 9.05001 69.5848 80.25
      vertex 9.06048 69.5848 80.383
    endloop
  endfacet
  facet normal 0 1 0
    outer loop
      vertex 9.6 69.5848 81.0429
      vertex 9.06048 69.5848 80.117
      vertex 9.05001 69.5848 80.25
    endloop
  endfacet
  facet normal 0 1 0
    outer loop
      vertex 9.6 69.5848 81.0429
      vertex 9.0916 69.5848 79.9874
      vertex 9.06048 69.5848 80.117
    endloop
  endfacet
  facet normal 0 1 0
    outer loop
      vertex 9.6 69.5848 81.0429
      vertex 9.14264 69.5848 79.8641
      vertex 9.0916 69.5848 79.9874
    endloop
  endfacet
  facet normal 0 1 0
    outer loop
      vertex 9.6 69.5848 81.0429
      vertex 9.21235 69.5848 79.7504
      vertex 9.14264 69.5848 79.8641
    endloop
  endfacet
  facet normal 0 1 0
    outer loop
      vertex 9.6 69.5848 81.0429
      vertex 9.29897 69.5848 79.649
      vertex 9.21235 69.5848 79.7504
    endloop
  endfacet
  facet normal -0 1 0
    outer loop
      vertex 9.29897 69.5848 79.649
      vertex 9.6 69.5848 81.0429
      vertex 9.6 69.5848 79.3479
    endloop
  endfacet
  facet normal 0 1 0
    outer loop
      vertex 10.3996 69.5848 80.9377
      vertex 10.2 69.5848 81.0429
      vertex 10.2859 69.5848 81.0074
    endloop
  endfacet
  facet normal 0 1 0
    outer loop
      vertex 10.501 69.5848 80.851
      vertex 10.2 69.5848 81.0429
      vertex 10.3996 69.5848 80.9377
    endloop
  endfacet
  facet normal 0 1 0
    outer loop
      vertex 10.5877 69.5848 80.7496
      vertex 10.2 69.5848 81.0429
      vertex 10.501 69.5848 80.851
    endloop
  endfacet
  facet normal 0 1 0
    outer loop
      vertex 10.6574 69.5848 80.6359
      vertex 10.2 69.5848 81.0429
      vertex 10.5877 69.5848 80.7496
    endloop
  endfacet
  facet normal 0 1 0
    outer loop
      vertex 10.7084 69.5848 80.5126
      vertex 10.2 69.5848 81.0429
      vertex 10.6574 69.5848 80.6359
    endloop
  endfacet
  facet normal 0 1 0
    outer loop
      vertex 10.7395 69.5848 80.383
      vertex 10.2 69.5848 81.0429
      vertex 10.7084 69.5848 80.5126
    endloop
  endfacet
  facet normal 0 1 0
    outer loop
      vertex 10.75 69.5848 80.25
      vertex 10.2 69.5848 81.0429
      vertex 10.7395 69.5848 80.383
    endloop
  endfacet
  facet normal 0 1 -0
    outer loop
      vertex 10.7395 69.5848 80.117
      vertex 10.2 69.5848 81.0429
      vertex 10.75 69.5848 80.25
    endloop
  endfacet
  facet normal 0 1 -0
    outer loop
      vertex 10.7084 69.5848 79.9874
      vertex 10.2 69.5848 81.0429
      vertex 10.7395 69.5848 80.117
    endloop
  endfacet
  facet normal 0 1 -0
    outer loop
      vertex 10.6574 69.5848 79.8641
      vertex 10.2 69.5848 81.0429
      vertex 10.7084 69.5848 79.9874
    endloop
  endfacet
  facet normal 0 1 -0
    outer loop
      vertex 10.5877 69.5848 79.7504
      vertex 10.2 69.5848 81.0429
      vertex 10.6574 69.5848 79.8641
    endloop
  endfacet
  facet normal 0 1 -0
    outer loop
      vertex 10.501 69.5848 79.649
      vertex 10.2 69.5848 81.0429
      vertex 10.5877 69.5848 79.7504
    endloop
  endfacet
  facet normal 0 1 0
    outer loop
      vertex 10.2 69.5848 81.0429
      vertex 10.501 69.5848 79.649
      vertex 10.2 69.5848 79.3479
    endloop
  endfacet
  facet normal -0.9142 0.398814 -0.0720137
    outer loop
      vertex 8.41848 68.0948 80.0154
      vertex 8.4 68.0948 80.25
      vertex 9.06048 69.5848 80.117
    endloop
  endfacet
  facet normal -0.697331 0.398832 -0.595536
    outer loop
      vertex 8.83935 68.0948 79.1893
      vertex 8.68648 68.0948 79.3683
      vertex 9.21235 69.5848 79.7504
    endloop
  endfacet
  facet normal -0.647913 0.39972 -0.648408
    outer loop
      vertex 8.83935 68.0948 79.1893
      vertex 9.6 69.264 79.15
      vertex 8.87868 68.0948 79.15
    endloop
  endfacet
  facet normal -0.648673 0.400251 -0.647319
    outer loop
      vertex 9.6 69.264 79.15
      vertex 8.83935 68.0948 79.1893
      vertex 9.6 69.2771 79.1581
    endloop
  endfacet
  facet normal -0.972383 0 -0.233389
    outer loop
      vertex 8.47342 68.0848 79.7865
      vertex 8.41848 68.0948 80.0154
      vertex 8.47342 68.0948 79.7865
    endloop
  endfacet
  facet normal -0.972383 -0 -0.233389
    outer loop
      vertex 8.41848 68.0948 80.0154
      vertex 8.47342 68.0848 79.7865
      vertex 8.41848 68.0848 80.0154
    endloop
  endfacet
  facet normal -0.972383 0 0.233389
    outer loop
      vertex 8.41848 68.0848 80.4846
      vertex 8.47342 68.0948 80.7135
      vertex 8.41848 68.0948 80.4846
    endloop
  endfacet
  facet normal -0.972383 0 0.233389
    outer loop
      vertex 8.47342 68.0948 80.7135
      vertex 8.41848 68.0848 80.4846
      vertex 8.47342 68.0848 80.7135
    endloop
  endfacet
  facet normal 0.648648 0.400262 -0.647337
    outer loop
      vertex 10.9607 68.0948 79.1893
      vertex 10.2 69.264 79.15
      vertex 10.2 69.2771 79.1581
    endloop
  endfacet
  facet normal 0.647431 0.399412 -0.649079
    outer loop
      vertex 10.2 69.264 79.15
      vertex 10.9607 68.0948 79.1893
      vertex 10.9213 68.0948 79.15
    endloop
  endfacet
  facet normal 0.760575 0 -0.64925
    outer loop
      vertex 11.1135 68.0848 79.3683
      vertex 10.9607 68.0948 79.1893
      vertex 11.1135 68.0948 79.3683
    endloop
  endfacet
  facet normal 0.760575 0 -0.64925
    outer loop
      vertex 10.9607 68.0948 79.1893
      vertex 11.1135 68.0848 79.3683
      vertex 10.9607 68.0848 79.1893
    endloop
  endfacet
  facet normal 0.595384 0.39881 0.697472
    outer loop
      vertex 10.9607 68.0948 81.3107
      vertex 10.3996 69.5848 80.9377
      vertex 10.7817 68.0948 81.4635
    endloop
  endfacet
  facet normal 0.84721 0.398827 -0.350959
    outer loop
      vertex 11.2365 68.0948 79.569
      vertex 10.7084 69.5848 79.9874
      vertex 11.3266 68.0948 79.7865
    endloop
  endfacet
  facet normal 0.696965 0.398887 -0.595926
    outer loop
      vertex 10.9607 68.0948 79.1893
      vertex 10.501 69.5848 79.649
      vertex 10.5877 69.5848 79.7504
    endloop
  endfacet
  facet normal -0.852657 0 -0.52247
    outer loop
      vertex 8.68648 68.0848 79.3683
      vertex 8.5635 68.0948 79.569
      vertex 8.68648 68.0948 79.3683
    endloop
  endfacet
  facet normal -0.852657 -0 -0.52247
    outer loop
      vertex 8.5635 68.0948 79.569
      vertex 8.68648 68.0848 79.3683
      vertex 8.5635 68.0848 79.569
    endloop
  endfacet
  facet normal -0.382775 0 0.923842
    outer loop
      vertex 9.21902 68.0948 81.5865
      vertex 9.43648 68.0848 81.6766
      vertex 9.43648 68.0948 81.6766
    endloop
  endfacet
  facet normal -0.382775 0 0.923842
    outer loop
      vertex 9.43648 68.0848 81.6766
      vertex 9.21902 68.0948 81.5865
      vertex 9.21902 68.0848 81.5865
    endloop
  endfacet
  facet normal -0.852657 0 0.52247
    outer loop
      vertex 8.5635 68.0848 80.931
      vertex 8.68648 68.0948 81.1317
      vertex 8.5635 68.0948 80.931
    endloop
  endfacet
  facet normal -0.852657 0 0.52247
    outer loop
      vertex 8.68648 68.0948 81.1317
      vertex 8.5635 68.0848 80.931
      vertex 8.68648 68.0848 81.1317
    endloop
  endfacet
  facet normal -0.781915 0.39881 0.479123
    outer loop
      vertex 9.14264 69.5848 80.6359
      vertex 8.5635 68.0948 80.931
      vertex 8.68648 68.0948 81.1317
    endloop
  endfacet
  facet normal -0.697251 0.398844 0.595621
    outer loop
      vertex 9.21235 69.5848 80.7496
      vertex 8.83935 68.0948 81.3107
      vertex 9.29897 69.5848 80.851
    endloop
  endfacet
  facet normal -0.760428 0 0.649422
    outer loop
      vertex 8.68648 68.0848 81.1317
      vertex 8.83935 68.0948 81.3107
      vertex 8.68648 68.0948 81.1317
    endloop
  endfacet
  facet normal -0.760428 0 0.649422
    outer loop
      vertex 8.83935 68.0948 81.3107
      vertex 8.68648 68.0848 81.1317
      vertex 8.83935 68.0848 81.3107
    endloop
  endfacet
  facet normal -0.914201 0.398819 -0.0719676
    outer loop
      vertex 9.06048 69.5848 80.117
      vertex 8.4 68.0948 80.25
      vertex 9.05001 69.5848 80.25
    endloop
  endfacet
  facet normal -0.914201 0.398819 0.0719676
    outer loop
      vertex 9.05001 69.5848 80.25
      vertex 8.4 68.0948 80.25
      vertex 9.06048 69.5848 80.383
    endloop
  endfacet
  facet normal -0.84724 0.39882 0.350894
    outer loop
      vertex 9.0916 69.5848 80.5126
      vertex 8.47342 68.0948 80.7135
      vertex 8.5635 68.0948 80.931
    endloop
  endfacet
  facet normal -0.847311 0.398803 0.350744
    outer loop
      vertex 9.0916 69.5848 80.5126
      vertex 8.5635 68.0948 80.931
      vertex 9.14264 69.5848 80.6359
    endloop
  endfacet
  facet normal -0.84724 0.39882 -0.350894
    outer loop
      vertex 8.5635 68.0948 79.569
      vertex 8.47342 68.0948 79.7865
      vertex 9.0916 69.5848 79.9874
    endloop
  endfacet
  facet normal -0.891707 0.398814 -0.214025
    outer loop
      vertex 8.47342 68.0948 79.7865
      vertex 8.41848 68.0948 80.0154
      vertex 9.0916 69.5848 79.9874
    endloop
  endfacet
  facet normal -0.923897 0 -0.382642
    outer loop
      vertex 8.5635 68.0848 79.569
      vertex 8.47342 68.0948 79.7865
      vertex 8.5635 68.0948 79.569
    endloop
  endfacet
  facet normal -0.923897 -0 -0.382642
    outer loop
      vertex 8.47342 68.0948 79.7865
      vertex 8.5635 68.0848 79.569
      vertex 8.47342 68.0848 79.7865
    endloop
  endfacet
  facet normal -0.996912 0 0.0785291
    outer loop
      vertex 8.4 68.0848 80.25
      vertex 8.41848 68.0948 80.4846
      vertex 8.4 68.0948 80.25
    endloop
  endfacet
  facet normal -0.996912 0 0.0785291
    outer loop
      vertex 8.41848 68.0948 80.4846
      vertex 8.4 68.0848 80.25
      vertex 8.41848 68.0848 80.4846
    endloop
  endfacet
  facet normal -0.996912 0 -0.0785291
    outer loop
      vertex 8.41848 68.0848 80.0154
      vertex 8.4 68.0948 80.25
      vertex 8.41848 68.0948 80.0154
    endloop
  endfacet
  facet normal -0.996912 -0 -0.0785291
    outer loop
      vertex 8.4 68.0948 80.25
      vertex 8.41848 68.0848 80.0154
      vertex 8.4 68.0848 80.25
    endloop
  endfacet
  facet normal -0.923897 0 0.382642
    outer loop
      vertex 8.47342 68.0848 80.7135
      vertex 8.5635 68.0948 80.931
      vertex 8.47342 68.0948 80.7135
    endloop
  endfacet
  facet normal -0.923897 0 0.382642
    outer loop
      vertex 8.5635 68.0948 80.931
      vertex 8.47342 68.0848 80.7135
      vertex 8.5635 68.0848 80.931
    endloop
  endfacet
  facet normal 0.972422 -0 0.233228
    outer loop
      vertex 11.3266 68.0848 80.7135
      vertex 11.3815 68.0948 80.4846
      vertex 11.3266 68.0948 80.7135
    endloop
  endfacet
  facet normal 0.972422 0 0.233228
    outer loop
      vertex 11.3815 68.0948 80.4846
      vertex 11.3266 68.0848 80.7135
      vertex 11.3815 68.0848 80.4846
    endloop
  endfacet
  facet normal 0.914193 0.398816 0.0720911
    outer loop
      vertex 11.4 68.0948 80.25
      vertex 10.7395 69.5848 80.383
      vertex 11.3815 68.0948 80.4846
    endloop
  endfacet
  facet normal 0.697472 0.39881 -0.595384
    outer loop
      vertex 10.9607 68.0948 79.1893
      vertex 10.5877 69.5848 79.7504
      vertex 11.1135 68.0948 79.3683
    endloop
  endfacet
  facet normal 0.891719 0.398808 -0.213985
    outer loop
      vertex 11.3815 68.0948 80.0154
      vertex 10.7084 69.5848 79.9874
      vertex 10.7395 69.5848 80.117
    endloop
  endfacet
  facet normal -0.760428 0 -0.649422
    outer loop
      vertex 8.83935 68.0848 79.1893
      vertex 8.68648 68.0948 79.3683
      vertex 8.83935 68.0948 79.1893
    endloop
  endfacet
  facet normal -0.760428 -0 -0.649422
    outer loop
      vertex 8.68648 68.0948 79.3683
      vertex 8.83935 68.0848 79.1893
      vertex 8.68648 68.0848 79.3683
    endloop
  endfacet
  facet normal -0.213775 0.398856 0.891748
    outer loop
      vertex 9.6 69.3077 81.1733
      vertex 9.43648 68.0948 81.6766
      vertex 9.6 68.0948 81.7158
    endloop
  endfacet
  facet normal -0.479214 0.398792 0.781869
    outer loop
      vertex 9.4004 69.5848 80.9377
      vertex 9.01833 68.0948 81.4635
      vertex 9.51412 69.5848 81.0074
    endloop
  endfacet
  facet normal -0.595426 0.398799 0.697443
    outer loop
      vertex 9.4004 69.5848 80.9377
      vertex 8.83935 68.0948 81.3107
      vertex 9.01833 68.0948 81.4635
    endloop
  endfacet
  facet normal -0.781785 0.398835 -0.479316
    outer loop
      vertex 9.21235 69.5848 79.7504
      vertex 8.68648 68.0948 79.3683
      vertex 9.14264 69.5848 79.8641
    endloop
  endfacet
  facet normal -0.781915 0.39881 -0.479123
    outer loop
      vertex 8.68648 68.0948 79.3683
      vertex 8.5635 68.0948 79.569
      vertex 9.14264 69.5848 79.8641
    endloop
  endfacet
  facet normal 0.479273 0.398802 0.781827
    outer loop
      vertex 10.3996 69.5848 80.9377
      vertex 10.2859 69.5848 81.0074
      vertex 10.7817 68.0948 81.4635
    endloop
  endfacet
  facet normal 0.84721 0.398827 0.350959
    outer loop
      vertex 11.3266 68.0948 80.7135
      vertex 10.7084 69.5848 80.5126
      vertex 11.2365 68.0948 80.931
    endloop
  endfacet
  facet normal 0.89174 0.39882 0.213877
    outer loop
      vertex 11.3815 68.0948 80.4846
      vertex 10.7084 69.5848 80.5126
      vertex 11.3266 68.0948 80.7135
    endloop
  endfacet
  facet normal 0.914193 0.398816 -0.0720911
    outer loop
      vertex 11.3815 68.0948 80.0154
      vertex 10.7395 69.5848 80.117
      vertex 11.4 68.0948 80.25
    endloop
  endfacet
  facet normal 0.781827 0.398802 -0.479273
    outer loop
      vertex 11.1135 68.0948 79.3683
      vertex 10.5877 69.5848 79.7504
      vertex 10.6574 69.5848 79.8641
    endloop
  endfacet
  facet normal 0.847418 0.398776 -0.350514
    outer loop
      vertex 11.2365 68.0948 79.569
      vertex 10.6574 69.5848 79.8641
      vertex 10.7084 69.5848 79.9874
    endloop
  endfacet
  facet normal -0.697251 0.398844 -0.595621
    outer loop
      vertex 9.29897 69.5848 79.649
      vertex 8.83935 68.0948 79.1893
      vertex 9.21235 69.5848 79.7504
    endloop
  endfacet
  facet normal -0.648225 0.399755 -0.648074
    outer loop
      vertex 9.6 69.2771 79.1581
      vertex 9.29897 69.5848 79.649
      vertex 9.6 69.5848 79.3479
    endloop
  endfacet
  facet normal -0.648128 0.39988 -0.648094
    outer loop
      vertex 9.29897 69.5848 79.649
      vertex 9.6 69.2771 79.1581
      vertex 8.83935 68.0948 79.1893
    endloop
  endfacet
  facet normal 0.233148 0 0.972441
    outer loop
      vertex 10.2 68.0948 81.7158
      vertex 10.3635 68.0848 81.6766
      vertex 10.3635 68.0948 81.6766
    endloop
  endfacet
  facet normal 0.233148 0 0.972441
    outer loop
      vertex 10.3635 68.0848 81.6766
      vertex 10.2 68.0948 81.7158
      vertex 10.2 68.0848 81.7158
    endloop
  endfacet
  facet normal -0.233121 0 0.972448
    outer loop
      vertex 9.43648 68.0948 81.6766
      vertex 9.6 68.0848 81.7158
      vertex 9.6 68.0948 81.7158
    endloop
  endfacet
  facet normal -0.233121 0 0.972448
    outer loop
      vertex 9.6 68.0848 81.7158
      vertex 9.43648 68.0948 81.6766
      vertex 9.43648 68.0848 81.6766
    endloop
  endfacet
  facet normal -0.522551 0 0.852608
    outer loop
      vertex 9.01833 68.0948 81.4635
      vertex 9.21902 68.0848 81.5865
      vertex 9.21902 68.0948 81.5865
    endloop
  endfacet
  facet normal -0.522551 0 0.852608
    outer loop
      vertex 9.21902 68.0848 81.5865
      vertex 9.01833 68.0948 81.4635
      vertex 9.01833 68.0848 81.4635
    endloop
  endfacet
  facet normal -0.649292 0 0.760539
    outer loop
      vertex 8.83935 68.0948 81.3107
      vertex 9.01833 68.0848 81.4635
      vertex 9.01833 68.0948 81.4635
    endloop
  endfacet
  facet normal -0.649292 0 0.760539
    outer loop
      vertex 9.01833 68.0848 81.4635
      vertex 8.83935 68.0948 81.3107
      vertex 8.83935 68.0848 81.3107
    endloop
  endfacet
  facet normal 0.64925 0 0.760575
    outer loop
      vertex 10.7817 68.0948 81.4635
      vertex 10.9607 68.0848 81.3107
      vertex 10.9607 68.0948 81.3107
    endloop
  endfacet
  facet normal 0.64925 0 0.760575
    outer loop
      vertex 10.9607 68.0848 81.3107
      vertex 10.7817 68.0948 81.4635
      vertex 10.7817 68.0848 81.4635
    endloop
  endfacet
  facet normal 0.781827 0.398802 0.479273
    outer loop
      vertex 10.6574 69.5848 80.6359
      vertex 10.5877 69.5848 80.7496
      vertex 11.1135 68.0948 81.1317
    endloop
  endfacet
  facet normal 0.697472 0.39881 0.595384
    outer loop
      vertex 11.1135 68.0948 81.1317
      vertex 10.5877 69.5848 80.7496
      vertex 10.9607 68.0948 81.3107
    endloop
  endfacet
  facet normal 0.696965 0.398887 0.595926
    outer loop
      vertex 10.5877 69.5848 80.7496
      vertex 10.501 69.5848 80.851
      vertex 10.9607 68.0948 81.3107
    endloop
  endfacet
  facet normal 0.891719 0.398808 0.213985
    outer loop
      vertex 10.7395 69.5848 80.383
      vertex 10.7084 69.5848 80.5126
      vertex 11.3815 68.0948 80.4846
    endloop
  endfacet
  facet normal 0.847418 0.398776 0.350514
    outer loop
      vertex 10.7084 69.5848 80.5126
      vertex 10.6574 69.5848 80.6359
      vertex 11.2365 68.0948 80.931
    endloop
  endfacet
  facet normal 0.91419 0.398808 0.0721729
    outer loop
      vertex 10.75 69.5848 80.25
      vertex 10.7395 69.5848 80.383
      vertex 11.4 68.0948 80.25
    endloop
  endfacet
  facet normal 0.91419 0.398808 -0.0721729
    outer loop
      vertex 11.4 68.0948 80.25
      vertex 10.7395 69.5848 80.117
      vertex 10.75 69.5848 80.25
    endloop
  endfacet
  facet normal 0.996905 0 -0.0786136
    outer loop
      vertex 11.4 68.0848 80.25
      vertex 11.3815 68.0948 80.0154
      vertex 11.4 68.0948 80.25
    endloop
  endfacet
  facet normal 0.996905 0 -0.0786136
    outer loop
      vertex 11.3815 68.0948 80.0154
      vertex 11.4 68.0848 80.25
      vertex 11.3815 68.0848 80.0154
    endloop
  endfacet
  facet normal 0.996905 -0 0.0786136
    outer loop
      vertex 11.3815 68.0848 80.4846
      vertex 11.4 68.0948 80.25
      vertex 11.3815 68.0948 80.4846
    endloop
  endfacet
  facet normal 0.996905 0 0.0786136
    outer loop
      vertex 11.4 68.0948 80.25
      vertex 11.3815 68.0848 80.4846
      vertex 11.4 68.0848 80.25
    endloop
  endfacet
  facet normal 0.85262 0 -0.522532
    outer loop
      vertex 11.2365 68.0848 79.569
      vertex 11.1135 68.0948 79.3683
      vertex 11.2365 68.0948 79.569
    endloop
  endfacet
  facet normal 0.85262 0 -0.522532
    outer loop
      vertex 11.1135 68.0948 79.3683
      vertex 11.2365 68.0848 79.569
      vertex 11.1135 68.0848 79.3683
    endloop
  endfacet
  facet normal 0.89174 0.39882 -0.213877
    outer loop
      vertex 11.3266 68.0948 79.7865
      vertex 10.7084 69.5848 79.9874
      vertex 11.3815 68.0948 80.0154
    endloop
  endfacet
  facet normal 0.923867 0 -0.382714
    outer loop
      vertex 11.3266 68.0848 79.7865
      vertex 11.2365 68.0948 79.569
      vertex 11.3266 68.0948 79.7865
    endloop
  endfacet
  facet normal 0.923867 0 -0.382714
    outer loop
      vertex 11.2365 68.0948 79.569
      vertex 11.3266 68.0848 79.7865
      vertex 11.2365 68.0848 79.569
    endloop
  endfacet
  facet normal -0.706837 0 -0.707377
    outer loop
      vertex 8.87868 68.0848 79.15
      vertex 8.83935 68.0948 79.1893
      vertex 8.87868 68.0948 79.15
    endloop
  endfacet
  facet normal -0.706837 -0 -0.707377
    outer loop
      vertex 8.83935 68.0948 79.1893
      vertex 8.87868 68.0848 79.15
      vertex 8.83935 68.0848 79.1893
    endloop
  endfacet
  facet normal 0.972422 0 -0.233228
    outer loop
      vertex 11.3815 68.0848 80.0154
      vertex 11.3266 68.0948 79.7865
      vertex 11.3815 68.0948 80.0154
    endloop
  endfacet
  facet normal 0.972422 0 -0.233228
    outer loop
      vertex 11.3266 68.0948 79.7865
      vertex 11.3815 68.0848 80.0154
      vertex 11.3266 68.0848 79.7865
    endloop
  endfacet
  facet normal 0.85262 -0 0.522532
    outer loop
      vertex 11.1135 68.0848 81.1317
      vertex 11.2365 68.0948 80.931
      vertex 11.1135 68.0948 81.1317
    endloop
  endfacet
  facet normal 0.85262 0 0.522532
    outer loop
      vertex 11.2365 68.0948 80.931
      vertex 11.1135 68.0848 81.1317
      vertex 11.2365 68.0848 80.931
    endloop
  endfacet
  facet normal 0.760575 -0 0.64925
    outer loop
      vertex 10.9607 68.0848 81.3107
      vertex 11.1135 68.0948 81.1317
      vertex 10.9607 68.0948 81.3107
    endloop
  endfacet
  facet normal 0.760575 0 0.64925
    outer loop
      vertex 11.1135 68.0948 81.1317
      vertex 10.9607 68.0848 81.3107
      vertex 11.1135 68.0848 81.1317
    endloop
  endfacet
  facet normal 0 0 1
    outer loop
      vertex 9.6 66.4848 82.75
      vertex 7.4 66.4848 82.75
      vertex 9.6 63.4848 82.75
    endloop
  endfacet
  facet normal 0 0 1
    outer loop
      vertex 10.2 63.4848 82.75
      vertex 12.4 66.4848 82.75
      vertex 10.2 66.4848 82.75
    endloop
  endfacet
  facet normal 0 0 1
    outer loop
      vertex 12.4 66.4848 82.75
      vertex 10.2 63.4848 82.75
      vertex 12.4 54.8361 82.75
    endloop
  endfacet
  facet normal -0 0 1
    outer loop
      vertex 9.6 63.4848 82.75
      vertex 12.4 54.8361 82.75
      vertex 10.2 63.4848 82.75
    endloop
  endfacet
  facet normal 0 0 1
    outer loop
      vertex 7.4 54.8361 82.75
      vertex 9.6 63.4848 82.75
      vertex 7.4 66.4848 82.75
    endloop
  endfacet
  facet normal 0 0 1
    outer loop
      vertex 9.6 63.4848 82.75
      vertex 7.4 54.8361 82.75
      vertex 12.4 54.8361 82.75
    endloop
  endfacet
  facet normal 0 0.750599 -0.660758
    outer loop
      vertex 12.4 66.4848 77.75
      vertex 10.2 63.4848 74.3421
      vertex 10.2 66.4848 77.75
    endloop
  endfacet
  facet normal 0 0.750598 -0.660759
    outer loop
      vertex 10.2 63.4848 74.3421
      vertex 12.4 51.7869 61.0537
      vertex 9.6 63.4848 74.3421
    endloop
  endfacet
  facet normal 1.5001e-06 0.750599 -0.660759
    outer loop
      vertex 12.4 51.7869 61.0537
      vertex 10.2 63.4848 74.3421
      vertex 12.4 66.4848 77.75
    endloop
  endfacet
  facet normal 0 0.750599 -0.660758
    outer loop
      vertex 9.6 63.4848 74.3421
      vertex 7.4 66.4848 77.75
      vertex 9.6 66.4848 77.75
    endloop
  endfacet
  facet normal 0 0.750598 -0.660759
    outer loop
      vertex 7.4 51.7869 61.0537
      vertex 9.6 63.4848 74.3421
      vertex 12.4 51.7869 61.0537
    endloop
  endfacet
  facet normal -1.5001e-06 0.750599 -0.660759
    outer loop
      vertex 9.6 63.4848 74.3421
      vertex 7.4 51.7869 61.0537
      vertex 7.4 66.4848 77.75
    endloop
  endfacet
  facet normal 0 1 -0
    outer loop
      vertex 12.4 66.4848 77.75
      vertex 10.2 66.4848 82.75
      vertex 12.4 66.4848 82.75
    endloop
  endfacet
  facet normal 0 1 0
    outer loop
      vertex 10.2 66.4848 82.75
      vertex 12.4 66.4848 77.75
      vertex 10.2 66.4848 77.75
    endloop
  endfacet
  facet normal 0 1 -0
    outer loop
      vertex 9.6 66.4848 77.75
      vertex 7.4 66.4848 82.75
      vertex 9.6 66.4848 82.75
    endloop
  endfacet
  facet normal 0 1 0
    outer loop
      vertex 7.4 66.4848 82.75
      vertex 9.6 66.4848 77.75
      vertex 7.4 66.4848 77.75
    endloop
  endfacet
  facet normal -1 0 0
    outer loop
      vertex 7.4 66.4848 77.75
      vertex 7.4 54.8361 82.75
      vertex 7.4 66.4848 82.75
    endloop
  endfacet
  facet normal -1 0 -0
    outer loop
      vertex 7.4 54.8361 82.75
      vertex 7.4 66.4848 77.75
      vertex 7.4 51.7869 61.0537
    endloop
  endfacet
  facet normal 1 -0 0
    outer loop
      vertex 12.4 54.8361 82.75
      vertex 12.4 66.4848 77.75
      vertex 12.4 66.4848 82.75
    endloop
  endfacet
  facet normal 1 0 0
    outer loop
      vertex 12.4 66.4848 77.75
      vertex 12.4 54.8361 82.75
      vertex 12.4 51.7869 61.0537
    endloop
  endfacet
  facet normal 1 -0 0
    outer loop
      vertex 9.6 63.4848 82.75
      vertex 9.6 66.4848 77.75
      vertex 9.6 66.4848 82.75
    endloop
  endfacet
  facet normal 1 0 0
    outer loop
      vertex 9.6 66.4848 77.75
      vertex 9.6 63.4848 82.75
      vertex 9.6 63.4848 74.3421
    endloop
  endfacet
  facet normal 1 0 0
    outer loop
      vertex 9.6 69.4517 81.1055
      vertex 9.6 69.5848 79.3479
      vertex 9.6 69.5848 81.0429
    endloop
  endfacet
  facet normal 1 0 0
    outer loop
      vertex 9.6 69.3077 81.1733
      vertex 9.6 69.5848 79.3479
      vertex 9.6 69.4517 81.1055
    endloop
  endfacet
  facet normal 1 0 0
    outer loop
      vertex 9.6 69.3077 81.1733
      vertex 9.6 69.2771 79.1581
      vertex 9.6 69.5848 79.3479
    endloop
  endfacet
  facet normal 1 0 0
    outer loop
      vertex 9.6 69.3077 81.1733
      vertex 9.6 69.264 79.15
      vertex 9.6 69.2771 79.1581
    endloop
  endfacet
  facet normal 1 -0 0
    outer loop
      vertex 9.6 68.0848 81.357
      vertex 9.6 69.3077 81.1733
      vertex 9.6 68.0948 81.7158
    endloop
  endfacet
  facet normal 1 0 0
    outer loop
      vertex 9.6 68.0848 81.357
      vertex 9.6 68.0948 81.7158
      vertex 9.6 68.0848 81.7158
    endloop
  endfacet
  facet normal 1 0 0
    outer loop
      vertex 9.6 69.3077 81.1733
      vertex 9.6 68.0848 81.357
      vertex 9.6 69.264 79.15
    endloop
  endfacet
  facet normal 1 0 0
    outer loop
      vertex 9.6 66.4848 79.15
      vertex 9.6 68.0848 81.357
      vertex 9.6 66.4848 81.357
    endloop
  endfacet
  facet normal 1 0 0
    outer loop
      vertex 9.6 68.0848 81.357
      vertex 9.6 66.4848 79.15
      vertex 9.6 69.264 79.15
    endloop
  endfacet
  facet normal -1 0 0
    outer loop
      vertex 10.2 63.4848 82.75
      vertex 10.2 66.4848 77.75
      vertex 10.2 63.4848 74.3421
    endloop
  endfacet
  facet normal -1 0 0
    outer loop
      vertex 10.2 66.4848 77.75
      vertex 10.2 63.4848 82.75
      vertex 10.2 66.4848 82.75
    endloop
  endfacet
  facet normal -1 0 0
    outer loop
      vertex 10.2 69.5848 79.3479
      vertex 10.2 69.4518 81.1055
      vertex 10.2 69.5848 81.0429
    endloop
  endfacet
  facet normal -1 0 0
    outer loop
      vertex 10.2 69.5848 79.3479
      vertex 10.2 69.3077 81.1733
      vertex 10.2 69.4518 81.1055
    endloop
  endfacet
  facet normal -1 0 0
    outer loop
      vertex 10.2 69.2771 79.1581
      vertex 10.2 69.3077 81.1733
      vertex 10.2 69.5848 79.3479
    endloop
  endfacet
  facet normal -1 0 0
    outer loop
      vertex 10.2 69.264 79.15
      vertex 10.2 69.3077 81.1733
      vertex 10.2 69.2771 79.1581
    endloop
  endfacet
  facet normal -1 0 0
    outer loop
      vertex 10.2 68.0848 81.357
      vertex 10.2 69.3077 81.1733
      vertex 10.2 69.264 79.15
    endloop
  endfacet
  facet normal -1 0 0
    outer loop
      vertex 10.2 69.3077 81.1733
      vertex 10.2 68.0848 81.357
      vertex 10.2 68.0948 81.7158
    endloop
  endfacet
  facet normal -1 0 0
    outer loop
      vertex 10.2 66.4848 79.15
      vertex 10.2 68.0848 81.357
      vertex 10.2 69.264 79.15
    endloop
  endfacet
  facet normal -1 -0 0
    outer loop
      vertex 10.2 68.0848 81.357
      vertex 10.2 66.4848 79.15
      vertex 10.2 66.4848 81.357
    endloop
  endfacet
  facet normal -1 -0 0
    outer loop
      vertex 10.2 68.0948 81.7158
      vertex 10.2 68.0848 81.357
      vertex 10.2 68.0848 81.7158
    endloop
  endfacet
  facet normal 0 1 -0
    outer loop
      vertex 10.2 63.4848 74.3421
      vertex 9.6 63.4848 82.75
      vertex 10.2 63.4848 82.75
    endloop
  endfacet
  facet normal 0 1 0
    outer loop
      vertex 9.6 63.4848 82.75
      vertex 10.2 63.4848 74.3421
      vertex 9.6 63.4848 74.3421
    endloop
  endfacet
  facet normal 0.382923 0 0.92378
    outer loop
      vertex 70.4554 68.0848 28.8437
      vertex 70.6221 66.4848 28.7746
      vertex 70.6221 68.0848 28.7746
    endloop
  endfacet
  facet normal 0.382923 0 0.92378
    outer loop
      vertex 70.6221 66.4848 28.7746
      vertex 70.4554 68.0848 28.8437
      vertex 70.4554 66.4848 28.8437
    endloop
  endfacet
  facet normal 0 0 -1
    outer loop
      vertex 70.6263 66.4848 26.65
      vertex 70.4 66.4848 26.65
      vertex 70.6263 68.0848 26.65
    endloop
  endfacet
  facet normal 0 0 -1
    outer loop
      vertex 70.6263 68.0848 26.65
      vertex 71.1213 68.0948 26.65
      vertex 71.1213 68.0848 26.65
    endloop
  endfacet
  facet normal 0 0 -1
    outer loop
      vertex 70.6263 68.0848 26.65
      vertex 70.4 69.264 26.65
      vertex 71.1213 68.0948 26.65
    endloop
  endfacet
  facet normal 0 0 -1
    outer loop
      vertex 70.4 69.264 26.65
      vertex 70.6263 68.0848 26.65
      vertex 70.4 66.4848 26.65
    endloop
  endfacet
  facet normal 0 0 -1
    outer loop
      vertex 69.5737 68.0848 26.65
      vertex 69.8 66.4848 26.65
      vertex 69.5737 66.4848 26.65
    endloop
  endfacet
  facet normal 0 0 -1
    outer loop
      vertex 69.8 66.4848 26.65
      vertex 69.5737 68.0848 26.65
      vertex 69.8 69.264 26.65
    endloop
  endfacet
  facet normal 0 0 -1
    outer loop
      vertex 69.0787 68.0948 26.65
      vertex 69.5737 68.0848 26.65
      vertex 69.0787 68.0848 26.65
    endloop
  endfacet
  facet normal 0 0 -1
    outer loop
      vertex 69.5737 68.0848 26.65
      vertex 69.0787 68.0948 26.65
      vertex 69.8 69.264 26.65
    endloop
  endfacet
  facet normal 0.233439 0 0.972371
    outer loop
      vertex 70.4 68.0848 28.857
      vertex 70.4554 66.4848 28.8437
      vertex 70.4554 68.0848 28.8437
    endloop
  endfacet
  facet normal 0.233439 0 0.972371
    outer loop
      vertex 70.4554 66.4848 28.8437
      vertex 70.4 68.0848 28.857
      vertex 70.4 66.4848 28.857
    endloop
  endfacet
  facet normal 0.92378 -0 0.382923
    outer loop
      vertex 71.1246 66.4848 28.2721
      vertex 71.1937 68.0848 28.1054
      vertex 71.1246 68.0848 28.2721
    endloop
  endfacet
  facet normal 0.92378 0 0.382923
    outer loop
      vertex 71.1937 68.0848 28.1054
      vertex 71.1246 66.4848 28.2721
      vertex 71.1937 66.4848 28.1054
    endloop
  endfacet
  facet normal -0.972412 0 -0.233268
    outer loop
      vertex 69.0063 66.4848 27.3946
      vertex 68.9642 68.0848 27.5701
      vertex 69.0063 68.0848 27.3946
    endloop
  endfacet
  facet normal -0.972412 -0 -0.233268
    outer loop
      vertex 68.9642 68.0848 27.5701
      vertex 69.0063 66.4848 27.3946
      vertex 68.9642 66.4848 27.5701
    endloop
  endfacet
  facet normal 0.852761 0 -0.522302
    outer loop
      vertex 71.1246 66.4848 27.2279
      vertex 71.0304 68.0848 27.0741
      vertex 71.1246 68.0848 27.2279
    endloop
  endfacet
  facet normal 0.852761 0 -0.522302
    outer loop
      vertex 71.0304 68.0848 27.0741
      vertex 71.1246 66.4848 27.2279
      vertex 71.0304 66.4848 27.0741
    endloop
  endfacet
  facet normal 0 -1 0
    outer loop
      vertex 70.4 66.4848 28.857
      vertex 70.6221 66.4848 28.7746
      vertex 70.4554 66.4848 28.8437
    endloop
  endfacet
  facet normal 0 -1 0
    outer loop
      vertex 70.4 66.4848 28.857
      vertex 70.7759 66.4848 28.6804
      vertex 70.6221 66.4848 28.7746
    endloop
  endfacet
  facet normal 0 -1 0
    outer loop
      vertex 70.4 66.4848 28.857
      vertex 70.9132 66.4848 28.5632
      vertex 70.7759 66.4848 28.6804
    endloop
  endfacet
  facet normal 0 -1 0
    outer loop
      vertex 70.4 66.4848 28.857
      vertex 71.0304 66.4848 28.4259
      vertex 70.9132 66.4848 28.5632
    endloop
  endfacet
  facet normal 0 -1 0
    outer loop
      vertex 70.4 66.4848 28.857
      vertex 71.1246 66.4848 28.2721
      vertex 71.0304 66.4848 28.4259
    endloop
  endfacet
  facet normal 0 -1 0
    outer loop
      vertex 70.4 66.4848 28.857
      vertex 71.1937 66.4848 28.1054
      vertex 71.1246 66.4848 28.2721
    endloop
  endfacet
  facet normal 0 -1 0
    outer loop
      vertex 70.4 66.4848 28.857
      vertex 71.2358 66.4848 27.9299
      vertex 71.1937 66.4848 28.1054
    endloop
  endfacet
  facet normal 0 -1 0
    outer loop
      vertex 70.4 66.4848 28.857
      vertex 71.25 66.4848 27.75
      vertex 71.2358 66.4848 27.9299
    endloop
  endfacet
  facet normal 0 -1 0
    outer loop
      vertex 70.4 66.4848 28.857
      vertex 71.2358 66.4848 27.5701
      vertex 71.25 66.4848 27.75
    endloop
  endfacet
  facet normal 0 -1 0
    outer loop
      vertex 70.4 66.4848 28.857
      vertex 71.1937 66.4848 27.3946
      vertex 71.2358 66.4848 27.5701
    endloop
  endfacet
  facet normal 0 -1 0
    outer loop
      vertex 70.4 66.4848 28.857
      vertex 71.1246 66.4848 27.2279
      vertex 71.1937 66.4848 27.3946
    endloop
  endfacet
  facet normal 0 -1 0
    outer loop
      vertex 70.4 66.4848 26.65
      vertex 71.1246 66.4848 27.2279
      vertex 70.4 66.4848 28.857
    endloop
  endfacet
  facet normal 0 -1 0
    outer loop
      vertex 71.1246 66.4848 27.2279
      vertex 70.4 66.4848 26.65
      vertex 71.0304 66.4848 27.0741
    endloop
  endfacet
  facet normal 0 -1 0
    outer loop
      vertex 71.0304 66.4848 27.0741
      vertex 70.4 66.4848 26.65
      vertex 70.9132 66.4848 26.9368
    endloop
  endfacet
  facet normal 0 -1 0
    outer loop
      vertex 70.9132 66.4848 26.9368
      vertex 70.4 66.4848 26.65
      vertex 70.6263 66.4848 26.65
    endloop
  endfacet
  facet normal 0 -1 0
    outer loop
      vertex 69.5779 66.4848 28.7746
      vertex 69.8 66.4848 28.857
      vertex 69.7446 66.4848 28.8437
    endloop
  endfacet
  facet normal 0 -1 0
    outer loop
      vertex 69.424 66.4848 28.6804
      vertex 69.8 66.4848 28.857
      vertex 69.5779 66.4848 28.7746
    endloop
  endfacet
  facet normal 0 -1 0
    outer loop
      vertex 69.2868 66.4848 28.5632
      vertex 69.8 66.4848 28.857
      vertex 69.424 66.4848 28.6804
    endloop
  endfacet
  facet normal 0 -1 0
    outer loop
      vertex 69.1696 66.4848 28.4259
      vertex 69.8 66.4848 28.857
      vertex 69.2868 66.4848 28.5632
    endloop
  endfacet
  facet normal 0 -1 0
    outer loop
      vertex 69.0754 66.4848 28.2721
      vertex 69.8 66.4848 28.857
      vertex 69.1696 66.4848 28.4259
    endloop
  endfacet
  facet normal 0 -1 0
    outer loop
      vertex 69.0063 66.4848 28.1054
      vertex 69.8 66.4848 28.857
      vertex 69.0754 66.4848 28.2721
    endloop
  endfacet
  facet normal 0 -1 0
    outer loop
      vertex 68.9642 66.4848 27.9299
      vertex 69.8 66.4848 28.857
      vertex 69.0063 66.4848 28.1054
    endloop
  endfacet
  facet normal 0 -1 0
    outer loop
      vertex 68.95 66.4848 27.75
      vertex 69.8 66.4848 28.857
      vertex 68.9642 66.4848 27.9299
    endloop
  endfacet
  facet normal 0 -1 0
    outer loop
      vertex 68.9642 66.4848 27.5701
      vertex 69.8 66.4848 28.857
      vertex 68.95 66.4848 27.75
    endloop
  endfacet
  facet normal 0 -1 0
    outer loop
      vertex 69.0063 66.4848 27.3946
      vertex 69.8 66.4848 28.857
      vertex 68.9642 66.4848 27.5701
    endloop
  endfacet
  facet normal 0 -1 0
    outer loop
      vertex 69.0754 66.4848 27.2279
      vertex 69.8 66.4848 28.857
      vertex 69.0063 66.4848 27.3946
    endloop
  endfacet
  facet normal 0 -1 0
    outer loop
      vertex 69.8 66.4848 26.65
      vertex 69.0754 66.4848 27.2279
      vertex 69.1696 66.4848 27.0741
    endloop
  endfacet
  facet normal 0 -1 0
    outer loop
      vertex 69.8 66.4848 26.65
      vertex 69.1696 66.4848 27.0741
      vertex 69.2868 66.4848 26.9368
    endloop
  endfacet
  facet normal 0 -1 0
    outer loop
      vertex 69.8 66.4848 26.65
      vertex 69.2868 66.4848 26.9368
      vertex 69.5737 66.4848 26.65
    endloop
  endfacet
  facet normal 0 -1 0
    outer loop
      vertex 69.0754 66.4848 27.2279
      vertex 69.8 66.4848 26.65
      vertex 69.8 66.4848 28.857
    endloop
  endfacet
  facet normal 0.706984 0 -0.70723
    outer loop
      vertex 70.6263 66.4848 26.65
      vertex 70.9132 68.0848 26.9368
      vertex 70.9132 66.4848 26.9368
    endloop
  endfacet
  facet normal 0.706984 0 -0.70723
    outer loop
      vertex 70.9132 68.0848 26.9368
      vertex 70.6263 66.4848 26.65
      vertex 70.6263 68.0848 26.65
    endloop
  endfacet
  facet normal -0.706984 0 -0.70723
    outer loop
      vertex 69.2868 66.4848 26.9368
      vertex 69.5737 68.0848 26.65
      vertex 69.5737 66.4848 26.65
    endloop
  endfacet
  facet normal -0.706984 0 -0.70723
    outer loop
      vertex 69.5737 68.0848 26.65
      vertex 69.2868 66.4848 26.9368
      vertex 69.2868 68.0848 26.9368
    endloop
  endfacet
  facet normal -0.996899 0 -0.078688
    outer loop
      vertex 68.9642 66.4848 27.5701
      vertex 68.95 68.0848 27.75
      vertex 68.9642 68.0848 27.5701
    endloop
  endfacet
  facet normal -0.996899 -0 -0.078688
    outer loop
      vertex 68.95 68.0848 27.75
      vertex 68.9642 66.4848 27.5701
      vertex 68.95 66.4848 27.75
    endloop
  endfacet
  facet normal -0.996899 0 0.078688
    outer loop
      vertex 68.95 66.4848 27.75
      vertex 68.9642 68.0848 27.9299
      vertex 68.95 68.0848 27.75
    endloop
  endfacet
  facet normal -0.996899 0 0.078688
    outer loop
      vertex 68.9642 68.0848 27.9299
      vertex 68.95 66.4848 27.75
      vertex 68.9642 66.4848 27.9299
    endloop
  endfacet
  facet normal -0.972412 0 0.233268
    outer loop
      vertex 68.9642 66.4848 27.9299
      vertex 69.0063 68.0848 28.1054
      vertex 68.9642 68.0848 27.9299
    endloop
  endfacet
  facet normal -0.972412 0 0.233268
    outer loop
      vertex 69.0063 68.0848 28.1054
      vertex 68.9642 66.4848 27.9299
      vertex 69.0063 66.4848 28.1054
    endloop
  endfacet
  facet normal -0.92378 0 0.382923
    outer loop
      vertex 69.0063 66.4848 28.1054
      vertex 69.0754 68.0848 28.2721
      vertex 69.0063 68.0848 28.1054
    endloop
  endfacet
  facet normal -0.92378 0 0.382923
    outer loop
      vertex 69.0754 68.0848 28.2721
      vertex 69.0063 66.4848 28.1054
      vertex 69.0754 66.4848 28.2721
    endloop
  endfacet
  facet normal -0.852761 0 0.522302
    outer loop
      vertex 69.0754 66.4848 28.2721
      vertex 69.1696 68.0848 28.4259
      vertex 69.0754 68.0848 28.2721
    endloop
  endfacet
  facet normal -0.852761 0 0.522302
    outer loop
      vertex 69.1696 68.0848 28.4259
      vertex 69.0754 66.4848 28.2721
      vertex 69.1696 66.4848 28.4259
    endloop
  endfacet
  facet normal -0.760585 0 0.649239
    outer loop
      vertex 69.1696 66.4848 28.4259
      vertex 69.2868 68.0848 28.5632
      vertex 69.1696 68.0848 28.4259
    endloop
  endfacet
  facet normal -0.760585 0 0.649239
    outer loop
      vertex 69.2868 68.0848 28.5632
      vertex 69.1696 66.4848 28.4259
      vertex 69.2868 66.4848 28.5632
    endloop
  endfacet
  facet normal -0.522055 0 0.852912
    outer loop
      vertex 69.424 68.0848 28.6804
      vertex 69.5779 66.4848 28.7746
      vertex 69.5779 68.0848 28.7746
    endloop
  endfacet
  facet normal -0.522055 0 0.852912
    outer loop
      vertex 69.5779 66.4848 28.7746
      vertex 69.424 68.0848 28.6804
      vertex 69.424 66.4848 28.6804
    endloop
  endfacet
  facet normal 0.760585 0 -0.649239
    outer loop
      vertex 71.0304 66.4848 27.0741
      vertex 70.9132 68.0848 26.9368
      vertex 71.0304 68.0848 27.0741
    endloop
  endfacet
  facet normal 0.760585 0 -0.649239
    outer loop
      vertex 70.9132 68.0848 26.9368
      vertex 71.0304 66.4848 27.0741
      vertex 70.9132 66.4848 26.9368
    endloop
  endfacet
  facet normal 0.760585 -0 0.649239
    outer loop
      vertex 70.9132 66.4848 28.5632
      vertex 71.0304 68.0848 28.4259
      vertex 70.9132 68.0848 28.5632
    endloop
  endfacet
  facet normal 0.760585 0 0.649239
    outer loop
      vertex 71.0304 68.0848 28.4259
      vertex 70.9132 66.4848 28.5632
      vertex 71.0304 66.4848 28.4259
    endloop
  endfacet
  facet normal 0.522302 0 0.852761
    outer loop
      vertex 70.6221 68.0848 28.7746
      vertex 70.7759 66.4848 28.6804
      vertex 70.7759 68.0848 28.6804
    endloop
  endfacet
  facet normal 0.522302 0 0.852761
    outer loop
      vertex 70.7759 66.4848 28.6804
      vertex 70.6221 68.0848 28.7746
      vertex 70.6221 66.4848 28.7746
    endloop
  endfacet
  facet normal 0.972412 -0 0.233268
    outer loop
      vertex 71.1937 66.4848 28.1054
      vertex 71.2358 68.0848 27.9299
      vertex 71.1937 68.0848 28.1054
    endloop
  endfacet
  facet normal 0.972412 0 0.233268
    outer loop
      vertex 71.2358 68.0848 27.9299
      vertex 71.1937 66.4848 28.1054
      vertex 71.2358 66.4848 27.9299
    endloop
  endfacet
  facet normal 0.92378 0 -0.382923
    outer loop
      vertex 71.1937 66.4848 27.3946
      vertex 71.1246 68.0848 27.2279
      vertex 71.1937 68.0848 27.3946
    endloop
  endfacet
  facet normal 0.92378 0 -0.382923
    outer loop
      vertex 71.1246 68.0848 27.2279
      vertex 71.1937 66.4848 27.3946
      vertex 71.1246 66.4848 27.2279
    endloop
  endfacet
  facet normal -0.92378 0 -0.382923
    outer loop
      vertex 69.0754 66.4848 27.2279
      vertex 69.0063 68.0848 27.3946
      vertex 69.0754 68.0848 27.2279
    endloop
  endfacet
  facet normal -0.92378 -0 -0.382923
    outer loop
      vertex 69.0063 68.0848 27.3946
      vertex 69.0754 66.4848 27.2279
      vertex 69.0063 66.4848 27.3946
    endloop
  endfacet
  facet normal -0.852761 0 -0.522302
    outer loop
      vertex 69.1696 66.4848 27.0741
      vertex 69.0754 68.0848 27.2279
      vertex 69.1696 68.0848 27.0741
    endloop
  endfacet
  facet normal -0.852761 -0 -0.522302
    outer loop
      vertex 69.0754 68.0848 27.2279
      vertex 69.1696 66.4848 27.0741
      vertex 69.0754 66.4848 27.2279
    endloop
  endfacet
  facet normal -0.760585 0 -0.649239
    outer loop
      vertex 69.2868 66.4848 26.9368
      vertex 69.1696 68.0848 27.0741
      vertex 69.2868 68.0848 26.9368
    endloop
  endfacet
  facet normal -0.760585 -0 -0.649239
    outer loop
      vertex 69.1696 68.0848 27.0741
      vertex 69.2868 66.4848 26.9368
      vertex 69.1696 66.4848 27.0741
    endloop
  endfacet
  facet normal 0 -1 0
    outer loop
      vertex 70.4 68.0848 28.857
      vertex 70.5635 68.0848 29.1766
      vertex 70.4 68.0848 29.2158
    endloop
  endfacet
  facet normal 0 -1 -0
    outer loop
      vertex 70.5635 68.0848 29.1766
      vertex 70.4554 68.0848 28.8437
      vertex 70.781 68.0848 29.0865
    endloop
  endfacet
  facet normal 0 -1 0
    outer loop
      vertex 70.5635 68.0848 29.1766
      vertex 70.4 68.0848 28.857
      vertex 70.4554 68.0848 28.8437
    endloop
  endfacet
  facet normal 0 -1 0
    outer loop
      vertex 70.781 68.0848 29.0865
      vertex 70.4554 68.0848 28.8437
      vertex 70.6221 68.0848 28.7746
    endloop
  endfacet
  facet normal 0 -1 -0
    outer loop
      vertex 70.781 68.0848 29.0865
      vertex 70.6221 68.0848 28.7746
      vertex 70.9817 68.0848 28.9635
    endloop
  endfacet
  facet normal 0 -1 0
    outer loop
      vertex 70.7759 68.0848 28.6804
      vertex 70.9817 68.0848 28.9635
      vertex 70.6221 68.0848 28.7746
    endloop
  endfacet
  facet normal 0 -1 -0
    outer loop
      vertex 70.9817 68.0848 28.9635
      vertex 70.7759 68.0848 28.6804
      vertex 71.1607 68.0848 28.8107
    endloop
  endfacet
  facet normal 0 -1 0
    outer loop
      vertex 70.9132 68.0848 28.5632
      vertex 71.1607 68.0848 28.8107
      vertex 70.7759 68.0848 28.6804
    endloop
  endfacet
  facet normal 0 -1 -0
    outer loop
      vertex 71.1607 68.0848 28.8107
      vertex 70.9132 68.0848 28.5632
      vertex 71.3135 68.0848 28.6317
    endloop
  endfacet
  facet normal 0 -1 0
    outer loop
      vertex 71.0304 68.0848 28.4259
      vertex 71.3135 68.0848 28.6317
      vertex 70.9132 68.0848 28.5632
    endloop
  endfacet
  facet normal 0 -1 -0
    outer loop
      vertex 71.3135 68.0848 28.6317
      vertex 71.0304 68.0848 28.4259
      vertex 71.4365 68.0848 28.431
    endloop
  endfacet
  facet normal 0 -1 0
    outer loop
      vertex 71.1246 68.0848 28.2721
      vertex 71.4365 68.0848 28.431
      vertex 71.0304 68.0848 28.4259
    endloop
  endfacet
  facet normal 0 -1 0
    outer loop
      vertex 71.1246 68.0848 28.2721
      vertex 71.5266 68.0848 28.2135
      vertex 71.4365 68.0848 28.431
    endloop
  endfacet
  facet normal 0 -1 0
    outer loop
      vertex 71.1937 68.0848 28.1054
      vertex 71.5266 68.0848 28.2135
      vertex 71.1246 68.0848 28.2721
    endloop
  endfacet
  facet normal 0 -1 0
    outer loop
      vertex 71.1937 68.0848 28.1054
      vertex 71.5815 68.0848 27.9846
      vertex 71.5266 68.0848 28.2135
    endloop
  endfacet
  facet normal 0 -1 0
    outer loop
      vertex 71.2358 68.0848 27.9299
      vertex 71.5815 68.0848 27.9846
      vertex 71.1937 68.0848 28.1054
    endloop
  endfacet
  facet normal 0 -1 0
    outer loop
      vertex 71.25 68.0848 27.75
      vertex 71.5815 68.0848 27.9846
      vertex 71.2358 68.0848 27.9299
    endloop
  endfacet
  facet normal 0 -1 0
    outer loop
      vertex 71.25 68.0848 27.75
      vertex 71.6 68.0848 27.75
      vertex 71.5815 68.0848 27.9846
    endloop
  endfacet
  facet normal 0 -1 0
    outer loop
      vertex 71.2358 68.0848 27.5701
      vertex 71.6 68.0848 27.75
      vertex 71.25 68.0848 27.75
    endloop
  endfacet
  facet normal 0 -1 0
    outer loop
      vertex 71.2358 68.0848 27.5701
      vertex 71.5815 68.0848 27.5154
      vertex 71.6 68.0848 27.75
    endloop
  endfacet
  facet normal 0 -1 0
    outer loop
      vertex 71.1937 68.0848 27.3946
      vertex 71.5815 68.0848 27.5154
      vertex 71.2358 68.0848 27.5701
    endloop
  endfacet
  facet normal 0 -1 0
    outer loop
      vertex 71.1937 68.0848 27.3946
      vertex 71.5266 68.0848 27.2865
      vertex 71.5815 68.0848 27.5154
    endloop
  endfacet
  facet normal 0 -1 0
    outer loop
      vertex 71.1246 68.0848 27.2279
      vertex 71.5266 68.0848 27.2865
      vertex 71.1937 68.0848 27.3946
    endloop
  endfacet
  facet normal 0 -1 0
    outer loop
      vertex 71.4365 68.0848 27.069
      vertex 71.1246 68.0848 27.2279
      vertex 71.0304 68.0848 27.0741
    endloop
  endfacet
  facet normal 0 -1 0
    outer loop
      vertex 71.1246 68.0848 27.2279
      vertex 71.4365 68.0848 27.069
      vertex 71.5266 68.0848 27.2865
    endloop
  endfacet
  facet normal 0 -1 0
    outer loop
      vertex 71.3135 68.0848 26.8683
      vertex 71.0304 68.0848 27.0741
      vertex 70.9132 68.0848 26.9368
    endloop
  endfacet
  facet normal 0 -1 0
    outer loop
      vertex 71.0304 68.0848 27.0741
      vertex 71.3135 68.0848 26.8683
      vertex 71.4365 68.0848 27.069
    endloop
  endfacet
  facet normal 0 -1 0
    outer loop
      vertex 70.9132 68.0848 26.9368
      vertex 71.1607 68.0848 26.6893
      vertex 71.3135 68.0848 26.8683
    endloop
  endfacet
  facet normal 0 -1 0
    outer loop
      vertex 71.1213 68.0848 26.65
      vertex 70.9132 68.0848 26.9368
      vertex 70.6263 68.0848 26.65
    endloop
  endfacet
  facet normal 0 -1 0
    outer loop
      vertex 70.9132 68.0848 26.9368
      vertex 71.1213 68.0848 26.65
      vertex 71.1607 68.0848 26.6893
    endloop
  endfacet
  facet normal 0 -1 0
    outer loop
      vertex 69.7446 68.0848 28.8437
      vertex 69.6365 68.0848 29.1766
      vertex 69.419 68.0848 29.0865
    endloop
  endfacet
  facet normal 0 -1 0
    outer loop
      vertex 69.5779 68.0848 28.7746
      vertex 69.419 68.0848 29.0865
      vertex 69.2183 68.0848 28.9635
    endloop
  endfacet
  facet normal -0 -1 0
    outer loop
      vertex 69.7446 68.0848 28.8437
      vertex 69.419 68.0848 29.0865
      vertex 69.5779 68.0848 28.7746
    endloop
  endfacet
  facet normal 0 -1 0
    outer loop
      vertex 69.6365 68.0848 29.1766
      vertex 69.8 68.0848 28.857
      vertex 69.8 68.0848 29.2158
    endloop
  endfacet
  facet normal 0 -1 0
    outer loop
      vertex 69.424 68.0848 28.6804
      vertex 69.2183 68.0848 28.9635
      vertex 69.0393 68.0848 28.8107
    endloop
  endfacet
  facet normal -0 -1 0
    outer loop
      vertex 69.8 68.0848 28.857
      vertex 69.6365 68.0848 29.1766
      vertex 69.7446 68.0848 28.8437
    endloop
  endfacet
  facet normal 0 -1 0
    outer loop
      vertex 69.2183 68.0848 28.9635
      vertex 69.424 68.0848 28.6804
      vertex 69.5779 68.0848 28.7746
    endloop
  endfacet
  facet normal 0 -1 0
    outer loop
      vertex 69.2868 68.0848 28.5632
      vertex 69.0393 68.0848 28.8107
      vertex 68.8865 68.0848 28.6317
    endloop
  endfacet
  facet normal 0 -1 0
    outer loop
      vertex 69.0393 68.0848 28.8107
      vertex 69.2868 68.0848 28.5632
      vertex 69.424 68.0848 28.6804
    endloop
  endfacet
  facet normal 0 -1 0
    outer loop
      vertex 69.1696 68.0848 28.4259
      vertex 68.8865 68.0848 28.6317
      vertex 68.7635 68.0848 28.431
    endloop
  endfacet
  facet normal 0 -1 0
    outer loop
      vertex 68.8865 68.0848 28.6317
      vertex 69.1696 68.0848 28.4259
      vertex 69.2868 68.0848 28.5632
    endloop
  endfacet
  facet normal 0 -1 0
    outer loop
      vertex 68.7635 68.0848 28.431
      vertex 69.0754 68.0848 28.2721
      vertex 69.1696 68.0848 28.4259
    endloop
  endfacet
  facet normal 0 -1 0
    outer loop
      vertex 68.6734 68.0848 28.2135
      vertex 69.0754 68.0848 28.2721
      vertex 68.7635 68.0848 28.431
    endloop
  endfacet
  facet normal 0 -1 0
    outer loop
      vertex 68.6734 68.0848 28.2135
      vertex 69.0063 68.0848 28.1054
      vertex 69.0754 68.0848 28.2721
    endloop
  endfacet
  facet normal 0 -1 0
    outer loop
      vertex 68.6185 68.0848 27.9846
      vertex 69.0063 68.0848 28.1054
      vertex 68.6734 68.0848 28.2135
    endloop
  endfacet
  facet normal 0 -1 0
    outer loop
      vertex 68.6185 68.0848 27.9846
      vertex 68.9642 68.0848 27.9299
      vertex 69.0063 68.0848 28.1054
    endloop
  endfacet
  facet normal 0 -1 0
    outer loop
      vertex 68.6 68.0848 27.75
      vertex 68.9642 68.0848 27.9299
      vertex 68.6185 68.0848 27.9846
    endloop
  endfacet
  facet normal 0 -1 0
    outer loop
      vertex 68.6 68.0848 27.75
      vertex 68.95 68.0848 27.75
      vertex 68.9642 68.0848 27.9299
    endloop
  endfacet
  facet normal 0 -1 0
    outer loop
      vertex 68.6 68.0848 27.75
      vertex 68.9642 68.0848 27.5701
      vertex 68.95 68.0848 27.75
    endloop
  endfacet
  facet normal 0 -1 0
    outer loop
      vertex 68.6185 68.0848 27.5154
      vertex 68.9642 68.0848 27.5701
      vertex 68.6 68.0848 27.75
    endloop
  endfacet
  facet normal 0 -1 0
    outer loop
      vertex 68.6185 68.0848 27.5154
      vertex 69.0063 68.0848 27.3946
      vertex 68.9642 68.0848 27.5701
    endloop
  endfacet
  facet normal 0 -1 0
    outer loop
      vertex 68.6734 68.0848 27.2865
      vertex 69.0063 68.0848 27.3946
      vertex 68.6185 68.0848 27.5154
    endloop
  endfacet
  facet normal 0 -1 0
    outer loop
      vertex 68.6734 68.0848 27.2865
      vertex 69.0754 68.0848 27.2279
      vertex 69.0063 68.0848 27.3946
    endloop
  endfacet
  facet normal 0 -1 0
    outer loop
      vertex 68.7635 68.0848 27.069
      vertex 69.0754 68.0848 27.2279
      vertex 68.6734 68.0848 27.2865
    endloop
  endfacet
  facet normal 0 -1 -0
    outer loop
      vertex 69.0754 68.0848 27.2279
      vertex 68.7635 68.0848 27.069
      vertex 69.1696 68.0848 27.0741
    endloop
  endfacet
  facet normal 0 -1 0
    outer loop
      vertex 68.8865 68.0848 26.8683
      vertex 69.1696 68.0848 27.0741
      vertex 68.7635 68.0848 27.069
    endloop
  endfacet
  facet normal 0 -1 -0
    outer loop
      vertex 69.1696 68.0848 27.0741
      vertex 68.8865 68.0848 26.8683
      vertex 69.2868 68.0848 26.9368
    endloop
  endfacet
  facet normal 0 -1 0
    outer loop
      vertex 69.0393 68.0848 26.6893
      vertex 69.2868 68.0848 26.9368
      vertex 68.8865 68.0848 26.8683
    endloop
  endfacet
  facet normal 0 -1 0
    outer loop
      vertex 69.0787 68.0848 26.65
      vertex 69.2868 68.0848 26.9368
      vertex 69.0393 68.0848 26.6893
    endloop
  endfacet
  facet normal 0 -1 -0
    outer loop
      vertex 69.2868 68.0848 26.9368
      vertex 69.0787 68.0848 26.65
      vertex 69.5737 68.0848 26.65
    endloop
  endfacet
  facet normal -0.233439 0 0.972371
    outer loop
      vertex 69.7446 68.0848 28.8437
      vertex 69.8 66.4848 28.857
      vertex 69.8 68.0848 28.857
    endloop
  endfacet
  facet normal -0.233439 0 0.972371
    outer loop
      vertex 69.8 66.4848 28.857
      vertex 69.7446 68.0848 28.8437
      vertex 69.7446 66.4848 28.8437
    endloop
  endfacet
  facet normal -0.649513 0 0.760351
    outer loop
      vertex 69.2868 68.0848 28.5632
      vertex 69.424 66.4848 28.6804
      vertex 69.424 68.0848 28.6804
    endloop
  endfacet
  facet normal -0.649513 0 0.760351
    outer loop
      vertex 69.424 66.4848 28.6804
      vertex 69.2868 68.0848 28.5632
      vertex 69.2868 66.4848 28.5632
    endloop
  endfacet
  facet normal -0.382923 0 0.92378
    outer loop
      vertex 69.5779 68.0848 28.7746
      vertex 69.7446 66.4848 28.8437
      vertex 69.7446 68.0848 28.8437
    endloop
  endfacet
  facet normal -0.382923 0 0.92378
    outer loop
      vertex 69.7446 66.4848 28.8437
      vertex 69.5779 68.0848 28.7746
      vertex 69.5779 66.4848 28.7746
    endloop
  endfacet
  facet normal 0.852761 -0 0.522302
    outer loop
      vertex 71.0304 66.4848 28.4259
      vertex 71.1246 68.0848 28.2721
      vertex 71.0304 68.0848 28.4259
    endloop
  endfacet
  facet normal 0.852761 0 0.522302
    outer loop
      vertex 71.1246 68.0848 28.2721
      vertex 71.0304 66.4848 28.4259
      vertex 71.1246 66.4848 28.2721
    endloop
  endfacet
  facet normal 0.649239 0 0.760585
    outer loop
      vertex 70.7759 68.0848 28.6804
      vertex 70.9132 66.4848 28.5632
      vertex 70.9132 68.0848 28.5632
    endloop
  endfacet
  facet normal 0.649239 0 0.760585
    outer loop
      vertex 70.9132 66.4848 28.5632
      vertex 70.7759 68.0848 28.6804
      vertex 70.7759 66.4848 28.6804
    endloop
  endfacet
  facet normal 0.996899 -0 0.078688
    outer loop
      vertex 71.2358 66.4848 27.9299
      vertex 71.25 68.0848 27.75
      vertex 71.2358 68.0848 27.9299
    endloop
  endfacet
  facet normal 0.996899 0 0.078688
    outer loop
      vertex 71.25 68.0848 27.75
      vertex 71.2358 66.4848 27.9299
      vertex 71.25 66.4848 27.75
    endloop
  endfacet
  facet normal 0.972412 0 -0.233268
    outer loop
      vertex 71.2358 66.4848 27.5701
      vertex 71.1937 68.0848 27.3946
      vertex 71.2358 68.0848 27.5701
    endloop
  endfacet
  facet normal 0.972412 0 -0.233268
    outer loop
      vertex 71.1937 68.0848 27.3946
      vertex 71.2358 66.4848 27.5701
      vertex 71.1937 66.4848 27.3946
    endloop
  endfacet
  facet normal 0.996899 0 -0.078688
    outer loop
      vertex 71.25 66.4848 27.75
      vertex 71.2358 68.0848 27.5701
      vertex 71.25 68.0848 27.75
    endloop
  endfacet
  facet normal 0.996899 0 -0.078688
    outer loop
      vertex 71.2358 68.0848 27.5701
      vertex 71.25 66.4848 27.75
      vertex 71.2358 66.4848 27.5701
    endloop
  endfacet
  facet normal 0.350239 0.398889 0.847479
    outer loop
      vertex 70.4 69.4518 28.6055
      vertex 70.4859 69.5848 28.5074
      vertex 70.4 69.5848 28.5429
    endloop
  endfacet
  facet normal 0.350403 0.398773 0.847466
    outer loop
      vertex 70.4859 69.5848 28.5074
      vertex 70.4 69.4518 28.6055
      vertex 70.781 68.0948 29.0865
    endloop
  endfacet
  facet normal -0.891719 0.398808 -0.213985
    outer loop
      vertex 69.2916 69.5848 27.4874
      vertex 68.6185 68.0948 27.5154
      vertex 69.2605 69.5848 27.617
    endloop
  endfacet
  facet normal 0.522532 0 0.85262
    outer loop
      vertex 70.781 68.0948 29.0865
      vertex 70.9817 68.0848 28.9635
      vertex 70.9817 68.0948 28.9635
    endloop
  endfacet
  facet normal 0.522532 0 0.85262
    outer loop
      vertex 70.9817 68.0848 28.9635
      vertex 70.781 68.0948 29.0865
      vertex 70.781 68.0848 29.0865
    endloop
  endfacet
  facet normal 0.479184 0.398791 0.781888
    outer loop
      vertex 70.9817 68.0948 28.9635
      vertex 70.4859 69.5848 28.5074
      vertex 70.781 68.0948 29.0865
    endloop
  endfacet
  facet normal 0.781888 0.398791 0.479184
    outer loop
      vertex 71.4365 68.0948 28.431
      vertex 70.8574 69.5848 28.1359
      vertex 71.3135 68.0948 28.6317
    endloop
  endfacet
  facet normal 0.595926 0.398887 0.696965
    outer loop
      vertex 70.701 69.5848 28.351
      vertex 70.5996 69.5848 28.4377
      vertex 71.1607 68.0948 28.8107
    endloop
  endfacet
  facet normal -0.847418 0.398776 -0.350514
    outer loop
      vertex 69.3426 69.5848 27.3641
      vertex 68.7635 68.0948 27.069
      vertex 69.2916 69.5848 27.4874
    endloop
  endfacet
  facet normal 0.382714 0 0.923867
    outer loop
      vertex 70.5635 68.0948 29.1766
      vertex 70.781 68.0848 29.0865
      vertex 70.781 68.0948 29.0865
    endloop
  endfacet
  facet normal 0.382714 0 0.923867
    outer loop
      vertex 70.781 68.0848 29.0865
      vertex 70.5635 68.0948 29.1766
      vertex 70.5635 68.0848 29.1766
    endloop
  endfacet
  facet normal 0.3503 0.398761 0.847514
    outer loop
      vertex 70.4 69.3077 28.6733
      vertex 70.781 68.0948 29.0865
      vertex 70.4 69.4518 28.6055
    endloop
  endfacet
  facet normal 0.350954 0.398858 0.847197
    outer loop
      vertex 70.781 68.0948 29.0865
      vertex 70.4 69.3077 28.6733
      vertex 70.5635 68.0948 29.1766
    endloop
  endfacet
  facet normal -0.351034 0.39887 0.847158
    outer loop
      vertex 69.419 68.0948 29.0865
      vertex 69.8 69.3077 28.6733
      vertex 69.8 69.4517 28.6055
    endloop
  endfacet
  facet normal -0.350954 0.398858 0.847197
    outer loop
      vertex 69.8 69.3077 28.6733
      vertex 69.419 68.0948 29.0865
      vertex 69.6365 68.0948 29.1766
    endloop
  endfacet
  facet normal -0.89174 0.39882 0.213877
    outer loop
      vertex 69.2916 69.5848 28.0126
      vertex 68.6185 68.0948 27.9846
      vertex 68.6734 68.0948 28.2135
    endloop
  endfacet
  facet normal 0.781888 0.398791 -0.479184
    outer loop
      vertex 71.3135 68.0948 26.8683
      vertex 70.8574 69.5848 27.3641
      vertex 71.4365 68.0948 27.069
    endloop
  endfacet
  facet normal 0.706208 0 -0.708005
    outer loop
      vertex 71.1607 68.0848 26.6893
      vertex 71.1213 68.0948 26.65
      vertex 71.1607 68.0948 26.6893
    endloop
  endfacet
  facet normal 0.706208 0 -0.708005
    outer loop
      vertex 71.1213 68.0948 26.65
      vertex 71.1607 68.0848 26.6893
      vertex 71.1213 68.0848 26.65
    endloop
  endfacet
  facet normal 0.923867 -0 0.382714
    outer loop
      vertex 71.4365 68.0848 28.431
      vertex 71.5266 68.0948 28.2135
      vertex 71.4365 68.0948 28.431
    endloop
  endfacet
  facet normal 0.923867 0 0.382714
    outer loop
      vertex 71.5266 68.0948 28.2135
      vertex 71.4365 68.0848 28.431
      vertex 71.5266 68.0848 28.2135
    endloop
  endfacet
  facet normal 0.648263 0.399738 -0.648047
    outer loop
      vertex 70.701 69.5848 27.149
      vertex 70.4 69.2771 26.6581
      vertex 70.4 69.5848 26.8479
    endloop
  endfacet
  facet normal 0.64813 0.399909 -0.648074
    outer loop
      vertex 70.4 69.2771 26.6581
      vertex 70.701 69.5848 27.149
      vertex 71.1607 68.0948 26.6893
    endloop
  endfacet
  facet normal 0.2138 0.398854 0.891743
    outer loop
      vertex 70.4 69.3077 28.6733
      vertex 70.4 68.0948 29.2158
      vertex 70.5635 68.0948 29.1766
    endloop
  endfacet
  facet normal -0.350281 0.398637 0.84758
    outer loop
      vertex 69.7141 69.5848 28.5074
      vertex 69.8 69.4517 28.6055
      vertex 69.8 69.5848 28.5429
    endloop
  endfacet
  facet normal -0.350101 0.398763 0.847595
    outer loop
      vertex 69.8 69.4517 28.6055
      vertex 69.7141 69.5848 28.5074
      vertex 69.419 68.0948 29.0865
    endloop
  endfacet
  facet normal -0.595926 0.398887 0.696965
    outer loop
      vertex 69.499 69.5848 28.351
      vertex 69.0393 68.0948 28.8107
      vertex 69.6004 69.5848 28.4377
    endloop
  endfacet
  facet normal -0.781827 0.398802 0.479273
    outer loop
      vertex 69.3426 69.5848 28.1359
      vertex 68.8865 68.0948 28.6317
      vertex 69.4123 69.5848 28.2496
    endloop
  endfacet
  facet normal -0.697472 0.39881 0.595384
    outer loop
      vertex 69.4123 69.5848 28.2496
      vertex 68.8865 68.0948 28.6317
      vertex 69.0393 68.0948 28.8107
    endloop
  endfacet
  facet normal -0.479184 0.398791 0.781888
    outer loop
      vertex 69.7141 69.5848 28.5074
      vertex 69.2183 68.0948 28.9635
      vertex 69.419 68.0948 29.0865
    endloop
  endfacet
  facet normal -0.914193 0.398816 0.0720911
    outer loop
      vertex 69.2605 69.5848 27.883
      vertex 68.6 68.0948 27.75
      vertex 68.6185 68.0948 27.9846
    endloop
  endfacet
  facet normal -0.891719 0.398808 0.213985
    outer loop
      vertex 69.2605 69.5848 27.883
      vertex 68.6185 68.0948 27.9846
      vertex 69.2916 69.5848 28.0126
    endloop
  endfacet
  facet normal 0 1 0
    outer loop
      vertex 69.8 69.5848 28.5429
      vertex 69.6004 69.5848 28.4377
      vertex 69.7141 69.5848 28.5074
    endloop
  endfacet
  facet normal 0 1 0
    outer loop
      vertex 69.8 69.5848 28.5429
      vertex 69.499 69.5848 28.351
      vertex 69.6004 69.5848 28.4377
    endloop
  endfacet
  facet normal 0 1 0
    outer loop
      vertex 69.8 69.5848 28.5429
      vertex 69.4123 69.5848 28.2496
      vertex 69.499 69.5848 28.351
    endloop
  endfacet
  facet normal 0 1 0
    outer loop
      vertex 69.8 69.5848 28.5429
      vertex 69.3426 69.5848 28.1359
      vertex 69.4123 69.5848 28.2496
    endloop
  endfacet
  facet normal 0 1 0
    outer loop
      vertex 69.8 69.5848 28.5429
      vertex 69.2916 69.5848 28.0126
      vertex 69.3426 69.5848 28.1359
    endloop
  endfacet
  facet normal 0 1 0
    outer loop
      vertex 69.8 69.5848 28.5429
      vertex 69.2605 69.5848 27.883
      vertex 69.2916 69.5848 28.0126
    endloop
  endfacet
  facet normal 0 1 0
    outer loop
      vertex 69.8 69.5848 28.5429
      vertex 69.25 69.5848 27.75
      vertex 69.2605 69.5848 27.883
    endloop
  endfacet
  facet normal 0 1 0
    outer loop
      vertex 69.8 69.5848 28.5429
      vertex 69.2605 69.5848 27.617
      vertex 69.25 69.5848 27.75
    endloop
  endfacet
  facet normal 0 1 0
    outer loop
      vertex 69.8 69.5848 28.5429
      vertex 69.2916 69.5848 27.4874
      vertex 69.2605 69.5848 27.617
    endloop
  endfacet
  facet normal 0 1 0
    outer loop
      vertex 69.8 69.5848 28.5429
      vertex 69.3426 69.5848 27.3641
      vertex 69.2916 69.5848 27.4874
    endloop
  endfacet
  facet normal 0 1 0
    outer loop
      vertex 69.8 69.5848 28.5429
      vertex 69.4123 69.5848 27.2504
      vertex 69.3426 69.5848 27.3641
    endloop
  endfacet
  facet normal 0 1 0
    outer loop
      vertex 69.8 69.5848 28.5429
      vertex 69.499 69.5848 27.149
      vertex 69.4123 69.5848 27.2504
    endloop
  endfacet
  facet normal -0 1 0
    outer loop
      vertex 69.499 69.5848 27.149
      vertex 69.8 69.5848 28.5429
      vertex 69.8 69.5848 26.8479
    endloop
  endfacet
  facet normal 0 1 0
    outer loop
      vertex 70.5996 69.5848 28.4377
      vertex 70.4 69.5848 28.5429
      vertex 70.4859 69.5848 28.5074
    endloop
  endfacet
  facet normal 0 1 0
    outer loop
      vertex 70.701 69.5848 28.351
      vertex 70.4 69.5848 28.5429
      vertex 70.5996 69.5848 28.4377
    endloop
  endfacet
  facet normal 0 1 0
    outer loop
      vertex 70.7877 69.5848 28.2496
      vertex 70.4 69.5848 28.5429
      vertex 70.701 69.5848 28.351
    endloop
  endfacet
  facet normal 0 1 0
    outer loop
      vertex 70.8574 69.5848 28.1359
      vertex 70.4 69.5848 28.5429
      vertex 70.7877 69.5848 28.2496
    endloop
  endfacet
  facet normal 0 1 0
    outer loop
      vertex 70.9084 69.5848 28.0126
      vertex 70.4 69.5848 28.5429
      vertex 70.8574 69.5848 28.1359
    endloop
  endfacet
  facet normal 0 1 0
    outer loop
      vertex 70.9395 69.5848 27.883
      vertex 70.4 69.5848 28.5429
      vertex 70.9084 69.5848 28.0126
    endloop
  endfacet
  facet normal 0 1 0
    outer loop
      vertex 70.95 69.5848 27.75
      vertex 70.4 69.5848 28.5429
      vertex 70.9395 69.5848 27.883
    endloop
  endfacet
  facet normal 0 1 -0
    outer loop
      vertex 70.9395 69.5848 27.617
      vertex 70.4 69.5848 28.5429
      vertex 70.95 69.5848 27.75
    endloop
  endfacet
  facet normal 0 1 -0
    outer loop
      vertex 70.9084 69.5848 27.4874
      vertex 70.4 69.5848 28.5429
      vertex 70.9395 69.5848 27.617
    endloop
  endfacet
  facet normal 0 1 -0
    outer loop
      vertex 70.8574 69.5848 27.3641
      vertex 70.4 69.5848 28.5429
      vertex 70.9084 69.5848 27.4874
    endloop
  endfacet
  facet normal 0 1 -0
    outer loop
      vertex 70.7877 69.5848 27.2504
      vertex 70.4 69.5848 28.5429
      vertex 70.8574 69.5848 27.3641
    endloop
  endfacet
  facet normal 0 1 -0
    outer loop
      vertex 70.701 69.5848 27.149
      vertex 70.4 69.5848 28.5429
      vertex 70.7877 69.5848 27.2504
    endloop
  endfacet
  facet normal 0 1 0
    outer loop
      vertex 70.4 69.5848 28.5429
      vertex 70.701 69.5848 27.149
      vertex 70.4 69.5848 26.8479
    endloop
  endfacet
  facet normal -0.914193 0.398816 -0.0720911
    outer loop
      vertex 68.6185 68.0948 27.5154
      vertex 68.6 68.0948 27.75
      vertex 69.2605 69.5848 27.617
    endloop
  endfacet
  facet normal -0.697472 0.39881 -0.595384
    outer loop
      vertex 69.0393 68.0948 26.6893
      vertex 68.8865 68.0948 26.8683
      vertex 69.4123 69.5848 27.2504
    endloop
  endfacet
  facet normal -0.647431 0.399412 -0.649079
    outer loop
      vertex 69.0393 68.0948 26.6893
      vertex 69.8 69.264 26.65
      vertex 69.0787 68.0948 26.65
    endloop
  endfacet
  facet normal -0.648648 0.400262 -0.647337
    outer loop
      vertex 69.8 69.264 26.65
      vertex 69.0393 68.0948 26.6893
      vertex 69.8 69.2771 26.6581
    endloop
  endfacet
  facet normal -0.972422 0 -0.233228
    outer loop
      vertex 68.6734 68.0848 27.2865
      vertex 68.6185 68.0948 27.5154
      vertex 68.6734 68.0948 27.2865
    endloop
  endfacet
  facet normal -0.972422 -0 -0.233228
    outer loop
      vertex 68.6185 68.0948 27.5154
      vertex 68.6734 68.0848 27.2865
      vertex 68.6185 68.0848 27.5154
    endloop
  endfacet
  facet normal -0.972422 0 0.233228
    outer loop
      vertex 68.6185 68.0848 27.9846
      vertex 68.6734 68.0948 28.2135
      vertex 68.6185 68.0948 27.9846
    endloop
  endfacet
  facet normal -0.972422 0 0.233228
    outer loop
      vertex 68.6734 68.0948 28.2135
      vertex 68.6185 68.0848 27.9846
      vertex 68.6734 68.0848 28.2135
    endloop
  endfacet
  facet normal 0.648648 0.400262 -0.647337
    outer loop
      vertex 71.1607 68.0948 26.6893
      vertex 70.4 69.264 26.65
      vertex 70.4 69.2771 26.6581
    endloop
  endfacet
  facet normal 0.647431 0.399412 -0.649079
    outer loop
      vertex 70.4 69.264 26.65
      vertex 71.1607 68.0948 26.6893
      vertex 71.1213 68.0948 26.65
    endloop
  endfacet
  facet normal 0.760575 0 -0.64925
    outer loop
      vertex 71.3135 68.0848 26.8683
      vertex 71.1607 68.0948 26.6893
      vertex 71.3135 68.0948 26.8683
    endloop
  endfacet
  facet normal 0.760575 0 -0.64925
    outer loop
      vertex 71.1607 68.0948 26.6893
      vertex 71.3135 68.0848 26.8683
      vertex 71.1607 68.0848 26.6893
    endloop
  endfacet
  facet normal 0.595384 0.39881 0.697472
    outer loop
      vertex 71.1607 68.0948 28.8107
      vertex 70.5996 69.5848 28.4377
      vertex 70.9817 68.0948 28.9635
    endloop
  endfacet
  facet normal 0.84721 0.398827 -0.350959
    outer loop
      vertex 71.4365 68.0948 27.069
      vertex 70.9084 69.5848 27.4874
      vertex 71.5266 68.0948 27.2865
    endloop
  endfacet
  facet normal 0.696965 0.398887 -0.595926
    outer loop
      vertex 71.1607 68.0948 26.6893
      vertex 70.701 69.5848 27.149
      vertex 70.7877 69.5848 27.2504
    endloop
  endfacet
  facet normal -0.85262 0 -0.522532
    outer loop
      vertex 68.8865 68.0848 26.8683
      vertex 68.7635 68.0948 27.069
      vertex 68.8865 68.0948 26.8683
    endloop
  endfacet
  facet normal -0.85262 -0 -0.522532
    outer loop
      vertex 68.7635 68.0948 27.069
      vertex 68.8865 68.0848 26.8683
      vertex 68.7635 68.0848 27.069
    endloop
  endfacet
  facet normal -0.382714 0 0.923867
    outer loop
      vertex 69.419 68.0948 29.0865
      vertex 69.6365 68.0848 29.1766
      vertex 69.6365 68.0948 29.1766
    endloop
  endfacet
  facet normal -0.382714 0 0.923867
    outer loop
      vertex 69.6365 68.0848 29.1766
      vertex 69.419 68.0948 29.0865
      vertex 69.419 68.0848 29.0865
    endloop
  endfacet
  facet normal -0.85262 0 0.522532
    outer loop
      vertex 68.7635 68.0848 28.431
      vertex 68.8865 68.0948 28.6317
      vertex 68.7635 68.0948 28.431
    endloop
  endfacet
  facet normal -0.85262 0 0.522532
    outer loop
      vertex 68.8865 68.0948 28.6317
      vertex 68.7635 68.0848 28.431
      vertex 68.8865 68.0848 28.6317
    endloop
  endfacet
  facet normal -0.781888 0.398791 0.479184
    outer loop
      vertex 69.3426 69.5848 28.1359
      vertex 68.7635 68.0948 28.431
      vertex 68.8865 68.0948 28.6317
    endloop
  endfacet
  facet normal -0.696965 0.398887 0.595926
    outer loop
      vertex 69.4123 69.5848 28.2496
      vertex 69.0393 68.0948 28.8107
      vertex 69.499 69.5848 28.351
    endloop
  endfacet
  facet normal -0.760575 0 0.64925
    outer loop
      vertex 68.8865 68.0848 28.6317
      vertex 69.0393 68.0948 28.8107
      vertex 68.8865 68.0948 28.6317
    endloop
  endfacet
  facet normal -0.760575 0 0.64925
    outer loop
      vertex 69.0393 68.0948 28.8107
      vertex 68.8865 68.0848 28.6317
      vertex 69.0393 68.0848 28.8107
    endloop
  endfacet
  facet normal -0.91419 0.398808 -0.0721729
    outer loop
      vertex 69.2605 69.5848 27.617
      vertex 68.6 68.0948 27.75
      vertex 69.25 69.5848 27.75
    endloop
  endfacet
  facet normal -0.91419 0.398808 0.0721729
    outer loop
      vertex 69.25 69.5848 27.75
      vertex 68.6 68.0948 27.75
      vertex 69.2605 69.5848 27.883
    endloop
  endfacet
  facet normal -0.84721 0.398827 0.350959
    outer loop
      vertex 69.2916 69.5848 28.0126
      vertex 68.6734 68.0948 28.2135
      vertex 68.7635 68.0948 28.431
    endloop
  endfacet
  facet normal -0.847418 0.398776 0.350514
    outer loop
      vertex 69.2916 69.5848 28.0126
      vertex 68.7635 68.0948 28.431
      vertex 69.3426 69.5848 28.1359
    endloop
  endfacet
  facet normal -0.84721 0.398827 -0.350959
    outer loop
      vertex 68.7635 68.0948 27.069
      vertex 68.6734 68.0948 27.2865
      vertex 69.2916 69.5848 27.4874
    endloop
  endfacet
  facet normal -0.89174 0.39882 -0.213877
    outer loop
      vertex 68.6734 68.0948 27.2865
      vertex 68.6185 68.0948 27.5154
      vertex 69.2916 69.5848 27.4874
    endloop
  endfacet
  facet normal -0.923867 0 -0.382714
    outer loop
      vertex 68.7635 68.0848 27.069
      vertex 68.6734 68.0948 27.2865
      vertex 68.7635 68.0948 27.069
    endloop
  endfacet
  facet normal -0.923867 -0 -0.382714
    outer loop
      vertex 68.6734 68.0948 27.2865
      vertex 68.7635 68.0848 27.069
      vertex 68.6734 68.0848 27.2865
    endloop
  endfacet
  facet normal -0.996905 0 0.0786136
    outer loop
      vertex 68.6 68.0848 27.75
      vertex 68.6185 68.0948 27.9846
      vertex 68.6 68.0948 27.75
    endloop
  endfacet
  facet normal -0.996905 0 0.0786136
    outer loop
      vertex 68.6185 68.0948 27.9846
      vertex 68.6 68.0848 27.75
      vertex 68.6185 68.0848 27.9846
    endloop
  endfacet
  facet normal -0.996905 0 -0.0786136
    outer loop
      vertex 68.6185 68.0848 27.5154
      vertex 68.6 68.0948 27.75
      vertex 68.6185 68.0948 27.5154
    endloop
  endfacet
  facet normal -0.996905 -0 -0.0786136
    outer loop
      vertex 68.6 68.0948 27.75
      vertex 68.6185 68.0848 27.5154
      vertex 68.6 68.0848 27.75
    endloop
  endfacet
  facet normal -0.923867 0 0.382714
    outer loop
      vertex 68.6734 68.0848 28.2135
      vertex 68.7635 68.0948 28.431
      vertex 68.6734 68.0948 28.2135
    endloop
  endfacet
  facet normal -0.923867 0 0.382714
    outer loop
      vertex 68.7635 68.0948 28.431
      vertex 68.6734 68.0848 28.2135
      vertex 68.7635 68.0848 28.431
    endloop
  endfacet
  facet normal 0.972422 -0 0.233228
    outer loop
      vertex 71.5266 68.0848 28.2135
      vertex 71.5815 68.0948 27.9846
      vertex 71.5266 68.0948 28.2135
    endloop
  endfacet
  facet normal 0.972422 0 0.233228
    outer loop
      vertex 71.5815 68.0948 27.9846
      vertex 71.5266 68.0848 28.2135
      vertex 71.5815 68.0848 27.9846
    endloop
  endfacet
  facet normal 0.914193 0.398816 0.0720911
    outer loop
      vertex 71.6 68.0948 27.75
      vertex 70.9395 69.5848 27.883
      vertex 71.5815 68.0948 27.9846
    endloop
  endfacet
  facet normal 0.697472 0.39881 -0.595384
    outer loop
      vertex 71.1607 68.0948 26.6893
      vertex 70.7877 69.5848 27.2504
      vertex 71.3135 68.0948 26.8683
    endloop
  endfacet
  facet normal 0.891719 0.398808 -0.213985
    outer loop
      vertex 71.5815 68.0948 27.5154
      vertex 70.9084 69.5848 27.4874
      vertex 70.9395 69.5848 27.617
    endloop
  endfacet
  facet normal -0.760575 0 -0.64925
    outer loop
      vertex 69.0393 68.0848 26.6893
      vertex 68.8865 68.0948 26.8683
      vertex 69.0393 68.0948 26.6893
    endloop
  endfacet
  facet normal -0.760575 -0 -0.64925
    outer loop
      vertex 68.8865 68.0948 26.8683
      vertex 69.0393 68.0848 26.6893
      vertex 68.8865 68.0848 26.8683
    endloop
  endfacet
  facet normal -0.2138 0.398854 0.891743
    outer loop
      vertex 69.8 69.3077 28.6733
      vertex 69.6365 68.0948 29.1766
      vertex 69.8 68.0948 29.2158
    endloop
  endfacet
  facet normal -0.479273 0.398802 0.781827
    outer loop
      vertex 69.6004 69.5848 28.4377
      vertex 69.2183 68.0948 28.9635
      vertex 69.7141 69.5848 28.5074
    endloop
  endfacet
  facet normal -0.595384 0.39881 0.697472
    outer loop
      vertex 69.6004 69.5848 28.4377
      vertex 69.0393 68.0948 28.8107
      vertex 69.2183 68.0948 28.9635
    endloop
  endfacet
  facet normal -0.781827 0.398802 -0.479273
    outer loop
      vertex 69.4123 69.5848 27.2504
      vertex 68.8865 68.0948 26.8683
      vertex 69.3426 69.5848 27.3641
    endloop
  endfacet
  facet normal -0.781888 0.398791 -0.479184
    outer loop
      vertex 68.8865 68.0948 26.8683
      vertex 68.7635 68.0948 27.069
      vertex 69.3426 69.5848 27.3641
    endloop
  endfacet
  facet normal 0.479273 0.398802 0.781827
    outer loop
      vertex 70.5996 69.5848 28.4377
      vertex 70.4859 69.5848 28.5074
      vertex 70.9817 68.0948 28.9635
    endloop
  endfacet
  facet normal 0.84721 0.398827 0.350959
    outer loop
      vertex 71.5266 68.0948 28.2135
      vertex 70.9084 69.5848 28.0126
      vertex 71.4365 68.0948 28.431
    endloop
  endfacet
  facet normal 0.89174 0.39882 0.213877
    outer loop
      vertex 71.5815 68.0948 27.9846
      vertex 70.9084 69.5848 28.0126
      vertex 71.5266 68.0948 28.2135
    endloop
  endfacet
  facet normal 0.914193 0.398816 -0.0720911
    outer loop
      vertex 71.5815 68.0948 27.5154
      vertex 70.9395 69.5848 27.617
      vertex 71.6 68.0948 27.75
    endloop
  endfacet
  facet normal 0.781827 0.398802 -0.479273
    outer loop
      vertex 71.3135 68.0948 26.8683
      vertex 70.7877 69.5848 27.2504
      vertex 70.8574 69.5848 27.3641
    endloop
  endfacet
  facet normal 0.847418 0.398776 -0.350514
    outer loop
      vertex 71.4365 68.0948 27.069
      vertex 70.8574 69.5848 27.3641
      vertex 70.9084 69.5848 27.4874
    endloop
  endfacet
  facet normal -0.696965 0.398887 -0.595926
    outer loop
      vertex 69.499 69.5848 27.149
      vertex 69.0393 68.0948 26.6893
      vertex 69.4123 69.5848 27.2504
    endloop
  endfacet
  facet normal -0.648263 0.399738 -0.648047
    outer loop
      vertex 69.8 69.2771 26.6581
      vertex 69.499 69.5848 27.149
      vertex 69.8 69.5848 26.8479
    endloop
  endfacet
  facet normal -0.64813 0.399909 -0.648074
    outer loop
      vertex 69.499 69.5848 27.149
      vertex 69.8 69.2771 26.6581
      vertex 69.0393 68.0948 26.6893
    endloop
  endfacet
  facet normal 0.233148 0 0.972441
    outer loop
      vertex 70.4 68.0948 29.2158
      vertex 70.5635 68.0848 29.1766
      vertex 70.5635 68.0948 29.1766
    endloop
  endfacet
  facet normal 0.233148 0 0.972441
    outer loop
      vertex 70.5635 68.0848 29.1766
      vertex 70.4 68.0948 29.2158
      vertex 70.4 68.0848 29.2158
    endloop
  endfacet
  facet normal -0.233148 0 0.972441
    outer loop
      vertex 69.6365 68.0948 29.1766
      vertex 69.8 68.0848 29.2158
      vertex 69.8 68.0948 29.2158
    endloop
  endfacet
  facet normal -0.233148 0 0.972441
    outer loop
      vertex 69.8 68.0848 29.2158
      vertex 69.6365 68.0948 29.1766
      vertex 69.6365 68.0848 29.1766
    endloop
  endfacet
  facet normal -0.522532 0 0.85262
    outer loop
      vertex 69.2183 68.0948 28.9635
      vertex 69.419 68.0848 29.0865
      vertex 69.419 68.0948 29.0865
    endloop
  endfacet
  facet normal -0.522532 0 0.85262
    outer loop
      vertex 69.419 68.0848 29.0865
      vertex 69.2183 68.0948 28.9635
      vertex 69.2183 68.0848 28.9635
    endloop
  endfacet
  facet normal -0.64925 0 0.760575
    outer loop
      vertex 69.0393 68.0948 28.8107
      vertex 69.2183 68.0848 28.9635
      vertex 69.2183 68.0948 28.9635
    endloop
  endfacet
  facet normal -0.64925 0 0.760575
    outer loop
      vertex 69.2183 68.0848 28.9635
      vertex 69.0393 68.0948 28.8107
      vertex 69.0393 68.0848 28.8107
    endloop
  endfacet
  facet normal 0.64925 0 0.760575
    outer loop
      vertex 70.9817 68.0948 28.9635
      vertex 71.1607 68.0848 28.8107
      vertex 71.1607 68.0948 28.8107
    endloop
  endfacet
  facet normal 0.64925 0 0.760575
    outer loop
      vertex 71.1607 68.0848 28.8107
      vertex 70.9817 68.0948 28.9635
      vertex 70.9817 68.0848 28.9635
    endloop
  endfacet
  facet normal 0.781827 0.398802 0.479273
    outer loop
      vertex 70.8574 69.5848 28.1359
      vertex 70.7877 69.5848 28.2496
      vertex 71.3135 68.0948 28.6317
    endloop
  endfacet
  facet normal 0.697472 0.39881 0.595384
    outer loop
      vertex 71.3135 68.0948 28.6317
      vertex 70.7877 69.5848 28.2496
      vertex 71.1607 68.0948 28.8107
    endloop
  endfacet
  facet normal 0.696965 0.398887 0.595926
    outer loop
      vertex 70.7877 69.5848 28.2496
      vertex 70.701 69.5848 28.351
      vertex 71.1607 68.0948 28.8107
    endloop
  endfacet
  facet normal 0.891719 0.398808 0.213985
    outer loop
      vertex 70.9395 69.5848 27.883
      vertex 70.9084 69.5848 28.0126
      vertex 71.5815 68.0948 27.9846
    endloop
  endfacet
  facet normal 0.847418 0.398776 0.350514
    outer loop
      vertex 70.9084 69.5848 28.0126
      vertex 70.8574 69.5848 28.1359
      vertex 71.4365 68.0948 28.431
    endloop
  endfacet
  facet normal 0.91419 0.398808 0.0721729
    outer loop
      vertex 70.95 69.5848 27.75
      vertex 70.9395 69.5848 27.883
      vertex 71.6 68.0948 27.75
    endloop
  endfacet
  facet normal 0.91419 0.398808 -0.0721729
    outer loop
      vertex 71.6 68.0948 27.75
      vertex 70.9395 69.5848 27.617
      vertex 70.95 69.5848 27.75
    endloop
  endfacet
  facet normal 0.996905 0 -0.0786136
    outer loop
      vertex 71.6 68.0848 27.75
      vertex 71.5815 68.0948 27.5154
      vertex 71.6 68.0948 27.75
    endloop
  endfacet
  facet normal 0.996905 0 -0.0786136
    outer loop
      vertex 71.5815 68.0948 27.5154
      vertex 71.6 68.0848 27.75
      vertex 71.5815 68.0848 27.5154
    endloop
  endfacet
  facet normal 0.996905 -0 0.0786136
    outer loop
      vertex 71.5815 68.0848 27.9846
      vertex 71.6 68.0948 27.75
      vertex 71.5815 68.0948 27.9846
    endloop
  endfacet
  facet normal 0.996905 0 0.0786136
    outer loop
      vertex 71.6 68.0948 27.75
      vertex 71.5815 68.0848 27.9846
      vertex 71.6 68.0848 27.75
    endloop
  endfacet
  facet normal 0.85262 0 -0.522532
    outer loop
      vertex 71.4365 68.0848 27.069
      vertex 71.3135 68.0948 26.8683
      vertex 71.4365 68.0948 27.069
    endloop
  endfacet
  facet normal 0.85262 0 -0.522532
    outer loop
      vertex 71.3135 68.0948 26.8683
      vertex 71.4365 68.0848 27.069
      vertex 71.3135 68.0848 26.8683
    endloop
  endfacet
  facet normal 0.89174 0.39882 -0.213877
    outer loop
      vertex 71.5266 68.0948 27.2865
      vertex 70.9084 69.5848 27.4874
      vertex 71.5815 68.0948 27.5154
    endloop
  endfacet
  facet normal 0.923867 0 -0.382714
    outer loop
      vertex 71.5266 68.0848 27.2865
      vertex 71.4365 68.0948 27.069
      vertex 71.5266 68.0948 27.2865
    endloop
  endfacet
  facet normal 0.923867 0 -0.382714
    outer loop
      vertex 71.4365 68.0948 27.069
      vertex 71.5266 68.0848 27.2865
      vertex 71.4365 68.0848 27.069
    endloop
  endfacet
  facet normal -0.706208 0 -0.708005
    outer loop
      vertex 69.0787 68.0848 26.65
      vertex 69.0393 68.0948 26.6893
      vertex 69.0787 68.0948 26.65
    endloop
  endfacet
  facet normal -0.706208 -0 -0.708005
    outer loop
      vertex 69.0393 68.0948 26.6893
      vertex 69.0787 68.0848 26.65
      vertex 69.0393 68.0848 26.6893
    endloop
  endfacet
  facet normal 0.972422 0 -0.233228
    outer loop
      vertex 71.5815 68.0848 27.5154
      vertex 71.5266 68.0948 27.2865
      vertex 71.5815 68.0948 27.5154
    endloop
  endfacet
  facet normal 0.972422 0 -0.233228
    outer loop
      vertex 71.5266 68.0948 27.2865
      vertex 71.5815 68.0848 27.5154
      vertex 71.5266 68.0848 27.2865
    endloop
  endfacet
  facet normal 0.85262 -0 0.522532
    outer loop
      vertex 71.3135 68.0848 28.6317
      vertex 71.4365 68.0948 28.431
      vertex 71.3135 68.0948 28.6317
    endloop
  endfacet
  facet normal 0.85262 0 0.522532
    outer loop
      vertex 71.4365 68.0948 28.431
      vertex 71.3135 68.0848 28.6317
      vertex 71.4365 68.0848 28.431
    endloop
  endfacet
  facet normal 0.760575 -0 0.64925
    outer loop
      vertex 71.1607 68.0848 28.8107
      vertex 71.3135 68.0948 28.6317
      vertex 71.1607 68.0948 28.8107
    endloop
  endfacet
  facet normal 0.760575 0 0.64925
    outer loop
      vertex 71.3135 68.0948 28.6317
      vertex 71.1607 68.0848 28.8107
      vertex 71.3135 68.0848 28.6317
    endloop
  endfacet
  facet normal 0 0 1
    outer loop
      vertex 69.8 66.4848 30.25
      vertex 67.6 66.4848 30.25
      vertex 69.8 63.4848 30.25
    endloop
  endfacet
  facet normal 0 0 1
    outer loop
      vertex 70.4 63.4848 30.25
      vertex 72.6 66.4848 30.25
      vertex 70.4 66.4848 30.25
    endloop
  endfacet
  facet normal 0 0 1
    outer loop
      vertex 72.6 66.4848 30.25
      vertex 70.4 63.4848 30.25
      vertex 72.6 47.4577 30.25
    endloop
  endfacet
  facet normal -0 0 1
    outer loop
      vertex 69.8 63.4848 30.25
      vertex 72.6 47.4577 30.25
      vertex 70.4 63.4848 30.25
    endloop
  endfacet
  facet normal 0 0 1
    outer loop
      vertex 67.6 47.4577 30.25
      vertex 69.8 63.4848 30.25
      vertex 67.6 66.4848 30.25
    endloop
  endfacet
  facet normal 0 0 1
    outer loop
      vertex 69.8 63.4848 30.25
      vertex 67.6 47.4577 30.25
      vertex 72.6 47.4577 30.25
    endloop
  endfacet
  facet normal 0 0.736327 -0.676626
    outer loop
      vertex 72.6 66.4848 25.25
      vertex 70.4 63.4848 21.9853
      vertex 70.4 66.4848 25.25
    endloop
  endfacet
  facet normal 0 0.736332 -0.67662
    outer loop
      vertex 70.4 63.4848 21.9853
      vertex 72.6 46.958 4
      vertex 69.8 63.4848 21.9853
    endloop
  endfacet
  facet normal -1.3483e-05 0.736331 -0.676621
    outer loop
      vertex 72.6 46.958 4
      vertex 70.4 63.4848 21.9853
      vertex 72.6 66.4848 25.25
    endloop
  endfacet
  facet normal 0 0.736327 -0.676626
    outer loop
      vertex 69.8 63.4848 21.9853
      vertex 67.6 66.4848 25.25
      vertex 69.8 66.4848 25.25
    endloop
  endfacet
  facet normal 0 0.736332 -0.67662
    outer loop
      vertex 67.6 46.958 4
      vertex 69.8 63.4848 21.9853
      vertex 72.6 46.958 4
    endloop
  endfacet
  facet normal 1.3483e-05 0.736331 -0.676621
    outer loop
      vertex 69.8 63.4848 21.9853
      vertex 67.6 46.958 4
      vertex 67.6 66.4848 25.25
    endloop
  endfacet
  facet normal 0 1 -0
    outer loop
      vertex 72.6 66.4848 25.25
      vertex 70.4 66.4848 30.25
      vertex 72.6 66.4848 30.25
    endloop
  endfacet
  facet normal 0 1 0
    outer loop
      vertex 70.4 66.4848 30.25
      vertex 72.6 66.4848 25.25
      vertex 70.4 66.4848 25.25
    endloop
  endfacet
  facet normal 0 1 -0
    outer loop
      vertex 69.8 66.4848 25.25
      vertex 67.6 66.4848 30.25
      vertex 69.8 66.4848 30.25
    endloop
  endfacet
  facet normal 0 1 0
    outer loop
      vertex 67.6 66.4848 30.25
      vertex 69.8 66.4848 25.25
      vertex 67.6 66.4848 25.25
    endloop
  endfacet
  facet normal -1 0 0
    outer loop
      vertex 67.6 66.4848 25.25
      vertex 67.6 47.4577 30.25
      vertex 67.6 66.4848 30.25
    endloop
  endfacet
  facet normal -1 0 0
    outer loop
      vertex 67.6 46.958 4
      vertex 67.6 47.4577 30.25
      vertex 67.6 66.4848 25.25
    endloop
  endfacet
  facet normal -1 0 0
    outer loop
      vertex 67.6 47.4577 30.25
      vertex 67.6 46.958 4
      vertex 67.6 43.7685 4
    endloop
  endfacet
  facet normal 1 -0 0
    outer loop
      vertex 72.6 47.4577 30.25
      vertex 72.6 66.4848 25.25
      vertex 72.6 66.4848 30.25
    endloop
  endfacet
  facet normal 1 0 0
    outer loop
      vertex 72.6 47.4577 30.25
      vertex 72.6 46.958 4
      vertex 72.6 66.4848 25.25
    endloop
  endfacet
  facet normal 1 0 -0
    outer loop
      vertex 72.6 46.958 4
      vertex 72.6 47.4577 30.25
      vertex 72.6 43.7685 4
    endloop
  endfacet
  facet normal 1 -0 0
    outer loop
      vertex 69.8 63.4848 30.25
      vertex 69.8 66.4848 25.25
      vertex 69.8 66.4848 30.25
    endloop
  endfacet
  facet normal 1 0 0
    outer loop
      vertex 69.8 66.4848 25.25
      vertex 69.8 63.4848 30.25
      vertex 69.8 63.4848 21.9853
    endloop
  endfacet
  facet normal 1 0 0
    outer loop
      vertex 69.8 69.4517 28.6055
      vertex 69.8 69.5848 26.8479
      vertex 69.8 69.5848 28.5429
    endloop
  endfacet
  facet normal 1 0 0
    outer loop
      vertex 69.8 69.3077 28.6733
      vertex 69.8 69.5848 26.8479
      vertex 69.8 69.4517 28.6055
    endloop
  endfacet
  facet normal 1 0 0
    outer loop
      vertex 69.8 69.3077 28.6733
      vertex 69.8 69.2771 26.6581
      vertex 69.8 69.5848 26.8479
    endloop
  endfacet
  facet normal 1 0 0
    outer loop
      vertex 69.8 69.3077 28.6733
      vertex 69.8 69.264 26.65
      vertex 69.8 69.2771 26.6581
    endloop
  endfacet
  facet normal 1 -0 0
    outer loop
      vertex 69.8 68.0848 28.857
      vertex 69.8 69.3077 28.6733
      vertex 69.8 68.0948 29.2158
    endloop
  endfacet
  facet normal 1 0 0
    outer loop
      vertex 69.8 68.0848 28.857
      vertex 69.8 68.0948 29.2158
      vertex 69.8 68.0848 29.2158
    endloop
  endfacet
  facet normal 1 0 0
    outer loop
      vertex 69.8 69.3077 28.6733
      vertex 69.8 68.0848 28.857
      vertex 69.8 69.264 26.65
    endloop
  endfacet
  facet normal 1 0 0
    outer loop
      vertex 69.8 66.4848 26.65
      vertex 69.8 68.0848 28.857
      vertex 69.8 66.4848 28.857
    endloop
  endfacet
  facet normal 1 0 0
    outer loop
      vertex 69.8 68.0848 28.857
      vertex 69.8 66.4848 26.65
      vertex 69.8 69.264 26.65
    endloop
  endfacet
  facet normal -1 0 0
    outer loop
      vertex 70.4 63.4848 30.25
      vertex 70.4 66.4848 25.25
      vertex 70.4 63.4848 21.9853
    endloop
  endfacet
  facet normal -1 0 0
    outer loop
      vertex 70.4 66.4848 25.25
      vertex 70.4 63.4848 30.25
      vertex 70.4 66.4848 30.25
    endloop
  endfacet
  facet normal -1 0 0
    outer loop
      vertex 70.4 69.5848 26.8479
      vertex 70.4 69.4518 28.6055
      vertex 70.4 69.5848 28.5429
    endloop
  endfacet
  facet normal -1 0 0
    outer loop
      vertex 70.4 69.5848 26.8479
      vertex 70.4 69.3077 28.6733
      vertex 70.4 69.4518 28.6055
    endloop
  endfacet
  facet normal -1 0 0
    outer loop
      vertex 70.4 69.2771 26.6581
      vertex 70.4 69.3077 28.6733
      vertex 70.4 69.5848 26.8479
    endloop
  endfacet
  facet normal -1 0 0
    outer loop
      vertex 70.4 69.264 26.65
      vertex 70.4 69.3077 28.6733
      vertex 70.4 69.2771 26.6581
    endloop
  endfacet
  facet normal -1 0 0
    outer loop
      vertex 70.4 68.0848 28.857
      vertex 70.4 69.3077 28.6733
      vertex 70.4 69.264 26.65
    endloop
  endfacet
  facet normal -1 0 0
    outer loop
      vertex 70.4 69.3077 28.6733
      vertex 70.4 68.0848 28.857
      vertex 70.4 68.0948 29.2158
    endloop
  endfacet
  facet normal -1 0 0
    outer loop
      vertex 70.4 66.4848 26.65
      vertex 70.4 68.0848 28.857
      vertex 70.4 69.264 26.65
    endloop
  endfacet
  facet normal -1 -0 0
    outer loop
      vertex 70.4 68.0848 28.857
      vertex 70.4 66.4848 26.65
      vertex 70.4 66.4848 28.857
    endloop
  endfacet
  facet normal -1 -0 0
    outer loop
      vertex 70.4 68.0948 29.2158
      vertex 70.4 68.0848 28.857
      vertex 70.4 68.0848 29.2158
    endloop
  endfacet
  facet normal 0 1 -0
    outer loop
      vertex 70.4 63.4848 21.9853
      vertex 69.8 63.4848 30.25
      vertex 70.4 63.4848 30.25
    endloop
  endfacet
  facet normal 0 1 0
    outer loop
      vertex 69.8 63.4848 30.25
      vertex 70.4 63.4848 21.9853
      vertex 69.8 63.4848 21.9853
    endloop
  endfacet
  facet normal 0.382923 0 0.92378
    outer loop
      vertex 70.4554 68.0848 81.3437
      vertex 70.6221 66.4848 81.2746
      vertex 70.6221 68.0848 81.2746
    endloop
  endfacet
  facet normal 0.382923 0 0.92378
    outer loop
      vertex 70.6221 66.4848 81.2746
      vertex 70.4554 68.0848 81.3437
      vertex 70.4554 66.4848 81.3437
    endloop
  endfacet
  facet normal 0 0 -1
    outer loop
      vertex 70.6263 66.4848 79.15
      vertex 70.4 66.4848 79.15
      vertex 70.6263 68.0848 79.15
    endloop
  endfacet
  facet normal 0 0 -1
    outer loop
      vertex 70.6263 68.0848 79.15
      vertex 71.1213 68.0948 79.15
      vertex 71.1213 68.0848 79.15
    endloop
  endfacet
  facet normal 0 0 -1
    outer loop
      vertex 70.6263 68.0848 79.15
      vertex 70.4 69.264 79.15
      vertex 71.1213 68.0948 79.15
    endloop
  endfacet
  facet normal 0 0 -1
    outer loop
      vertex 70.4 69.264 79.15
      vertex 70.6263 68.0848 79.15
      vertex 70.4 66.4848 79.15
    endloop
  endfacet
  facet normal 0 0 -1
    outer loop
      vertex 69.5737 68.0848 79.15
      vertex 69.8 66.4848 79.15
      vertex 69.5737 66.4848 79.15
    endloop
  endfacet
  facet normal 0 0 -1
    outer loop
      vertex 69.8 66.4848 79.15
      vertex 69.5737 68.0848 79.15
      vertex 69.8 69.264 79.15
    endloop
  endfacet
  facet normal 0 0 -1
    outer loop
      vertex 69.0787 68.0948 79.15
      vertex 69.5737 68.0848 79.15
      vertex 69.0787 68.0848 79.15
    endloop
  endfacet
  facet normal 0 0 -1
    outer loop
      vertex 69.5737 68.0848 79.15
      vertex 69.0787 68.0948 79.15
      vertex 69.8 69.264 79.15
    endloop
  endfacet
  facet normal 0.233439 0 0.972371
    outer loop
      vertex 70.4 68.0848 81.357
      vertex 70.4554 66.4848 81.3437
      vertex 70.4554 68.0848 81.3437
    endloop
  endfacet
  facet normal 0.233439 0 0.972371
    outer loop
      vertex 70.4554 66.4848 81.3437
      vertex 70.4 68.0848 81.357
      vertex 70.4 66.4848 81.357
    endloop
  endfacet
  facet normal 0.92378 -0 0.382923
    outer loop
      vertex 71.1246 66.4848 80.7721
      vertex 71.1937 68.0848 80.6054
      vertex 71.1246 68.0848 80.7721
    endloop
  endfacet
  facet normal 0.92378 0 0.382923
    outer loop
      vertex 71.1937 68.0848 80.6054
      vertex 71.1246 66.4848 80.7721
      vertex 71.1937 66.4848 80.6054
    endloop
  endfacet
  facet normal -0.972412 0 -0.233268
    outer loop
      vertex 69.0063 66.4848 79.8946
      vertex 68.9642 68.0848 80.0701
      vertex 69.0063 68.0848 79.8946
    endloop
  endfacet
  facet normal -0.972412 -0 -0.233268
    outer loop
      vertex 68.9642 68.0848 80.0701
      vertex 69.0063 66.4848 79.8946
      vertex 68.9642 66.4848 80.0701
    endloop
  endfacet
  facet normal 0.852761 0 -0.522302
    outer loop
      vertex 71.1246 66.4848 79.7279
      vertex 71.0304 68.0848 79.5741
      vertex 71.1246 68.0848 79.7279
    endloop
  endfacet
  facet normal 0.852761 0 -0.522302
    outer loop
      vertex 71.0304 68.0848 79.5741
      vertex 71.1246 66.4848 79.7279
      vertex 71.0304 66.4848 79.5741
    endloop
  endfacet
  facet normal 0 -1 0
    outer loop
      vertex 70.4 66.4848 81.357
      vertex 70.6221 66.4848 81.2746
      vertex 70.4554 66.4848 81.3437
    endloop
  endfacet
  facet normal 0 -1 0
    outer loop
      vertex 70.4 66.4848 81.357
      vertex 70.7759 66.4848 81.1804
      vertex 70.6221 66.4848 81.2746
    endloop
  endfacet
  facet normal 0 -1 0
    outer loop
      vertex 70.4 66.4848 81.357
      vertex 70.9132 66.4848 81.0632
      vertex 70.7759 66.4848 81.1804
    endloop
  endfacet
  facet normal 0 -1 0
    outer loop
      vertex 70.4 66.4848 81.357
      vertex 71.0304 66.4848 80.9259
      vertex 70.9132 66.4848 81.0632
    endloop
  endfacet
  facet normal 0 -1 0
    outer loop
      vertex 70.4 66.4848 81.357
      vertex 71.1246 66.4848 80.7721
      vertex 71.0304 66.4848 80.9259
    endloop
  endfacet
  facet normal 0 -1 0
    outer loop
      vertex 70.4 66.4848 81.357
      vertex 71.1937 66.4848 80.6054
      vertex 71.1246 66.4848 80.7721
    endloop
  endfacet
  facet normal 0 -1 0
    outer loop
      vertex 70.4 66.4848 81.357
      vertex 71.2358 66.4848 80.4299
      vertex 71.1937 66.4848 80.6054
    endloop
  endfacet
  facet normal 0 -1 0
    outer loop
      vertex 70.4 66.4848 81.357
      vertex 71.25 66.4848 80.25
      vertex 71.2358 66.4848 80.4299
    endloop
  endfacet
  facet normal 0 -1 0
    outer loop
      vertex 70.4 66.4848 81.357
      vertex 71.2358 66.4848 80.0701
      vertex 71.25 66.4848 80.25
    endloop
  endfacet
  facet normal 0 -1 0
    outer loop
      vertex 70.4 66.4848 81.357
      vertex 71.1937 66.4848 79.8946
      vertex 71.2358 66.4848 80.0701
    endloop
  endfacet
  facet normal 0 -1 0
    outer loop
      vertex 70.4 66.4848 81.357
      vertex 71.1246 66.4848 79.7279
      vertex 71.1937 66.4848 79.8946
    endloop
  endfacet
  facet normal 0 -1 0
    outer loop
      vertex 70.4 66.4848 79.15
      vertex 71.1246 66.4848 79.7279
      vertex 70.4 66.4848 81.357
    endloop
  endfacet
  facet normal 0 -1 0
    outer loop
      vertex 71.1246 66.4848 79.7279
      vertex 70.4 66.4848 79.15
      vertex 71.0304 66.4848 79.5741
    endloop
  endfacet
  facet normal 0 -1 0
    outer loop
      vertex 71.0304 66.4848 79.5741
      vertex 70.4 66.4848 79.15
      vertex 70.9132 66.4848 79.4368
    endloop
  endfacet
  facet normal 0 -1 0
    outer loop
      vertex 70.9132 66.4848 79.4368
      vertex 70.4 66.4848 79.15
      vertex 70.6263 66.4848 79.15
    endloop
  endfacet
  facet normal 0 -1 0
    outer loop
      vertex 69.5779 66.4848 81.2746
      vertex 69.8 66.4848 81.357
      vertex 69.7446 66.4848 81.3437
    endloop
  endfacet
  facet normal 0 -1 0
    outer loop
      vertex 69.424 66.4848 81.1804
      vertex 69.8 66.4848 81.357
      vertex 69.5779 66.4848 81.2746
    endloop
  endfacet
  facet normal 0 -1 0
    outer loop
      vertex 69.2868 66.4848 81.0632
      vertex 69.8 66.4848 81.357
      vertex 69.424 66.4848 81.1804
    endloop
  endfacet
  facet normal 0 -1 0
    outer loop
      vertex 69.1696 66.4848 80.9259
      vertex 69.8 66.4848 81.357
      vertex 69.2868 66.4848 81.0632
    endloop
  endfacet
  facet normal 0 -1 0
    outer loop
      vertex 69.0754 66.4848 80.7721
      vertex 69.8 66.4848 81.357
      vertex 69.1696 66.4848 80.9259
    endloop
  endfacet
  facet normal 0 -1 0
    outer loop
      vertex 69.0063 66.4848 80.6054
      vertex 69.8 66.4848 81.357
      vertex 69.0754 66.4848 80.7721
    endloop
  endfacet
  facet normal 0 -1 0
    outer loop
      vertex 68.9642 66.4848 80.4299
      vertex 69.8 66.4848 81.357
      vertex 69.0063 66.4848 80.6054
    endloop
  endfacet
  facet normal 0 -1 0
    outer loop
      vertex 68.95 66.4848 80.25
      vertex 69.8 66.4848 81.357
      vertex 68.9642 66.4848 80.4299
    endloop
  endfacet
  facet normal 0 -1 0
    outer loop
      vertex 68.9642 66.4848 80.0701
      vertex 69.8 66.4848 81.357
      vertex 68.95 66.4848 80.25
    endloop
  endfacet
  facet normal 0 -1 0
    outer loop
      vertex 69.0063 66.4848 79.8946
      vertex 69.8 66.4848 81.357
      vertex 68.9642 66.4848 80.0701
    endloop
  endfacet
  facet normal 0 -1 0
    outer loop
      vertex 69.0754 66.4848 79.7279
      vertex 69.8 66.4848 81.357
      vertex 69.0063 66.4848 79.8946
    endloop
  endfacet
  facet normal 0 -1 0
    outer loop
      vertex 69.8 66.4848 79.15
      vertex 69.0754 66.4848 79.7279
      vertex 69.1696 66.4848 79.5741
    endloop
  endfacet
  facet normal 0 -1 0
    outer loop
      vertex 69.8 66.4848 79.15
      vertex 69.1696 66.4848 79.5741
      vertex 69.2868 66.4848 79.4368
    endloop
  endfacet
  facet normal 0 -1 0
    outer loop
      vertex 69.8 66.4848 79.15
      vertex 69.2868 66.4848 79.4368
      vertex 69.5737 66.4848 79.15
    endloop
  endfacet
  facet normal 0 -1 0
    outer loop
      vertex 69.0754 66.4848 79.7279
      vertex 69.8 66.4848 79.15
      vertex 69.8 66.4848 81.357
    endloop
  endfacet
  facet normal 0.706984 0 -0.70723
    outer loop
      vertex 70.6263 66.4848 79.15
      vertex 70.9132 68.0848 79.4368
      vertex 70.9132 66.4848 79.4368
    endloop
  endfacet
  facet normal 0.706984 0 -0.70723
    outer loop
      vertex 70.9132 68.0848 79.4368
      vertex 70.6263 66.4848 79.15
      vertex 70.6263 68.0848 79.15
    endloop
  endfacet
  facet normal -0.706984 0 -0.70723
    outer loop
      vertex 69.2868 66.4848 79.4368
      vertex 69.5737 68.0848 79.15
      vertex 69.5737 66.4848 79.15
    endloop
  endfacet
  facet normal -0.706984 0 -0.70723
    outer loop
      vertex 69.5737 68.0848 79.15
      vertex 69.2868 66.4848 79.4368
      vertex 69.2868 68.0848 79.4368
    endloop
  endfacet
  facet normal -0.996899 0 -0.078688
    outer loop
      vertex 68.9642 66.4848 80.0701
      vertex 68.95 68.0848 80.25
      vertex 68.9642 68.0848 80.0701
    endloop
  endfacet
  facet normal -0.996899 -0 -0.078688
    outer loop
      vertex 68.95 68.0848 80.25
      vertex 68.9642 66.4848 80.0701
      vertex 68.95 66.4848 80.25
    endloop
  endfacet
  facet normal -0.996899 0 0.078688
    outer loop
      vertex 68.95 66.4848 80.25
      vertex 68.9642 68.0848 80.4299
      vertex 68.95 68.0848 80.25
    endloop
  endfacet
  facet normal -0.996899 0 0.078688
    outer loop
      vertex 68.9642 68.0848 80.4299
      vertex 68.95 66.4848 80.25
      vertex 68.9642 66.4848 80.4299
    endloop
  endfacet
  facet normal -0.972412 0 0.233268
    outer loop
      vertex 68.9642 66.4848 80.4299
      vertex 69.0063 68.0848 80.6054
      vertex 68.9642 68.0848 80.4299
    endloop
  endfacet
  facet normal -0.972412 0 0.233268
    outer loop
      vertex 69.0063 68.0848 80.6054
      vertex 68.9642 66.4848 80.4299
      vertex 69.0063 66.4848 80.6054
    endloop
  endfacet
  facet normal -0.92378 0 0.382923
    outer loop
      vertex 69.0063 66.4848 80.6054
      vertex 69.0754 68.0848 80.7721
      vertex 69.0063 68.0848 80.6054
    endloop
  endfacet
  facet normal -0.92378 0 0.382923
    outer loop
      vertex 69.0754 68.0848 80.7721
      vertex 69.0063 66.4848 80.6054
      vertex 69.0754 66.4848 80.7721
    endloop
  endfacet
  facet normal -0.852761 0 0.522302
    outer loop
      vertex 69.0754 66.4848 80.7721
      vertex 69.1696 68.0848 80.9259
      vertex 69.0754 68.0848 80.7721
    endloop
  endfacet
  facet normal -0.852761 0 0.522302
    outer loop
      vertex 69.1696 68.0848 80.9259
      vertex 69.0754 66.4848 80.7721
      vertex 69.1696 66.4848 80.9259
    endloop
  endfacet
  facet normal -0.760585 0 0.649239
    outer loop
      vertex 69.1696 66.4848 80.9259
      vertex 69.2868 68.0848 81.0632
      vertex 69.1696 68.0848 80.9259
    endloop
  endfacet
  facet normal -0.760585 0 0.649239
    outer loop
      vertex 69.2868 68.0848 81.0632
      vertex 69.1696 66.4848 80.9259
      vertex 69.2868 66.4848 81.0632
    endloop
  endfacet
  facet normal -0.522055 0 0.852912
    outer loop
      vertex 69.424 68.0848 81.1804
      vertex 69.5779 66.4848 81.2746
      vertex 69.5779 68.0848 81.2746
    endloop
  endfacet
  facet normal -0.522055 0 0.852912
    outer loop
      vertex 69.5779 66.4848 81.2746
      vertex 69.424 68.0848 81.1804
      vertex 69.424 66.4848 81.1804
    endloop
  endfacet
  facet normal 0.760585 0 -0.649239
    outer loop
      vertex 71.0304 66.4848 79.5741
      vertex 70.9132 68.0848 79.4368
      vertex 71.0304 68.0848 79.5741
    endloop
  endfacet
  facet normal 0.760585 0 -0.649239
    outer loop
      vertex 70.9132 68.0848 79.4368
      vertex 71.0304 66.4848 79.5741
      vertex 70.9132 66.4848 79.4368
    endloop
  endfacet
  facet normal 0.760585 -0 0.649239
    outer loop
      vertex 70.9132 66.4848 81.0632
      vertex 71.0304 68.0848 80.9259
      vertex 70.9132 68.0848 81.0632
    endloop
  endfacet
  facet normal 0.760585 0 0.649239
    outer loop
      vertex 71.0304 68.0848 80.9259
      vertex 70.9132 66.4848 81.0632
      vertex 71.0304 66.4848 80.9259
    endloop
  endfacet
  facet normal 0.522302 0 0.852761
    outer loop
      vertex 70.6221 68.0848 81.2746
      vertex 70.7759 66.4848 81.1804
      vertex 70.7759 68.0848 81.1804
    endloop
  endfacet
  facet normal 0.522302 0 0.852761
    outer loop
      vertex 70.7759 66.4848 81.1804
      vertex 70.6221 68.0848 81.2746
      vertex 70.6221 66.4848 81.2746
    endloop
  endfacet
  facet normal 0.972412 -0 0.233268
    outer loop
      vertex 71.1937 66.4848 80.6054
      vertex 71.2358 68.0848 80.4299
      vertex 71.1937 68.0848 80.6054
    endloop
  endfacet
  facet normal 0.972412 0 0.233268
    outer loop
      vertex 71.2358 68.0848 80.4299
      vertex 71.1937 66.4848 80.6054
      vertex 71.2358 66.4848 80.4299
    endloop
  endfacet
  facet normal 0.92378 0 -0.382923
    outer loop
      vertex 71.1937 66.4848 79.8946
      vertex 71.1246 68.0848 79.7279
      vertex 71.1937 68.0848 79.8946
    endloop
  endfacet
  facet normal 0.92378 0 -0.382923
    outer loop
      vertex 71.1246 68.0848 79.7279
      vertex 71.1937 66.4848 79.8946
      vertex 71.1246 66.4848 79.7279
    endloop
  endfacet
  facet normal -0.92378 0 -0.382923
    outer loop
      vertex 69.0754 66.4848 79.7279
      vertex 69.0063 68.0848 79.8946
      vertex 69.0754 68.0848 79.7279
    endloop
  endfacet
  facet normal -0.92378 -0 -0.382923
    outer loop
      vertex 69.0063 68.0848 79.8946
      vertex 69.0754 66.4848 79.7279
      vertex 69.0063 66.4848 79.8946
    endloop
  endfacet
  facet normal -0.852761 0 -0.522302
    outer loop
      vertex 69.1696 66.4848 79.5741
      vertex 69.0754 68.0848 79.7279
      vertex 69.1696 68.0848 79.5741
    endloop
  endfacet
  facet normal -0.852761 -0 -0.522302
    outer loop
      vertex 69.0754 68.0848 79.7279
      vertex 69.1696 66.4848 79.5741
      vertex 69.0754 66.4848 79.7279
    endloop
  endfacet
  facet normal -0.760585 0 -0.649239
    outer loop
      vertex 69.2868 66.4848 79.4368
      vertex 69.1696 68.0848 79.5741
      vertex 69.2868 68.0848 79.4368
    endloop
  endfacet
  facet normal -0.760585 -0 -0.649239
    outer loop
      vertex 69.1696 68.0848 79.5741
      vertex 69.2868 66.4848 79.4368
      vertex 69.1696 66.4848 79.5741
    endloop
  endfacet
  facet normal 0 -1 0
    outer loop
      vertex 70.4 68.0848 81.357
      vertex 70.5635 68.0848 81.6766
      vertex 70.4 68.0848 81.7158
    endloop
  endfacet
  facet normal 0 -1 -0
    outer loop
      vertex 70.5635 68.0848 81.6766
      vertex 70.4554 68.0848 81.3437
      vertex 70.781 68.0848 81.5865
    endloop
  endfacet
  facet normal 0 -1 0
    outer loop
      vertex 70.5635 68.0848 81.6766
      vertex 70.4 68.0848 81.357
      vertex 70.4554 68.0848 81.3437
    endloop
  endfacet
  facet normal 0 -1 0
    outer loop
      vertex 70.781 68.0848 81.5865
      vertex 70.4554 68.0848 81.3437
      vertex 70.6221 68.0848 81.2746
    endloop
  endfacet
  facet normal 0 -1 -0
    outer loop
      vertex 70.781 68.0848 81.5865
      vertex 70.6221 68.0848 81.2746
      vertex 70.9817 68.0848 81.4635
    endloop
  endfacet
  facet normal 0 -1 0
    outer loop
      vertex 70.7759 68.0848 81.1804
      vertex 70.9817 68.0848 81.4635
      vertex 70.6221 68.0848 81.2746
    endloop
  endfacet
  facet normal 0 -1 -0
    outer loop
      vertex 70.9817 68.0848 81.4635
      vertex 70.7759 68.0848 81.1804
      vertex 71.1607 68.0848 81.3107
    endloop
  endfacet
  facet normal 0 -1 0
    outer loop
      vertex 70.9132 68.0848 81.0632
      vertex 71.1607 68.0848 81.3107
      vertex 70.7759 68.0848 81.1804
    endloop
  endfacet
  facet normal 0 -1 -0
    outer loop
      vertex 71.1607 68.0848 81.3107
      vertex 70.9132 68.0848 81.0632
      vertex 71.3135 68.0848 81.1317
    endloop
  endfacet
  facet normal 0 -1 0
    outer loop
      vertex 71.0304 68.0848 80.9259
      vertex 71.3135 68.0848 81.1317
      vertex 70.9132 68.0848 81.0632
    endloop
  endfacet
  facet normal 0 -1 -0
    outer loop
      vertex 71.3135 68.0848 81.1317
      vertex 71.0304 68.0848 80.9259
      vertex 71.4365 68.0848 80.931
    endloop
  endfacet
  facet normal 0 -1 0
    outer loop
      vertex 71.1246 68.0848 80.7721
      vertex 71.4365 68.0848 80.931
      vertex 71.0304 68.0848 80.9259
    endloop
  endfacet
  facet normal 0 -1 0
    outer loop
      vertex 71.1246 68.0848 80.7721
      vertex 71.5266 68.0848 80.7135
      vertex 71.4365 68.0848 80.931
    endloop
  endfacet
  facet normal 0 -1 0
    outer loop
      vertex 71.1937 68.0848 80.6054
      vertex 71.5266 68.0848 80.7135
      vertex 71.1246 68.0848 80.7721
    endloop
  endfacet
  facet normal 0 -1 0
    outer loop
      vertex 71.1937 68.0848 80.6054
      vertex 71.5815 68.0848 80.4846
      vertex 71.5266 68.0848 80.7135
    endloop
  endfacet
  facet normal 0 -1 0
    outer loop
      vertex 71.2358 68.0848 80.4299
      vertex 71.5815 68.0848 80.4846
      vertex 71.1937 68.0848 80.6054
    endloop
  endfacet
  facet normal 0 -1 0
    outer loop
      vertex 71.25 68.0848 80.25
      vertex 71.5815 68.0848 80.4846
      vertex 71.2358 68.0848 80.4299
    endloop
  endfacet
  facet normal 0 -1 0
    outer loop
      vertex 71.25 68.0848 80.25
      vertex 71.6 68.0848 80.25
      vertex 71.5815 68.0848 80.4846
    endloop
  endfacet
  facet normal 0 -1 0
    outer loop
      vertex 71.2358 68.0848 80.0701
      vertex 71.6 68.0848 80.25
      vertex 71.25 68.0848 80.25
    endloop
  endfacet
  facet normal 0 -1 0
    outer loop
      vertex 71.2358 68.0848 80.0701
      vertex 71.5815 68.0848 80.0154
      vertex 71.6 68.0848 80.25
    endloop
  endfacet
  facet normal 0 -1 0
    outer loop
      vertex 71.1937 68.0848 79.8946
      vertex 71.5815 68.0848 80.0154
      vertex 71.2358 68.0848 80.0701
    endloop
  endfacet
  facet normal 0 -1 0
    outer loop
      vertex 71.1937 68.0848 79.8946
      vertex 71.5266 68.0848 79.7865
      vertex 71.5815 68.0848 80.0154
    endloop
  endfacet
  facet normal 0 -1 0
    outer loop
      vertex 71.1246 68.0848 79.7279
      vertex 71.5266 68.0848 79.7865
      vertex 71.1937 68.0848 79.8946
    endloop
  endfacet
  facet normal 0 -1 0
    outer loop
      vertex 71.4365 68.0848 79.569
      vertex 71.1246 68.0848 79.7279
      vertex 71.0304 68.0848 79.5741
    endloop
  endfacet
  facet normal 0 -1 0
    outer loop
      vertex 71.1246 68.0848 79.7279
      vertex 71.4365 68.0848 79.569
      vertex 71.5266 68.0848 79.7865
    endloop
  endfacet
  facet normal 0 -1 0
    outer loop
      vertex 71.3135 68.0848 79.3683
      vertex 71.0304 68.0848 79.5741
      vertex 70.9132 68.0848 79.4368
    endloop
  endfacet
  facet normal 0 -1 0
    outer loop
      vertex 71.0304 68.0848 79.5741
      vertex 71.3135 68.0848 79.3683
      vertex 71.4365 68.0848 79.569
    endloop
  endfacet
  facet normal 0 -1 0
    outer loop
      vertex 70.9132 68.0848 79.4368
      vertex 71.1607 68.0848 79.1893
      vertex 71.3135 68.0848 79.3683
    endloop
  endfacet
  facet normal 0 -1 0
    outer loop
      vertex 71.1213 68.0848 79.15
      vertex 70.9132 68.0848 79.4368
      vertex 70.6263 68.0848 79.15
    endloop
  endfacet
  facet normal 0 -1 0
    outer loop
      vertex 70.9132 68.0848 79.4368
      vertex 71.1213 68.0848 79.15
      vertex 71.1607 68.0848 79.1893
    endloop
  endfacet
  facet normal 0 -1 0
    outer loop
      vertex 69.7446 68.0848 81.3437
      vertex 69.6365 68.0848 81.6766
      vertex 69.419 68.0848 81.5865
    endloop
  endfacet
  facet normal 0 -1 0
    outer loop
      vertex 69.5779 68.0848 81.2746
      vertex 69.419 68.0848 81.5865
      vertex 69.2183 68.0848 81.4635
    endloop
  endfacet
  facet normal -0 -1 0
    outer loop
      vertex 69.7446 68.0848 81.3437
      vertex 69.419 68.0848 81.5865
      vertex 69.5779 68.0848 81.2746
    endloop
  endfacet
  facet normal 0 -1 0
    outer loop
      vertex 69.6365 68.0848 81.6766
      vertex 69.8 68.0848 81.357
      vertex 69.8 68.0848 81.7158
    endloop
  endfacet
  facet normal 0 -1 0
    outer loop
      vertex 69.424 68.0848 81.1804
      vertex 69.2183 68.0848 81.4635
      vertex 69.0393 68.0848 81.3107
    endloop
  endfacet
  facet normal -0 -1 0
    outer loop
      vertex 69.8 68.0848 81.357
      vertex 69.6365 68.0848 81.6766
      vertex 69.7446 68.0848 81.3437
    endloop
  endfacet
  facet normal 0 -1 0
    outer loop
      vertex 69.2183 68.0848 81.4635
      vertex 69.424 68.0848 81.1804
      vertex 69.5779 68.0848 81.2746
    endloop
  endfacet
  facet normal 0 -1 0
    outer loop
      vertex 69.2868 68.0848 81.0632
      vertex 69.0393 68.0848 81.3107
      vertex 68.8865 68.0848 81.1317
    endloop
  endfacet
  facet normal 0 -1 0
    outer loop
      vertex 69.0393 68.0848 81.3107
      vertex 69.2868 68.0848 81.0632
      vertex 69.424 68.0848 81.1804
    endloop
  endfacet
  facet normal 0 -1 0
    outer loop
      vertex 69.1696 68.0848 80.9259
      vertex 68.8865 68.0848 81.1317
      vertex 68.7635 68.0848 80.931
    endloop
  endfacet
  facet normal 0 -1 0
    outer loop
      vertex 68.8865 68.0848 81.1317
      vertex 69.1696 68.0848 80.9259
      vertex 69.2868 68.0848 81.0632
    endloop
  endfacet
  facet normal 0 -1 0
    outer loop
      vertex 68.7635 68.0848 80.931
      vertex 69.0754 68.0848 80.7721
      vertex 69.1696 68.0848 80.9259
    endloop
  endfacet
  facet normal 0 -1 0
    outer loop
      vertex 68.6734 68.0848 80.7135
      vertex 69.0754 68.0848 80.7721
      vertex 68.7635 68.0848 80.931
    endloop
  endfacet
  facet normal 0 -1 0
    outer loop
      vertex 68.6734 68.0848 80.7135
      vertex 69.0063 68.0848 80.6054
      vertex 69.0754 68.0848 80.7721
    endloop
  endfacet
  facet normal 0 -1 0
    outer loop
      vertex 68.6185 68.0848 80.4846
      vertex 69.0063 68.0848 80.6054
      vertex 68.6734 68.0848 80.7135
    endloop
  endfacet
  facet normal 0 -1 0
    outer loop
      vertex 68.6185 68.0848 80.4846
      vertex 68.9642 68.0848 80.4299
      vertex 69.0063 68.0848 80.6054
    endloop
  endfacet
  facet normal 0 -1 0
    outer loop
      vertex 68.6 68.0848 80.25
      vertex 68.9642 68.0848 80.4299
      vertex 68.6185 68.0848 80.4846
    endloop
  endfacet
  facet normal 0 -1 0
    outer loop
      vertex 68.6 68.0848 80.25
      vertex 68.95 68.0848 80.25
      vertex 68.9642 68.0848 80.4299
    endloop
  endfacet
  facet normal 0 -1 0
    outer loop
      vertex 68.6 68.0848 80.25
      vertex 68.9642 68.0848 80.0701
      vertex 68.95 68.0848 80.25
    endloop
  endfacet
  facet normal 0 -1 0
    outer loop
      vertex 68.6185 68.0848 80.0154
      vertex 68.9642 68.0848 80.0701
      vertex 68.6 68.0848 80.25
    endloop
  endfacet
  facet normal 0 -1 0
    outer loop
      vertex 68.6185 68.0848 80.0154
      vertex 69.0063 68.0848 79.8946
      vertex 68.9642 68.0848 80.0701
    endloop
  endfacet
  facet normal 0 -1 0
    outer loop
      vertex 68.6734 68.0848 79.7865
      vertex 69.0063 68.0848 79.8946
      vertex 68.6185 68.0848 80.0154
    endloop
  endfacet
  facet normal 0 -1 0
    outer loop
      vertex 68.6734 68.0848 79.7865
      vertex 69.0754 68.0848 79.7279
      vertex 69.0063 68.0848 79.8946
    endloop
  endfacet
  facet normal 0 -1 0
    outer loop
      vertex 68.7635 68.0848 79.569
      vertex 69.0754 68.0848 79.7279
      vertex 68.6734 68.0848 79.7865
    endloop
  endfacet
  facet normal 0 -1 -0
    outer loop
      vertex 69.0754 68.0848 79.7279
      vertex 68.7635 68.0848 79.569
      vertex 69.1696 68.0848 79.5741
    endloop
  endfacet
  facet normal 0 -1 0
    outer loop
      vertex 68.8865 68.0848 79.3683
      vertex 69.1696 68.0848 79.5741
      vertex 68.7635 68.0848 79.569
    endloop
  endfacet
  facet normal 0 -1 -0
    outer loop
      vertex 69.1696 68.0848 79.5741
      vertex 68.8865 68.0848 79.3683
      vertex 69.2868 68.0848 79.4368
    endloop
  endfacet
  facet normal 0 -1 0
    outer loop
      vertex 69.0393 68.0848 79.1893
      vertex 69.2868 68.0848 79.4368
      vertex 68.8865 68.0848 79.3683
    endloop
  endfacet
  facet normal 0 -1 0
    outer loop
      vertex 69.0787 68.0848 79.15
      vertex 69.2868 68.0848 79.4368
      vertex 69.0393 68.0848 79.1893
    endloop
  endfacet
  facet normal 0 -1 -0
    outer loop
      vertex 69.2868 68.0848 79.4368
      vertex 69.0787 68.0848 79.15
      vertex 69.5737 68.0848 79.15
    endloop
  endfacet
  facet normal -0.233439 0 0.972371
    outer loop
      vertex 69.7446 68.0848 81.3437
      vertex 69.8 66.4848 81.357
      vertex 69.8 68.0848 81.357
    endloop
  endfacet
  facet normal -0.233439 0 0.972371
    outer loop
      vertex 69.8 66.4848 81.357
      vertex 69.7446 68.0848 81.3437
      vertex 69.7446 66.4848 81.3437
    endloop
  endfacet
  facet normal -0.649513 0 0.760351
    outer loop
      vertex 69.2868 68.0848 81.0632
      vertex 69.424 66.4848 81.1804
      vertex 69.424 68.0848 81.1804
    endloop
  endfacet
  facet normal -0.649513 0 0.760351
    outer loop
      vertex 69.424 66.4848 81.1804
      vertex 69.2868 68.0848 81.0632
      vertex 69.2868 66.4848 81.0632
    endloop
  endfacet
  facet normal -0.382923 0 0.92378
    outer loop
      vertex 69.5779 68.0848 81.2746
      vertex 69.7446 66.4848 81.3437
      vertex 69.7446 68.0848 81.3437
    endloop
  endfacet
  facet normal -0.382923 0 0.92378
    outer loop
      vertex 69.7446 66.4848 81.3437
      vertex 69.5779 68.0848 81.2746
      vertex 69.5779 66.4848 81.2746
    endloop
  endfacet
  facet normal 0.852761 -0 0.522302
    outer loop
      vertex 71.0304 66.4848 80.9259
      vertex 71.1246 68.0848 80.7721
      vertex 71.0304 68.0848 80.9259
    endloop
  endfacet
  facet normal 0.852761 0 0.522302
    outer loop
      vertex 71.1246 68.0848 80.7721
      vertex 71.0304 66.4848 80.9259
      vertex 71.1246 66.4848 80.7721
    endloop
  endfacet
  facet normal 0.649239 0 0.760585
    outer loop
      vertex 70.7759 68.0848 81.1804
      vertex 70.9132 66.4848 81.0632
      vertex 70.9132 68.0848 81.0632
    endloop
  endfacet
  facet normal 0.649239 0 0.760585
    outer loop
      vertex 70.9132 66.4848 81.0632
      vertex 70.7759 68.0848 81.1804
      vertex 70.7759 66.4848 81.1804
    endloop
  endfacet
  facet normal 0.996899 -0 0.078688
    outer loop
      vertex 71.2358 66.4848 80.4299
      vertex 71.25 68.0848 80.25
      vertex 71.2358 68.0848 80.4299
    endloop
  endfacet
  facet normal 0.996899 0 0.078688
    outer loop
      vertex 71.25 68.0848 80.25
      vertex 71.2358 66.4848 80.4299
      vertex 71.25 66.4848 80.25
    endloop
  endfacet
  facet normal 0.972412 0 -0.233268
    outer loop
      vertex 71.2358 66.4848 80.0701
      vertex 71.1937 68.0848 79.8946
      vertex 71.2358 68.0848 80.0701
    endloop
  endfacet
  facet normal 0.972412 0 -0.233268
    outer loop
      vertex 71.1937 68.0848 79.8946
      vertex 71.2358 66.4848 80.0701
      vertex 71.1937 66.4848 79.8946
    endloop
  endfacet
  facet normal 0.996899 0 -0.078688
    outer loop
      vertex 71.25 66.4848 80.25
      vertex 71.2358 68.0848 80.0701
      vertex 71.25 68.0848 80.25
    endloop
  endfacet
  facet normal 0.996899 0 -0.078688
    outer loop
      vertex 71.2358 68.0848 80.0701
      vertex 71.25 66.4848 80.25
      vertex 71.2358 66.4848 80.0701
    endloop
  endfacet
  facet normal 0.350239 0.398889 0.847479
    outer loop
      vertex 70.4 69.4518 81.1055
      vertex 70.4859 69.5848 81.0074
      vertex 70.4 69.5848 81.0429
    endloop
  endfacet
  facet normal 0.350403 0.398773 0.847466
    outer loop
      vertex 70.4859 69.5848 81.0074
      vertex 70.4 69.4518 81.1055
      vertex 70.781 68.0948 81.5865
    endloop
  endfacet
  facet normal -0.891719 0.398808 -0.213985
    outer loop
      vertex 69.2916 69.5848 79.9874
      vertex 68.6185 68.0948 80.0154
      vertex 69.2605 69.5848 80.117
    endloop
  endfacet
  facet normal 0.522532 0 0.85262
    outer loop
      vertex 70.781 68.0948 81.5865
      vertex 70.9817 68.0848 81.4635
      vertex 70.9817 68.0948 81.4635
    endloop
  endfacet
  facet normal 0.522532 0 0.85262
    outer loop
      vertex 70.9817 68.0848 81.4635
      vertex 70.781 68.0948 81.5865
      vertex 70.781 68.0848 81.5865
    endloop
  endfacet
  facet normal 0.479184 0.398791 0.781888
    outer loop
      vertex 70.9817 68.0948 81.4635
      vertex 70.4859 69.5848 81.0074
      vertex 70.781 68.0948 81.5865
    endloop
  endfacet
  facet normal 0.781888 0.398791 0.479184
    outer loop
      vertex 71.4365 68.0948 80.931
      vertex 70.8574 69.5848 80.6359
      vertex 71.3135 68.0948 81.1317
    endloop
  endfacet
  facet normal 0.595926 0.398887 0.696965
    outer loop
      vertex 70.701 69.5848 80.851
      vertex 70.5996 69.5848 80.9377
      vertex 71.1607 68.0948 81.3107
    endloop
  endfacet
  facet normal -0.847418 0.398776 -0.350514
    outer loop
      vertex 69.3426 69.5848 79.8641
      vertex 68.7635 68.0948 79.569
      vertex 69.2916 69.5848 79.9874
    endloop
  endfacet
  facet normal 0.382714 0 0.923867
    outer loop
      vertex 70.5635 68.0948 81.6766
      vertex 70.781 68.0848 81.5865
      vertex 70.781 68.0948 81.5865
    endloop
  endfacet
  facet normal 0.382714 0 0.923867
    outer loop
      vertex 70.781 68.0848 81.5865
      vertex 70.5635 68.0948 81.6766
      vertex 70.5635 68.0848 81.6766
    endloop
  endfacet
  facet normal 0.3503 0.398761 0.847514
    outer loop
      vertex 70.4 69.3077 81.1733
      vertex 70.781 68.0948 81.5865
      vertex 70.4 69.4518 81.1055
    endloop
  endfacet
  facet normal 0.350954 0.398858 0.847197
    outer loop
      vertex 70.781 68.0948 81.5865
      vertex 70.4 69.3077 81.1733
      vertex 70.5635 68.0948 81.6766
    endloop
  endfacet
  facet normal -0.351034 0.39887 0.847158
    outer loop
      vertex 69.419 68.0948 81.5865
      vertex 69.8 69.3077 81.1733
      vertex 69.8 69.4517 81.1055
    endloop
  endfacet
  facet normal -0.350954 0.398858 0.847197
    outer loop
      vertex 69.8 69.3077 81.1733
      vertex 69.419 68.0948 81.5865
      vertex 69.6365 68.0948 81.6766
    endloop
  endfacet
  facet normal -0.89174 0.39882 0.213877
    outer loop
      vertex 69.2916 69.5848 80.5126
      vertex 68.6185 68.0948 80.4846
      vertex 68.6734 68.0948 80.7135
    endloop
  endfacet
  facet normal 0.781888 0.398791 -0.479184
    outer loop
      vertex 71.3135 68.0948 79.3683
      vertex 70.8574 69.5848 79.8641
      vertex 71.4365 68.0948 79.569
    endloop
  endfacet
  facet normal 0.706208 0 -0.708005
    outer loop
      vertex 71.1607 68.0848 79.1893
      vertex 71.1213 68.0948 79.15
      vertex 71.1607 68.0948 79.1893
    endloop
  endfacet
  facet normal 0.706208 0 -0.708005
    outer loop
      vertex 71.1213 68.0948 79.15
      vertex 71.1607 68.0848 79.1893
      vertex 71.1213 68.0848 79.15
    endloop
  endfacet
  facet normal 0.923867 -0 0.382714
    outer loop
      vertex 71.4365 68.0848 80.931
      vertex 71.5266 68.0948 80.7135
      vertex 71.4365 68.0948 80.931
    endloop
  endfacet
  facet normal 0.923867 0 0.382714
    outer loop
      vertex 71.5266 68.0948 80.7135
      vertex 71.4365 68.0848 80.931
      vertex 71.5266 68.0848 80.7135
    endloop
  endfacet
  facet normal 0.648263 0.399738 -0.648047
    outer loop
      vertex 70.701 69.5848 79.649
      vertex 70.4 69.2771 79.1581
      vertex 70.4 69.5848 79.3479
    endloop
  endfacet
  facet normal 0.64813 0.399909 -0.648074
    outer loop
      vertex 70.4 69.2771 79.1581
      vertex 70.701 69.5848 79.649
      vertex 71.1607 68.0948 79.1893
    endloop
  endfacet
  facet normal 0.2138 0.398854 0.891743
    outer loop
      vertex 70.4 69.3077 81.1733
      vertex 70.4 68.0948 81.7158
      vertex 70.5635 68.0948 81.6766
    endloop
  endfacet
  facet normal -0.350281 0.398637 0.84758
    outer loop
      vertex 69.7141 69.5848 81.0074
      vertex 69.8 69.4517 81.1055
      vertex 69.8 69.5848 81.0429
    endloop
  endfacet
  facet normal -0.350101 0.398763 0.847595
    outer loop
      vertex 69.8 69.4517 81.1055
      vertex 69.7141 69.5848 81.0074
      vertex 69.419 68.0948 81.5865
    endloop
  endfacet
  facet normal -0.595926 0.398887 0.696965
    outer loop
      vertex 69.499 69.5848 80.851
      vertex 69.0393 68.0948 81.3107
      vertex 69.6004 69.5848 80.9377
    endloop
  endfacet
  facet normal -0.781827 0.398802 0.479273
    outer loop
      vertex 69.3426 69.5848 80.6359
      vertex 68.8865 68.0948 81.1317
      vertex 69.4123 69.5848 80.7496
    endloop
  endfacet
  facet normal -0.697472 0.39881 0.595384
    outer loop
      vertex 69.4123 69.5848 80.7496
      vertex 68.8865 68.0948 81.1317
      vertex 69.0393 68.0948 81.3107
    endloop
  endfacet
  facet normal -0.479184 0.398791 0.781888
    outer loop
      vertex 69.7141 69.5848 81.0074
      vertex 69.2183 68.0948 81.4635
      vertex 69.419 68.0948 81.5865
    endloop
  endfacet
  facet normal -0.914193 0.398816 0.0720911
    outer loop
      vertex 69.2605 69.5848 80.383
      vertex 68.6 68.0948 80.25
      vertex 68.6185 68.0948 80.4846
    endloop
  endfacet
  facet normal -0.891719 0.398808 0.213985
    outer loop
      vertex 69.2605 69.5848 80.383
      vertex 68.6185 68.0948 80.4846
      vertex 69.2916 69.5848 80.5126
    endloop
  endfacet
  facet normal 0 1 0
    outer loop
      vertex 69.8 69.5848 81.0429
      vertex 69.6004 69.5848 80.9377
      vertex 69.7141 69.5848 81.0074
    endloop
  endfacet
  facet normal 0 1 0
    outer loop
      vertex 69.8 69.5848 81.0429
      vertex 69.499 69.5848 80.851
      vertex 69.6004 69.5848 80.9377
    endloop
  endfacet
  facet normal 0 1 0
    outer loop
      vertex 69.8 69.5848 81.0429
      vertex 69.4123 69.5848 80.7496
      vertex 69.499 69.5848 80.851
    endloop
  endfacet
  facet normal 0 1 0
    outer loop
      vertex 69.8 69.5848 81.0429
      vertex 69.3426 69.5848 80.6359
      vertex 69.4123 69.5848 80.7496
    endloop
  endfacet
  facet normal 0 1 0
    outer loop
      vertex 69.8 69.5848 81.0429
      vertex 69.2916 69.5848 80.5126
      vertex 69.3426 69.5848 80.6359
    endloop
  endfacet
  facet normal 0 1 0
    outer loop
      vertex 69.8 69.5848 81.0429
      vertex 69.2605 69.5848 80.383
      vertex 69.2916 69.5848 80.5126
    endloop
  endfacet
  facet normal 0 1 0
    outer loop
      vertex 69.8 69.5848 81.0429
      vertex 69.25 69.5848 80.25
      vertex 69.2605 69.5848 80.383
    endloop
  endfacet
  facet normal 0 1 0
    outer loop
      vertex 69.8 69.5848 81.0429
      vertex 69.2605 69.5848 80.117
      vertex 69.25 69.5848 80.25
    endloop
  endfacet
  facet normal 0 1 0
    outer loop
      vertex 69.8 69.5848 81.0429
      vertex 69.2916 69.5848 79.9874
      vertex 69.2605 69.5848 80.117
    endloop
  endfacet
  facet normal 0 1 0
    outer loop
      vertex 69.8 69.5848 81.0429
      vertex 69.3426 69.5848 79.8641
      vertex 69.2916 69.5848 79.9874
    endloop
  endfacet
  facet normal 0 1 0
    outer loop
      vertex 69.8 69.5848 81.0429
      vertex 69.4123 69.5848 79.7504
      vertex 69.3426 69.5848 79.8641
    endloop
  endfacet
  facet normal 0 1 0
    outer loop
      vertex 69.8 69.5848 81.0429
      vertex 69.499 69.5848 79.649
      vertex 69.4123 69.5848 79.7504
    endloop
  endfacet
  facet normal -0 1 0
    outer loop
      vertex 69.499 69.5848 79.649
      vertex 69.8 69.5848 81.0429
      vertex 69.8 69.5848 79.3479
    endloop
  endfacet
  facet normal 0 1 0
    outer loop
      vertex 70.5996 69.5848 80.9377
      vertex 70.4 69.5848 81.0429
      vertex 70.4859 69.5848 81.0074
    endloop
  endfacet
  facet normal 0 1 0
    outer loop
      vertex 70.701 69.5848 80.851
      vertex 70.4 69.5848 81.0429
      vertex 70.5996 69.5848 80.9377
    endloop
  endfacet
  facet normal 0 1 0
    outer loop
      vertex 70.7877 69.5848 80.7496
      vertex 70.4 69.5848 81.0429
      vertex 70.701 69.5848 80.851
    endloop
  endfacet
  facet normal 0 1 0
    outer loop
      vertex 70.8574 69.5848 80.6359
      vertex 70.4 69.5848 81.0429
      vertex 70.7877 69.5848 80.7496
    endloop
  endfacet
  facet normal 0 1 0
    outer loop
      vertex 70.9084 69.5848 80.5126
      vertex 70.4 69.5848 81.0429
      vertex 70.8574 69.5848 80.6359
    endloop
  endfacet
  facet normal 0 1 0
    outer loop
      vertex 70.9395 69.5848 80.383
      vertex 70.4 69.5848 81.0429
      vertex 70.9084 69.5848 80.5126
    endloop
  endfacet
  facet normal 0 1 0
    outer loop
      vertex 70.95 69.5848 80.25
      vertex 70.4 69.5848 81.0429
      vertex 70.9395 69.5848 80.383
    endloop
  endfacet
  facet normal 0 1 -0
    outer loop
      vertex 70.9395 69.5848 80.117
      vertex 70.4 69.5848 81.0429
      vertex 70.95 69.5848 80.25
    endloop
  endfacet
  facet normal 0 1 -0
    outer loop
      vertex 70.9084 69.5848 79.9874
      vertex 70.4 69.5848 81.0429
      vertex 70.9395 69.5848 80.117
    endloop
  endfacet
  facet normal 0 1 -0
    outer loop
      vertex 70.8574 69.5848 79.8641
      vertex 70.4 69.5848 81.0429
      vertex 70.9084 69.5848 79.9874
    endloop
  endfacet
  facet normal 0 1 -0
    outer loop
      vertex 70.7877 69.5848 79.7504
      vertex 70.4 69.5848 81.0429
      vertex 70.8574 69.5848 79.8641
    endloop
  endfacet
  facet normal 0 1 -0
    outer loop
      vertex 70.701 69.5848 79.649
      vertex 70.4 69.5848 81.0429
      vertex 70.7877 69.5848 79.7504
    endloop
  endfacet
  facet normal 0 1 0
    outer loop
      vertex 70.4 69.5848 81.0429
      vertex 70.701 69.5848 79.649
      vertex 70.4 69.5848 79.3479
    endloop
  endfacet
  facet normal -0.914193 0.398816 -0.0720911
    outer loop
      vertex 68.6185 68.0948 80.0154
      vertex 68.6 68.0948 80.25
      vertex 69.2605 69.5848 80.117
    endloop
  endfacet
  facet normal -0.697472 0.39881 -0.595384
    outer loop
      vertex 69.0393 68.0948 79.1893
      vertex 68.8865 68.0948 79.3683
      vertex 69.4123 69.5848 79.7504
    endloop
  endfacet
  facet normal -0.647431 0.399412 -0.649079
    outer loop
      vertex 69.0393 68.0948 79.1893
      vertex 69.8 69.264 79.15
      vertex 69.0787 68.0948 79.15
    endloop
  endfacet
  facet normal -0.648648 0.400262 -0.647337
    outer loop
      vertex 69.8 69.264 79.15
      vertex 69.0393 68.0948 79.1893
      vertex 69.8 69.2771 79.1581
    endloop
  endfacet
  facet normal -0.972422 0 -0.233228
    outer loop
      vertex 68.6734 68.0848 79.7865
      vertex 68.6185 68.0948 80.0154
      vertex 68.6734 68.0948 79.7865
    endloop
  endfacet
  facet normal -0.972422 -0 -0.233228
    outer loop
      vertex 68.6185 68.0948 80.0154
      vertex 68.6734 68.0848 79.7865
      vertex 68.6185 68.0848 80.0154
    endloop
  endfacet
  facet normal -0.972422 0 0.233228
    outer loop
      vertex 68.6185 68.0848 80.4846
      vertex 68.6734 68.0948 80.7135
      vertex 68.6185 68.0948 80.4846
    endloop
  endfacet
  facet normal -0.972422 0 0.233228
    outer loop
      vertex 68.6734 68.0948 80.7135
      vertex 68.6185 68.0848 80.4846
      vertex 68.6734 68.0848 80.7135
    endloop
  endfacet
  facet normal 0.648648 0.400262 -0.647337
    outer loop
      vertex 71.1607 68.0948 79.1893
      vertex 70.4 69.264 79.15
      vertex 70.4 69.2771 79.1581
    endloop
  endfacet
  facet normal 0.647431 0.399412 -0.649079
    outer loop
      vertex 70.4 69.264 79.15
      vertex 71.1607 68.0948 79.1893
      vertex 71.1213 68.0948 79.15
    endloop
  endfacet
  facet normal 0.760575 0 -0.64925
    outer loop
      vertex 71.3135 68.0848 79.3683
      vertex 71.1607 68.0948 79.1893
      vertex 71.3135 68.0948 79.3683
    endloop
  endfacet
  facet normal 0.760575 0 -0.64925
    outer loop
      vertex 71.1607 68.0948 79.1893
      vertex 71.3135 68.0848 79.3683
      vertex 71.1607 68.0848 79.1893
    endloop
  endfacet
  facet normal 0.595384 0.39881 0.697472
    outer loop
      vertex 71.1607 68.0948 81.3107
      vertex 70.5996 69.5848 80.9377
      vertex 70.9817 68.0948 81.4635
    endloop
  endfacet
  facet normal 0.84721 0.398827 -0.350959
    outer loop
      vertex 71.4365 68.0948 79.569
      vertex 70.9084 69.5848 79.9874
      vertex 71.5266 68.0948 79.7865
    endloop
  endfacet
  facet normal 0.696965 0.398887 -0.595926
    outer loop
      vertex 71.1607 68.0948 79.1893
      vertex 70.701 69.5848 79.649
      vertex 70.7877 69.5848 79.7504
    endloop
  endfacet
  facet normal -0.85262 0 -0.522532
    outer loop
      vertex 68.8865 68.0848 79.3683
      vertex 68.7635 68.0948 79.569
      vertex 68.8865 68.0948 79.3683
    endloop
  endfacet
  facet normal -0.85262 -0 -0.522532
    outer loop
      vertex 68.7635 68.0948 79.569
      vertex 68.8865 68.0848 79.3683
      vertex 68.7635 68.0848 79.569
    endloop
  endfacet
  facet normal -0.382714 0 0.923867
    outer loop
      vertex 69.419 68.0948 81.5865
      vertex 69.6365 68.0848 81.6766
      vertex 69.6365 68.0948 81.6766
    endloop
  endfacet
  facet normal -0.382714 0 0.923867
    outer loop
      vertex 69.6365 68.0848 81.6766
      vertex 69.419 68.0948 81.5865
      vertex 69.419 68.0848 81.5865
    endloop
  endfacet
  facet normal -0.85262 0 0.522532
    outer loop
      vertex 68.7635 68.0848 80.931
      vertex 68.8865 68.0948 81.1317
      vertex 68.7635 68.0948 80.931
    endloop
  endfacet
  facet normal -0.85262 0 0.522532
    outer loop
      vertex 68.8865 68.0948 81.1317
      vertex 68.7635 68.0848 80.931
      vertex 68.8865 68.0848 81.1317
    endloop
  endfacet
  facet normal -0.781888 0.398791 0.479184
    outer loop
      vertex 69.3426 69.5848 80.6359
      vertex 68.7635 68.0948 80.931
      vertex 68.8865 68.0948 81.1317
    endloop
  endfacet
  facet normal -0.696965 0.398887 0.595926
    outer loop
      vertex 69.4123 69.5848 80.7496
      vertex 69.0393 68.0948 81.3107
      vertex 69.499 69.5848 80.851
    endloop
  endfacet
  facet normal -0.760575 0 0.64925
    outer loop
      vertex 68.8865 68.0848 81.1317
      vertex 69.0393 68.0948 81.3107
      vertex 68.8865 68.0948 81.1317
    endloop
  endfacet
  facet normal -0.760575 0 0.64925
    outer loop
      vertex 69.0393 68.0948 81.3107
      vertex 68.8865 68.0848 81.1317
      vertex 69.0393 68.0848 81.3107
    endloop
  endfacet
  facet normal -0.91419 0.398808 -0.0721729
    outer loop
      vertex 69.2605 69.5848 80.117
      vertex 68.6 68.0948 80.25
      vertex 69.25 69.5848 80.25
    endloop
  endfacet
  facet normal -0.91419 0.398808 0.0721729
    outer loop
      vertex 69.25 69.5848 80.25
      vertex 68.6 68.0948 80.25
      vertex 69.2605 69.5848 80.383
    endloop
  endfacet
  facet normal -0.84721 0.398827 0.350959
    outer loop
      vertex 69.2916 69.5848 80.5126
      vertex 68.6734 68.0948 80.7135
      vertex 68.7635 68.0948 80.931
    endloop
  endfacet
  facet normal -0.847418 0.398776 0.350514
    outer loop
      vertex 69.2916 69.5848 80.5126
      vertex 68.7635 68.0948 80.931
      vertex 69.3426 69.5848 80.6359
    endloop
  endfacet
  facet normal -0.84721 0.398827 -0.350959
    outer loop
      vertex 68.7635 68.0948 79.569
      vertex 68.6734 68.0948 79.7865
      vertex 69.2916 69.5848 79.9874
    endloop
  endfacet
  facet normal -0.89174 0.39882 -0.213877
    outer loop
      vertex 68.6734 68.0948 79.7865
      vertex 68.6185 68.0948 80.0154
      vertex 69.2916 69.5848 79.9874
    endloop
  endfacet
  facet normal -0.923867 0 -0.382714
    outer loop
      vertex 68.7635 68.0848 79.569
      vertex 68.6734 68.0948 79.7865
      vertex 68.7635 68.0948 79.569
    endloop
  endfacet
  facet normal -0.923867 -0 -0.382714
    outer loop
      vertex 68.6734 68.0948 79.7865
      vertex 68.7635 68.0848 79.569
      vertex 68.6734 68.0848 79.7865
    endloop
  endfacet
  facet normal -0.996905 0 0.0786136
    outer loop
      vertex 68.6 68.0848 80.25
      vertex 68.6185 68.0948 80.4846
      vertex 68.6 68.0948 80.25
    endloop
  endfacet
  facet normal -0.996905 0 0.0786136
    outer loop
      vertex 68.6185 68.0948 80.4846
      vertex 68.6 68.0848 80.25
      vertex 68.6185 68.0848 80.4846
    endloop
  endfacet
  facet normal -0.996905 0 -0.0786136
    outer loop
      vertex 68.6185 68.0848 80.0154
      vertex 68.6 68.0948 80.25
      vertex 68.6185 68.0948 80.0154
    endloop
  endfacet
  facet normal -0.996905 -0 -0.0786136
    outer loop
      vertex 68.6 68.0948 80.25
      vertex 68.6185 68.0848 80.0154
      vertex 68.6 68.0848 80.25
    endloop
  endfacet
  facet normal -0.923867 0 0.382714
    outer loop
      vertex 68.6734 68.0848 80.7135
      vertex 68.7635 68.0948 80.931
      vertex 68.6734 68.0948 80.7135
    endloop
  endfacet
  facet normal -0.923867 0 0.382714
    outer loop
      vertex 68.7635 68.0948 80.931
      vertex 68.6734 68.0848 80.7135
      vertex 68.7635 68.0848 80.931
    endloop
  endfacet
  facet normal 0.972422 -0 0.233228
    outer loop
      vertex 71.5266 68.0848 80.7135
      vertex 71.5815 68.0948 80.4846
      vertex 71.5266 68.0948 80.7135
    endloop
  endfacet
  facet normal 0.972422 0 0.233228
    outer loop
      vertex 71.5815 68.0948 80.4846
      vertex 71.5266 68.0848 80.7135
      vertex 71.5815 68.0848 80.4846
    endloop
  endfacet
  facet normal 0.914193 0.398816 0.0720911
    outer loop
      vertex 71.6 68.0948 80.25
      vertex 70.9395 69.5848 80.383
      vertex 71.5815 68.0948 80.4846
    endloop
  endfacet
  facet normal 0.697472 0.39881 -0.595384
    outer loop
      vertex 71.1607 68.0948 79.1893
      vertex 70.7877 69.5848 79.7504
      vertex 71.3135 68.0948 79.3683
    endloop
  endfacet
  facet normal 0.891719 0.398808 -0.213985
    outer loop
      vertex 71.5815 68.0948 80.0154
      vertex 70.9084 69.5848 79.9874
      vertex 70.9395 69.5848 80.117
    endloop
  endfacet
  facet normal -0.760575 0 -0.64925
    outer loop
      vertex 69.0393 68.0848 79.1893
      vertex 68.8865 68.0948 79.3683
      vertex 69.0393 68.0948 79.1893
    endloop
  endfacet
  facet normal -0.760575 -0 -0.64925
    outer loop
      vertex 68.8865 68.0948 79.3683
      vertex 69.0393 68.0848 79.1893
      vertex 68.8865 68.0848 79.3683
    endloop
  endfacet
  facet normal -0.2138 0.398854 0.891743
    outer loop
      vertex 69.8 69.3077 81.1733
      vertex 69.6365 68.0948 81.6766
      vertex 69.8 68.0948 81.7158
    endloop
  endfacet
  facet normal -0.479273 0.398802 0.781827
    outer loop
      vertex 69.6004 69.5848 80.9377
      vertex 69.2183 68.0948 81.4635
      vertex 69.7141 69.5848 81.0074
    endloop
  endfacet
  facet normal -0.595384 0.39881 0.697472
    outer loop
      vertex 69.6004 69.5848 80.9377
      vertex 69.0393 68.0948 81.3107
      vertex 69.2183 68.0948 81.4635
    endloop
  endfacet
  facet normal -0.781827 0.398802 -0.479273
    outer loop
      vertex 69.4123 69.5848 79.7504
      vertex 68.8865 68.0948 79.3683
      vertex 69.3426 69.5848 79.8641
    endloop
  endfacet
  facet normal -0.781888 0.398791 -0.479184
    outer loop
      vertex 68.8865 68.0948 79.3683
      vertex 68.7635 68.0948 79.569
      vertex 69.3426 69.5848 79.8641
    endloop
  endfacet
  facet normal 0.479273 0.398802 0.781827
    outer loop
      vertex 70.5996 69.5848 80.9377
      vertex 70.4859 69.5848 81.0074
      vertex 70.9817 68.0948 81.4635
    endloop
  endfacet
  facet normal 0.84721 0.398827 0.350959
    outer loop
      vertex 71.5266 68.0948 80.7135
      vertex 70.9084 69.5848 80.5126
      vertex 71.4365 68.0948 80.931
    endloop
  endfacet
  facet normal 0.89174 0.39882 0.213877
    outer loop
      vertex 71.5815 68.0948 80.4846
      vertex 70.9084 69.5848 80.5126
      vertex 71.5266 68.0948 80.7135
    endloop
  endfacet
  facet normal 0.914193 0.398816 -0.0720911
    outer loop
      vertex 71.5815 68.0948 80.0154
      vertex 70.9395 69.5848 80.117
      vertex 71.6 68.0948 80.25
    endloop
  endfacet
  facet normal 0.781827 0.398802 -0.479273
    outer loop
      vertex 71.3135 68.0948 79.3683
      vertex 70.7877 69.5848 79.7504
      vertex 70.8574 69.5848 79.8641
    endloop
  endfacet
  facet normal 0.847418 0.398776 -0.350514
    outer loop
      vertex 71.4365 68.0948 79.569
      vertex 70.8574 69.5848 79.8641
      vertex 70.9084 69.5848 79.9874
    endloop
  endfacet
  facet normal -0.696965 0.398887 -0.595926
    outer loop
      vertex 69.499 69.5848 79.649
      vertex 69.0393 68.0948 79.1893
      vertex 69.4123 69.5848 79.7504
    endloop
  endfacet
  facet normal -0.648263 0.399738 -0.648047
    outer loop
      vertex 69.8 69.2771 79.1581
      vertex 69.499 69.5848 79.649
      vertex 69.8 69.5848 79.3479
    endloop
  endfacet
  facet normal -0.64813 0.399909 -0.648074
    outer loop
      vertex 69.499 69.5848 79.649
      vertex 69.8 69.2771 79.1581
      vertex 69.0393 68.0948 79.1893
    endloop
  endfacet
  facet normal 0.233148 0 0.972441
    outer loop
      vertex 70.4 68.0948 81.7158
      vertex 70.5635 68.0848 81.6766
      vertex 70.5635 68.0948 81.6766
    endloop
  endfacet
  facet normal 0.233148 0 0.972441
    outer loop
      vertex 70.5635 68.0848 81.6766
      vertex 70.4 68.0948 81.7158
      vertex 70.4 68.0848 81.7158
    endloop
  endfacet
  facet normal -0.233148 0 0.972441
    outer loop
      vertex 69.6365 68.0948 81.6766
      vertex 69.8 68.0848 81.7158
      vertex 69.8 68.0948 81.7158
    endloop
  endfacet
  facet normal -0.233148 0 0.972441
    outer loop
      vertex 69.8 68.0848 81.7158
      vertex 69.6365 68.0948 81.6766
      vertex 69.6365 68.0848 81.6766
    endloop
  endfacet
  facet normal -0.522532 0 0.85262
    outer loop
      vertex 69.2183 68.0948 81.4635
      vertex 69.419 68.0848 81.5865
      vertex 69.419 68.0948 81.5865
    endloop
  endfacet
  facet normal -0.522532 0 0.85262
    outer loop
      vertex 69.419 68.0848 81.5865
      vertex 69.2183 68.0948 81.4635
      vertex 69.2183 68.0848 81.4635
    endloop
  endfacet
  facet normal -0.64925 0 0.760575
    outer loop
      vertex 69.0393 68.0948 81.3107
      vertex 69.2183 68.0848 81.4635
      vertex 69.2183 68.0948 81.4635
    endloop
  endfacet
  facet normal -0.64925 0 0.760575
    outer loop
      vertex 69.2183 68.0848 81.4635
      vertex 69.0393 68.0948 81.3107
      vertex 69.0393 68.0848 81.3107
    endloop
  endfacet
  facet normal 0.64925 0 0.760575
    outer loop
      vertex 70.9817 68.0948 81.4635
      vertex 71.1607 68.0848 81.3107
      vertex 71.1607 68.0948 81.3107
    endloop
  endfacet
  facet normal 0.64925 0 0.760575
    outer loop
      vertex 71.1607 68.0848 81.3107
      vertex 70.9817 68.0948 81.4635
      vertex 70.9817 68.0848 81.4635
    endloop
  endfacet
  facet normal 0.781827 0.398802 0.479273
    outer loop
      vertex 70.8574 69.5848 80.6359
      vertex 70.7877 69.5848 80.7496
      vertex 71.3135 68.0948 81.1317
    endloop
  endfacet
  facet normal 0.697472 0.39881 0.595384
    outer loop
      vertex 71.3135 68.0948 81.1317
      vertex 70.7877 69.5848 80.7496
      vertex 71.1607 68.0948 81.3107
    endloop
  endfacet
  facet normal 0.696965 0.398887 0.595926
    outer loop
      vertex 70.7877 69.5848 80.7496
      vertex 70.701 69.5848 80.851
      vertex 71.1607 68.0948 81.3107
    endloop
  endfacet
  facet normal 0.891719 0.398808 0.213985
    outer loop
      vertex 70.9395 69.5848 80.383
      vertex 70.9084 69.5848 80.5126
      vertex 71.5815 68.0948 80.4846
    endloop
  endfacet
  facet normal 0.847418 0.398776 0.350514
    outer loop
      vertex 70.9084 69.5848 80.5126
      vertex 70.8574 69.5848 80.6359
      vertex 71.4365 68.0948 80.931
    endloop
  endfacet
  facet normal 0.91419 0.398808 0.0721729
    outer loop
      vertex 70.95 69.5848 80.25
      vertex 70.9395 69.5848 80.383
      vertex 71.6 68.0948 80.25
    endloop
  endfacet
  facet normal 0.91419 0.398808 -0.0721729
    outer loop
      vertex 71.6 68.0948 80.25
      vertex 70.9395 69.5848 80.117
      vertex 70.95 69.5848 80.25
    endloop
  endfacet
  facet normal 0.996905 0 -0.0786136
    outer loop
      vertex 71.6 68.0848 80.25
      vertex 71.5815 68.0948 80.0154
      vertex 71.6 68.0948 80.25
    endloop
  endfacet
  facet normal 0.996905 0 -0.0786136
    outer loop
      vertex 71.5815 68.0948 80.0154
      vertex 71.6 68.0848 80.25
      vertex 71.5815 68.0848 80.0154
    endloop
  endfacet
  facet normal 0.996905 -0 0.0786136
    outer loop
      vertex 71.5815 68.0848 80.4846
      vertex 71.6 68.0948 80.25
      vertex 71.5815 68.0948 80.4846
    endloop
  endfacet
  facet normal 0.996905 0 0.0786136
    outer loop
      vertex 71.6 68.0948 80.25
      vertex 71.5815 68.0848 80.4846
      vertex 71.6 68.0848 80.25
    endloop
  endfacet
  facet normal 0.85262 0 -0.522532
    outer loop
      vertex 71.4365 68.0848 79.569
      vertex 71.3135 68.0948 79.3683
      vertex 71.4365 68.0948 79.569
    endloop
  endfacet
  facet normal 0.85262 0 -0.522532
    outer loop
      vertex 71.3135 68.0948 79.3683
      vertex 71.4365 68.0848 79.569
      vertex 71.3135 68.0848 79.3683
    endloop
  endfacet
  facet normal 0.89174 0.39882 -0.213877
    outer loop
      vertex 71.5266 68.0948 79.7865
      vertex 70.9084 69.5848 79.9874
      vertex 71.5815 68.0948 80.0154
    endloop
  endfacet
  facet normal 0.923867 0 -0.382714
    outer loop
      vertex 71.5266 68.0848 79.7865
      vertex 71.4365 68.0948 79.569
      vertex 71.5266 68.0948 79.7865
    endloop
  endfacet
  facet normal 0.923867 0 -0.382714
    outer loop
      vertex 71.4365 68.0948 79.569
      vertex 71.5266 68.0848 79.7865
      vertex 71.4365 68.0848 79.569
    endloop
  endfacet
  facet normal -0.706208 0 -0.708005
    outer loop
      vertex 69.0787 68.0848 79.15
      vertex 69.0393 68.0948 79.1893
      vertex 69.0787 68.0948 79.15
    endloop
  endfacet
  facet normal -0.706208 -0 -0.708005
    outer loop
      vertex 69.0393 68.0948 79.1893
      vertex 69.0787 68.0848 79.15
      vertex 69.0393 68.0848 79.1893
    endloop
  endfacet
  facet normal 0.972422 0 -0.233228
    outer loop
      vertex 71.5815 68.0848 80.0154
      vertex 71.5266 68.0948 79.7865
      vertex 71.5815 68.0948 80.0154
    endloop
  endfacet
  facet normal 0.972422 0 -0.233228
    outer loop
      vertex 71.5266 68.0948 79.7865
      vertex 71.5815 68.0848 80.0154
      vertex 71.5266 68.0848 79.7865
    endloop
  endfacet
  facet normal 0.85262 -0 0.522532
    outer loop
      vertex 71.3135 68.0848 81.1317
      vertex 71.4365 68.0948 80.931
      vertex 71.3135 68.0948 81.1317
    endloop
  endfacet
  facet normal 0.85262 0 0.522532
    outer loop
      vertex 71.4365 68.0948 80.931
      vertex 71.3135 68.0848 81.1317
      vertex 71.4365 68.0848 80.931
    endloop
  endfacet
  facet normal 0.760575 -0 0.64925
    outer loop
      vertex 71.1607 68.0848 81.3107
      vertex 71.3135 68.0948 81.1317
      vertex 71.1607 68.0948 81.3107
    endloop
  endfacet
  facet normal 0.760575 0 0.64925
    outer loop
      vertex 71.3135 68.0948 81.1317
      vertex 71.1607 68.0848 81.3107
      vertex 71.3135 68.0848 81.1317
    endloop
  endfacet
  facet normal 0 0 1
    outer loop
      vertex 69.8 66.4848 82.75
      vertex 67.6 66.4848 82.75
      vertex 69.8 63.4848 82.75
    endloop
  endfacet
  facet normal 0 0 1
    outer loop
      vertex 70.4 63.4848 82.75
      vertex 72.6 66.4848 82.75
      vertex 70.4 66.4848 82.75
    endloop
  endfacet
  facet normal 0 0 1
    outer loop
      vertex 72.6 66.4848 82.75
      vertex 70.4 63.4848 82.75
      vertex 72.6 54.8361 82.75
    endloop
  endfacet
  facet normal -0 0 1
    outer loop
      vertex 69.8 63.4848 82.75
      vertex 72.6 54.8361 82.75
      vertex 70.4 63.4848 82.75
    endloop
  endfacet
  facet normal 0 0 1
    outer loop
      vertex 67.6 54.8361 82.75
      vertex 69.8 63.4848 82.75
      vertex 67.6 66.4848 82.75
    endloop
  endfacet
  facet normal 0 0 1
    outer loop
      vertex 69.8 63.4848 82.75
      vertex 67.6 54.8361 82.75
      vertex 72.6 54.8361 82.75
    endloop
  endfacet
  facet normal 0 0.750599 -0.660758
    outer loop
      vertex 72.6 66.4848 77.75
      vertex 70.4 63.4848 74.3421
      vertex 70.4 66.4848 77.75
    endloop
  endfacet
  facet normal 0 0.750598 -0.660759
    outer loop
      vertex 70.4 63.4848 74.3421
      vertex 72.6 51.7869 61.0537
      vertex 69.8 63.4848 74.3421
    endloop
  endfacet
  facet normal 1.5001e-06 0.750599 -0.660759
    outer loop
      vertex 72.6 51.7869 61.0537
      vertex 70.4 63.4848 74.3421
      vertex 72.6 66.4848 77.75
    endloop
  endfacet
  facet normal 0 0.750599 -0.660758
    outer loop
      vertex 69.8 63.4848 74.3421
      vertex 67.6 66.4848 77.75
      vertex 69.8 66.4848 77.75
    endloop
  endfacet
  facet normal 0 0.750598 -0.660759
    outer loop
      vertex 67.6 51.7869 61.0537
      vertex 69.8 63.4848 74.3421
      vertex 72.6 51.7869 61.0537
    endloop
  endfacet
  facet normal -1.5001e-06 0.750599 -0.660759
    outer loop
      vertex 69.8 63.4848 74.3421
      vertex 67.6 51.7869 61.0537
      vertex 67.6 66.4848 77.75
    endloop
  endfacet
  facet normal 0 1 -0
    outer loop
      vertex 72.6 66.4848 77.75
      vertex 70.4 66.4848 82.75
      vertex 72.6 66.4848 82.75
    endloop
  endfacet
  facet normal 0 1 0
    outer loop
      vertex 70.4 66.4848 82.75
      vertex 72.6 66.4848 77.75
      vertex 70.4 66.4848 77.75
    endloop
  endfacet
  facet normal 0 1 -0
    outer loop
      vertex 69.8 66.4848 77.75
      vertex 67.6 66.4848 82.75
      vertex 69.8 66.4848 82.75
    endloop
  endfacet
  facet normal 0 1 0
    outer loop
      vertex 67.6 66.4848 82.75
      vertex 69.8 66.4848 77.75
      vertex 67.6 66.4848 77.75
    endloop
  endfacet
  facet normal -1 0 0
    outer loop
      vertex 67.6 66.4848 77.75
      vertex 67.6 54.8361 82.75
      vertex 67.6 66.4848 82.75
    endloop
  endfacet
  facet normal -1 0 -0
    outer loop
      vertex 67.6 54.8361 82.75
      vertex 67.6 66.4848 77.75
      vertex 67.6 51.7869 61.0537
    endloop
  endfacet
  facet normal 1 -0 0
    outer loop
      vertex 72.6 54.8361 82.75
      vertex 72.6 66.4848 77.75
      vertex 72.6 66.4848 82.75
    endloop
  endfacet
  facet normal 1 0 0
    outer loop
      vertex 72.6 66.4848 77.75
      vertex 72.6 54.8361 82.75
      vertex 72.6 51.7869 61.0537
    endloop
  endfacet
  facet normal 1 -0 0
    outer loop
      vertex 69.8 63.4848 82.75
      vertex 69.8 66.4848 77.75
      vertex 69.8 66.4848 82.75
    endloop
  endfacet
  facet normal 1 0 0
    outer loop
      vertex 69.8 66.4848 77.75
      vertex 69.8 63.4848 82.75
      vertex 69.8 63.4848 74.3421
    endloop
  endfacet
  facet normal 1 0 0
    outer loop
      vertex 69.8 69.4517 81.1055
      vertex 69.8 69.5848 79.3479
      vertex 69.8 69.5848 81.0429
    endloop
  endfacet
  facet normal 1 0 0
    outer loop
      vertex 69.8 69.3077 81.1733
      vertex 69.8 69.5848 79.3479
      vertex 69.8 69.4517 81.1055
    endloop
  endfacet
  facet normal 1 0 0
    outer loop
      vertex 69.8 69.3077 81.1733
      vertex 69.8 69.2771 79.1581
      vertex 69.8 69.5848 79.3479
    endloop
  endfacet
  facet normal 1 0 0
    outer loop
      vertex 69.8 69.3077 81.1733
      vertex 69.8 69.264 79.15
      vertex 69.8 69.2771 79.1581
    endloop
  endfacet
  facet normal 1 -0 0
    outer loop
      vertex 69.8 68.0848 81.357
      vertex 69.8 69.3077 81.1733
      vertex 69.8 68.0948 81.7158
    endloop
  endfacet
  facet normal 1 0 0
    outer loop
      vertex 69.8 68.0848 81.357
      vertex 69.8 68.0948 81.7158
      vertex 69.8 68.0848 81.7158
    endloop
  endfacet
  facet normal 1 0 0
    outer loop
      vertex 69.8 69.3077 81.1733
      vertex 69.8 68.0848 81.357
      vertex 69.8 69.264 79.15
    endloop
  endfacet
  facet normal 1 0 0
    outer loop
      vertex 69.8 66.4848 79.15
      vertex 69.8 68.0848 81.357
      vertex 69.8 66.4848 81.357
    endloop
  endfacet
  facet normal 1 0 0
    outer loop
      vertex 69.8 68.0848 81.357
      vertex 69.8 66.4848 79.15
      vertex 69.8 69.264 79.15
    endloop
  endfacet
  facet normal -1 0 0
    outer loop
      vertex 70.4 63.4848 82.75
      vertex 70.4 66.4848 77.75
      vertex 70.4 63.4848 74.3421
    endloop
  endfacet
  facet normal -1 0 0
    outer loop
      vertex 70.4 66.4848 77.75
      vertex 70.4 63.4848 82.75
      vertex 70.4 66.4848 82.75
    endloop
  endfacet
  facet normal -1 0 0
    outer loop
      vertex 70.4 69.5848 79.3479
      vertex 70.4 69.4518 81.1055
      vertex 70.4 69.5848 81.0429
    endloop
  endfacet
  facet normal -1 0 0
    outer loop
      vertex 70.4 69.5848 79.3479
      vertex 70.4 69.3077 81.1733
      vertex 70.4 69.4518 81.1055
    endloop
  endfacet
  facet normal -1 0 0
    outer loop
      vertex 70.4 69.2771 79.1581
      vertex 70.4 69.3077 81.1733
      vertex 70.4 69.5848 79.3479
    endloop
  endfacet
  facet normal -1 0 0
    outer loop
      vertex 70.4 69.264 79.15
      vertex 70.4 69.3077 81.1733
      vertex 70.4 69.2771 79.1581
    endloop
  endfacet
  facet normal -1 0 0
    outer loop
      vertex 70.4 68.0848 81.357
      vertex 70.4 69.3077 81.1733
      vertex 70.4 69.264 79.15
    endloop
  endfacet
  facet normal -1 0 0
    outer loop
      vertex 70.4 69.3077 81.1733
      vertex 70.4 68.0848 81.357
      vertex 70.4 68.0948 81.7158
    endloop
  endfacet
  facet normal -1 0 0
    outer loop
      vertex 70.4 66.4848 79.15
      vertex 70.4 68.0848 81.357
      vertex 70.4 69.264 79.15
    endloop
  endfacet
  facet normal -1 -0 0
    outer loop
      vertex 70.4 68.0848 81.357
      vertex 70.4 66.4848 79.15
      vertex 70.4 66.4848 81.357
    endloop
  endfacet
  facet normal -1 -0 0
    outer loop
      vertex 70.4 68.0948 81.7158
      vertex 70.4 68.0848 81.357
      vertex 70.4 68.0848 81.7158
    endloop
  endfacet
  facet normal 0 1 -0
    outer loop
      vertex 70.4 63.4848 74.3421
      vertex 69.8 63.4848 82.75
      vertex 70.4 63.4848 82.75
    endloop
  endfacet
  facet normal 0 1 0
    outer loop
      vertex 69.8 63.4848 82.75
      vertex 70.4 63.4848 74.3421
      vertex 69.8 63.4848 74.3421
    endloop
  endfacet
  facet normal -0 0 1
    outer loop
      vertex 0 22.5622 4
      vertex 80 6 4
      vertex 80 22.5622 4
    endloop
  endfacet
  facet normal 0 0 1
    outer loop
      vertex 80 6 4
      vertex 0 22.5622 4
      vertex 0 6 4
    endloop
  endfacet
  facet normal 0 0 1
    outer loop
      vertex 80 74 4
      vertex 67.6 46.958 4
      vertex 72.6 46.958 4
    endloop
  endfacet
  facet normal -0 0 1
    outer loop
      vertex 42.2223 63.648 4
      vertex 67.6 46.958 4
      vertex 42.25 64 4
    endloop
  endfacet
  facet normal 0 0 1
    outer loop
      vertex 74 80 4
      vertex 42.25 64 4
      vertex 67.6 46.958 4
    endloop
  endfacet
  facet normal 0 0 1
    outer loop
      vertex 74 80 4
      vertex 42.2223 64.352 4
      vertex 42.25 64 4
    endloop
  endfacet
  facet normal 0 0 1
    outer loop
      vertex 74 80 4
      vertex 42.1399 64.6953 4
      vertex 42.2223 64.352 4
    endloop
  endfacet
  facet normal 0 0 1
    outer loop
      vertex 74 80 4
      vertex 42.0048 65.0215 4
      vertex 42.1399 64.6953 4
    endloop
  endfacet
  facet normal 0 0 1
    outer loop
      vertex 74 80 4
      vertex 41.8203 65.3225 4
      vertex 42.0048 65.0215 4
    endloop
  endfacet
  facet normal 0 0 1
    outer loop
      vertex 74 80 4
      vertex 41.591 65.591 4
      vertex 41.8203 65.3225 4
    endloop
  endfacet
  facet normal 0 0 1
    outer loop
      vertex 74 80 4
      vertex 41.3225 65.8203 4
      vertex 41.591 65.591 4
    endloop
  endfacet
  facet normal 0 0 1
    outer loop
      vertex 74 80 4
      vertex 41.0215 66.0048 4
      vertex 41.3225 65.8203 4
    endloop
  endfacet
  facet normal 0 0 1
    outer loop
      vertex 74 80 4
      vertex 40.6953 66.1399 4
      vertex 41.0215 66.0048 4
    endloop
  endfacet
  facet normal 0 0 1
    outer loop
      vertex 74 80 4
      vertex 40.352 66.2223 4
      vertex 40.6953 66.1399 4
    endloop
  endfacet
  facet normal 0 0 1
    outer loop
      vertex 74 80 4
      vertex 40 66.25 4
      vertex 40.352 66.2223 4
    endloop
  endfacet
  facet normal -0 0 1
    outer loop
      vertex 6 80 4
      vertex 40 66.25 4
      vertex 74 80 4
    endloop
  endfacet
  facet normal 0 0 1
    outer loop
      vertex 40 66.25 4
      vertex 6 80 4
      vertex 39.648 66.2223 4
    endloop
  endfacet
  facet normal 0 0 1
    outer loop
      vertex 6 80 4
      vertex 37.75 64 4
      vertex 37.7777 64.352 4
    endloop
  endfacet
  facet normal 0 0 1
    outer loop
      vertex 6 80 4
      vertex 37.7777 64.352 4
      vertex 37.8601 64.6953 4
    endloop
  endfacet
  facet normal 0 0 1
    outer loop
      vertex 6 80 4
      vertex 37.8601 64.6953 4
      vertex 37.9952 65.0215 4
    endloop
  endfacet
  facet normal 0 0 1
    outer loop
      vertex 6 80 4
      vertex 37.9952 65.0215 4
      vertex 38.1797 65.3225 4
    endloop
  endfacet
  facet normal 0 0 1
    outer loop
      vertex 6 80 4
      vertex 38.1797 65.3225 4
      vertex 38.409 65.591 4
    endloop
  endfacet
  facet normal 0 0 1
    outer loop
      vertex 6 80 4
      vertex 38.409 65.591 4
      vertex 38.6775 65.8203 4
    endloop
  endfacet
  facet normal 0 0 1
    outer loop
      vertex 37.75 64 4
      vertex 6 80 4
      vertex 12.4 46.958 4
    endloop
  endfacet
  facet normal 0 0 1
    outer loop
      vertex 6 80 4
      vertex 38.6775 65.8203 4
      vertex 38.9785 66.0048 4
    endloop
  endfacet
  facet normal 0 0 1
    outer loop
      vertex 39.648 66.2223 4
      vertex 6 80 4
      vertex 39.3047 66.1399 4
    endloop
  endfacet
  facet normal 0 0 1
    outer loop
      vertex 6 80 4
      vertex 38.9785 66.0048 4
      vertex 39.3047 66.1399 4
    endloop
  endfacet
  facet normal -0 0 1
    outer loop
      vertex 0 74 4
      vertex 12.4 46.958 4
      vertex 6 80 4
    endloop
  endfacet
  facet normal 0 0 1
    outer loop
      vertex 12.4 46.958 4
      vertex 0 74 4
      vertex 7.4 46.958 4
    endloop
  endfacet
  facet normal 0 0 1
    outer loop
      vertex 0 74 4
      vertex 6 80 4
      vertex 5.06139 79.9261 4
    endloop
  endfacet
  facet normal 0 0 1
    outer loop
      vertex 0 74 4
      vertex 5.06139 79.9261 4
      vertex 4.1459 79.7063 4
    endloop
  endfacet
  facet normal 0 0 1
    outer loop
      vertex 0 74 4
      vertex 4.1459 79.7063 4
      vertex 3.27606 79.346 4
    endloop
  endfacet
  facet normal 0 0 1
    outer loop
      vertex 0 74 4
      vertex 3.27606 79.346 4
      vertex 2.47329 78.8541 4
    endloop
  endfacet
  facet normal 0 0 1
    outer loop
      vertex 0 74 4
      vertex 2.47329 78.8541 4
      vertex 1.75736 78.2426 4
    endloop
  endfacet
  facet normal 0 0 1
    outer loop
      vertex 0 74 4
      vertex 1.75736 78.2426 4
      vertex 1.1459 77.5267 4
    endloop
  endfacet
  facet normal 0 0 1
    outer loop
      vertex 0 74 4
      vertex 1.1459 77.5267 4
      vertex 0.65396 76.7239 4
    endloop
  endfacet
  facet normal 0 0 1
    outer loop
      vertex 0 74 4
      vertex 0.65396 76.7239 4
      vertex 0.29366 75.8541 4
    endloop
  endfacet
  facet normal 0 0 1
    outer loop
      vertex 0 74 4
      vertex 0.29366 75.8541 4
      vertex 0.0738697 74.9386 4
    endloop
  endfacet
  facet normal 0 0 1
    outer loop
      vertex 0 43.7685 4
      vertex 7.4 46.958 4
      vertex 0 74 4
    endloop
  endfacet
  facet normal 0 0 1
    outer loop
      vertex 7.4 46.958 4
      vertex 0 43.7685 4
      vertex 7.4 43.7685 4
    endloop
  endfacet
  facet normal 0 0 1
    outer loop
      vertex 74 80 4
      vertex 80 74 4
      vertex 79.9261 74.9386 4
    endloop
  endfacet
  facet normal 0 0 1
    outer loop
      vertex 74 80 4
      vertex 79.9261 74.9386 4
      vertex 79.7063 75.8541 4
    endloop
  endfacet
  facet normal 0 0 1
    outer loop
      vertex 74 80 4
      vertex 79.7063 75.8541 4
      vertex 79.346 76.7239 4
    endloop
  endfacet
  facet normal 0 0 1
    outer loop
      vertex 74 80 4
      vertex 79.346 76.7239 4
      vertex 78.8541 77.5267 4
    endloop
  endfacet
  facet normal 0 0 1
    outer loop
      vertex 74 80 4
      vertex 78.8541 77.5267 4
      vertex 78.2426 78.2426 4
    endloop
  endfacet
  facet normal 0 0 1
    outer loop
      vertex 74 80 4
      vertex 78.2426 78.2426 4
      vertex 77.5267 78.8541 4
    endloop
  endfacet
  facet normal 0 0 1
    outer loop
      vertex 74 80 4
      vertex 77.5267 78.8541 4
      vertex 76.7239 79.346 4
    endloop
  endfacet
  facet normal 0 0 1
    outer loop
      vertex 74 80 4
      vertex 76.7239 79.346 4
      vertex 75.8541 79.7063 4
    endloop
  endfacet
  facet normal 0 0 1
    outer loop
      vertex 74 80 4
      vertex 75.8541 79.7063 4
      vertex 74.9386 79.9261 4
    endloop
  endfacet
  facet normal 0 0 1
    outer loop
      vertex 67.6 46.958 4
      vertex 80 74 4
      vertex 74 80 4
    endloop
  endfacet
  facet normal 0 0 1
    outer loop
      vertex 80 74 4
      vertex 72.6 46.958 4
      vertex 80 43.7685 4
    endloop
  endfacet
  facet normal 0 0 1
    outer loop
      vertex 80 43.7685 4
      vertex 72.6 46.958 4
      vertex 72.6 43.7685 4
    endloop
  endfacet
  facet normal -0 0 1
    outer loop
      vertex 42.1399 63.3047 4
      vertex 67.6 46.958 4
      vertex 42.2223 63.648 4
    endloop
  endfacet
  facet normal -0 0 1
    outer loop
      vertex 42.0048 62.9785 4
      vertex 67.6 46.958 4
      vertex 42.1399 63.3047 4
    endloop
  endfacet
  facet normal -0 0 1
    outer loop
      vertex 41.8203 62.6775 4
      vertex 67.6 46.958 4
      vertex 42.0048 62.9785 4
    endloop
  endfacet
  facet normal -0 0 1
    outer loop
      vertex 41.591 62.409 4
      vertex 67.6 46.958 4
      vertex 41.8203 62.6775 4
    endloop
  endfacet
  facet normal -0 0 1
    outer loop
      vertex 41.3225 62.1797 4
      vertex 67.6 46.958 4
      vertex 41.591 62.409 4
    endloop
  endfacet
  facet normal -0 0 1
    outer loop
      vertex 41.0215 61.9952 4
      vertex 67.6 46.958 4
      vertex 41.3225 62.1797 4
    endloop
  endfacet
  facet normal 0 0 1
    outer loop
      vertex 67.6 46.958 4
      vertex 41.0215 61.9952 4
      vertex 67.6 43.7685 4
    endloop
  endfacet
  facet normal -0 0 1
    outer loop
      vertex 40.6953 61.8601 4
      vertex 67.6 43.7685 4
      vertex 41.0215 61.9952 4
    endloop
  endfacet
  facet normal -0 0 1
    outer loop
      vertex 40.352 61.7777 4
      vertex 67.6 43.7685 4
      vertex 40.6953 61.8601 4
    endloop
  endfacet
  facet normal -0 0 1
    outer loop
      vertex 40 61.75 4
      vertex 67.6 43.7685 4
      vertex 40.352 61.7777 4
    endloop
  endfacet
  facet normal 0 0 1
    outer loop
      vertex 12.4 43.7685 4
      vertex 40 61.75 4
      vertex 39.648 61.7777 4
    endloop
  endfacet
  facet normal 0 0 1
    outer loop
      vertex 12.4 43.7685 4
      vertex 39.648 61.7777 4
      vertex 39.3047 61.8601 4
    endloop
  endfacet
  facet normal 0 0 1
    outer loop
      vertex 12.4 43.7685 4
      vertex 39.3047 61.8601 4
      vertex 38.9785 61.9952 4
    endloop
  endfacet
  facet normal 0 0 1
    outer loop
      vertex 12.4 46.958 4
      vertex 38.9785 61.9952 4
      vertex 38.6775 62.1797 4
    endloop
  endfacet
  facet normal 0 0 1
    outer loop
      vertex 12.4 46.958 4
      vertex 37.7777 63.648 4
      vertex 37.75 64 4
    endloop
  endfacet
  facet normal 0 0 1
    outer loop
      vertex 12.4 46.958 4
      vertex 37.8601 63.3047 4
      vertex 37.7777 63.648 4
    endloop
  endfacet
  facet normal 0 0 1
    outer loop
      vertex 12.4 46.958 4
      vertex 37.9952 62.9785 4
      vertex 37.8601 63.3047 4
    endloop
  endfacet
  facet normal 0 0 1
    outer loop
      vertex 12.4 46.958 4
      vertex 38.1797 62.6775 4
      vertex 37.9952 62.9785 4
    endloop
  endfacet
  facet normal 0 0 1
    outer loop
      vertex 12.4 46.958 4
      vertex 38.409 62.409 4
      vertex 38.1797 62.6775 4
    endloop
  endfacet
  facet normal 0 0 1
    outer loop
      vertex 12.4 46.958 4
      vertex 38.6775 62.1797 4
      vertex 38.409 62.409 4
    endloop
  endfacet
  facet normal 0 0 1
    outer loop
      vertex 38.9785 61.9952 4
      vertex 12.4 46.958 4
      vertex 12.4 43.7685 4
    endloop
  endfacet
  facet normal 0 0 1
    outer loop
      vertex 40 61.75 4
      vertex 12.4 43.7685 4
      vertex 67.6 43.7685 4
    endloop
  endfacet
  facet normal 0 0 1
    outer loop
      vertex 80 40.5371 4
      vertex 42.1507 36.6503 4
      vertex 80 36.6503 4
    endloop
  endfacet
  facet normal 0 0 1
    outer loop
      vertex 80 40.5371 4
      vertex 42.1399 36.6953 4
      vertex 42.1507 36.6503 4
    endloop
  endfacet
  facet normal 0 0 1
    outer loop
      vertex 80 40.5371 4
      vertex 42.0048 37.0215 4
      vertex 42.1399 36.6953 4
    endloop
  endfacet
  facet normal 0 0 1
    outer loop
      vertex 80 40.5371 4
      vertex 41.8203 37.3225 4
      vertex 42.0048 37.0215 4
    endloop
  endfacet
  facet normal 0 0 1
    outer loop
      vertex 80 40.5371 4
      vertex 41.591 37.591 4
      vertex 41.8203 37.3225 4
    endloop
  endfacet
  facet normal 0 0 1
    outer loop
      vertex 80 40.5371 4
      vertex 41.3225 37.8203 4
      vertex 41.591 37.591 4
    endloop
  endfacet
  facet normal 0 0 1
    outer loop
      vertex 80 40.5371 4
      vertex 41.0215 38.0048 4
      vertex 41.3225 37.8203 4
    endloop
  endfacet
  facet normal 0 0 1
    outer loop
      vertex 80 40.5371 4
      vertex 40.6953 38.1399 4
      vertex 41.0215 38.0048 4
    endloop
  endfacet
  facet normal 0 0 1
    outer loop
      vertex 80 40.5371 4
      vertex 40.352 38.2223 4
      vertex 40.6953 38.1399 4
    endloop
  endfacet
  facet normal 0 0 1
    outer loop
      vertex 80 40.5371 4
      vertex 40 38.25 4
      vertex 40.352 38.2223 4
    endloop
  endfacet
  facet normal -0 0 1
    outer loop
      vertex 0 40.5371 4
      vertex 40 38.25 4
      vertex 80 40.5371 4
    endloop
  endfacet
  facet normal 0 0 1
    outer loop
      vertex 0 40.5371 4
      vertex 39.648 38.2223 4
      vertex 40 38.25 4
    endloop
  endfacet
  facet normal 0 0 1
    outer loop
      vertex 0 40.5371 4
      vertex 39.3047 38.1399 4
      vertex 39.648 38.2223 4
    endloop
  endfacet
  facet normal 0 0 1
    outer loop
      vertex 0 40.5371 4
      vertex 38.9785 38.0048 4
      vertex 39.3047 38.1399 4
    endloop
  endfacet
  facet normal 0 0 1
    outer loop
      vertex 0 40.5371 4
      vertex 38.6775 37.8203 4
      vertex 38.9785 38.0048 4
    endloop
  endfacet
  facet normal 0 0 1
    outer loop
      vertex 0 40.5371 4
      vertex 38.409 37.591 4
      vertex 38.6775 37.8203 4
    endloop
  endfacet
  facet normal 0 0 1
    outer loop
      vertex 0 40.5371 4
      vertex 38.1797 37.3225 4
      vertex 38.409 37.591 4
    endloop
  endfacet
  facet normal 0 0 1
    outer loop
      vertex 0 40.5371 4
      vertex 37.9952 37.0215 4
      vertex 38.1797 37.3225 4
    endloop
  endfacet
  facet normal 0 0 1
    outer loop
      vertex 0 40.5371 4
      vertex 37.8601 36.6953 4
      vertex 37.9952 37.0215 4
    endloop
  endfacet
  facet normal 0 0 1
    outer loop
      vertex 0 40.5371 4
      vertex 37.8493 36.6503 4
      vertex 37.8601 36.6953 4
    endloop
  endfacet
  facet normal 0 0 1
    outer loop
      vertex 37.8493 36.6503 4
      vertex 0 40.5371 4
      vertex 0 36.6503 4
    endloop
  endfacet
  facet normal 0.83205 -0.5547 0
    outer loop
      vertex 76 0 2.4
      vertex 80 6 0
      vertex 80 6 4
    endloop
  endfacet
  facet normal 0.83205 -0.5547 0
    outer loop
      vertex 80 6 0
      vertex 76 0 2.4
      vertex 76 0 0
    endloop
  endfacet
  facet normal -0.996917 0.0784594 0
    outer loop
      vertex 0 74 0
      vertex 0.0738697 74.9386 4
      vertex 0.0738697 74.9386 0
    endloop
  endfacet
  facet normal -0.996917 0.0784594 0
    outer loop
      vertex 0.0738697 74.9386 4
      vertex 0 74 0
      vertex 0 74 4
    endloop
  endfacet
  facet normal 0.996915 0.0784914 0
    outer loop
      vertex 80 74 4
      vertex 79.9261 74.9386 0
      vertex 79.9261 74.9386 4
    endloop
  endfacet
  facet normal 0.996915 0.0784914 0
    outer loop
      vertex 79.9261 74.9386 0
      vertex 80 74 4
      vertex 80 74 0
    endloop
  endfacet
  facet normal 0 0 -1
    outer loop
      vertex 42.1399 36.6953 0
      vertex 80 74 0
      vertex 42.2223 36.352 0
    endloop
  endfacet
  facet normal 0 0 -1
    outer loop
      vertex 80 74 0
      vertex 42.2223 63.648 0
      vertex 42.25 64 0
    endloop
  endfacet
  facet normal 0 0 -1
    outer loop
      vertex 42.0048 37.0215 0
      vertex 80 74 0
      vertex 42.1399 36.6953 0
    endloop
  endfacet
  facet normal 0 0 -1
    outer loop
      vertex 80 74 0
      vertex 42.1399 63.3047 0
      vertex 42.2223 63.648 0
    endloop
  endfacet
  facet normal 0 0 -1
    outer loop
      vertex 42.0048 62.9785 0
      vertex 80 74 0
      vertex 42.0048 37.0215 0
    endloop
  endfacet
  facet normal 0 0 -1
    outer loop
      vertex 80 74 0
      vertex 42.0048 62.9785 0
      vertex 42.1399 63.3047 0
    endloop
  endfacet
  facet normal 0 0 -1
    outer loop
      vertex 41.8203 37.3225 0
      vertex 42.0048 62.9785 0
      vertex 42.0048 37.0215 0
    endloop
  endfacet
  facet normal 0 0 -1
    outer loop
      vertex 41.8203 37.3225 0
      vertex 41.8203 62.6775 0
      vertex 42.0048 62.9785 0
    endloop
  endfacet
  facet normal 0 0 -1
    outer loop
      vertex 41.591 37.591 0
      vertex 41.8203 62.6775 0
      vertex 41.8203 37.3225 0
    endloop
  endfacet
  facet normal 0 0 -1
    outer loop
      vertex 41.591 37.591 0
      vertex 41.591 62.409 0
      vertex 41.8203 62.6775 0
    endloop
  endfacet
  facet normal 0 0 -1
    outer loop
      vertex 41.3225 37.8203 0
      vertex 41.591 62.409 0
      vertex 41.591 37.591 0
    endloop
  endfacet
  facet normal 0 0 -1
    outer loop
      vertex 41.3225 37.8203 0
      vertex 41.3225 62.1797 0
      vertex 41.591 62.409 0
    endloop
  endfacet
  facet normal 0 0 -1
    outer loop
      vertex 41.0215 38.0048 0
      vertex 41.3225 62.1797 0
      vertex 41.3225 37.8203 0
    endloop
  endfacet
  facet normal 0 0 -1
    outer loop
      vertex 41.0215 38.0048 0
      vertex 41.0215 61.9952 0
      vertex 41.3225 62.1797 0
    endloop
  endfacet
  facet normal 0 0 -1
    outer loop
      vertex 40.6953 38.1399 0
      vertex 41.0215 61.9952 0
      vertex 41.0215 38.0048 0
    endloop
  endfacet
  facet normal 0 0 -1
    outer loop
      vertex 40.6953 38.1399 0
      vertex 40.6953 61.8601 0
      vertex 41.0215 61.9952 0
    endloop
  endfacet
  facet normal 0 0 -1
    outer loop
      vertex 40.352 38.2223 0
      vertex 40.6953 61.8601 0
      vertex 40.6953 38.1399 0
    endloop
  endfacet
  facet normal 0 0 -1
    outer loop
      vertex 40.352 38.2223 0
      vertex 40.352 61.7777 0
      vertex 40.6953 61.8601 0
    endloop
  endfacet
  facet normal 0 0 -1
    outer loop
      vertex 40 38.25 0
      vertex 40.352 61.7777 0
      vertex 40.352 38.2223 0
    endloop
  endfacet
  facet normal 0 0 -1
    outer loop
      vertex 40 38.25 0
      vertex 40 61.75 0
      vertex 40.352 61.7777 0
    endloop
  endfacet
  facet normal 0 0 -1
    outer loop
      vertex 39.648 38.2223 0
      vertex 40 61.75 0
      vertex 40 38.25 0
    endloop
  endfacet
  facet normal 0 0 -1
    outer loop
      vertex 39.648 38.2223 0
      vertex 39.648 61.7777 0
      vertex 40 61.75 0
    endloop
  endfacet
  facet normal 0 0 -1
    outer loop
      vertex 39.3047 38.1399 0
      vertex 39.648 61.7777 0
      vertex 39.648 38.2223 0
    endloop
  endfacet
  facet normal 0 0 -1
    outer loop
      vertex 39.3047 38.1399 0
      vertex 39.3047 61.8601 0
      vertex 39.648 61.7777 0
    endloop
  endfacet
  facet normal 0 0 -1
    outer loop
      vertex 38.9785 38.0048 0
      vertex 39.3047 61.8601 0
      vertex 39.3047 38.1399 0
    endloop
  endfacet
  facet normal 0 0 -1
    outer loop
      vertex 38.9785 38.0048 0
      vertex 38.9785 61.9952 0
      vertex 39.3047 61.8601 0
    endloop
  endfacet
  facet normal 0 0 -1
    outer loop
      vertex 38.6775 37.8203 0
      vertex 38.9785 61.9952 0
      vertex 38.9785 38.0048 0
    endloop
  endfacet
  facet normal 0 0 -1
    outer loop
      vertex 38.6775 37.8203 0
      vertex 38.6775 62.1797 0
      vertex 38.9785 61.9952 0
    endloop
  endfacet
  facet normal 0 0 -1
    outer loop
      vertex 38.409 37.591 0
      vertex 38.6775 62.1797 0
      vertex 38.6775 37.8203 0
    endloop
  endfacet
  facet normal 0 0 -1
    outer loop
      vertex 38.409 37.591 0
      vertex 38.409 62.409 0
      vertex 38.6775 62.1797 0
    endloop
  endfacet
  facet normal 0 0 -1
    outer loop
      vertex 38.1797 37.3225 0
      vertex 38.409 62.409 0
      vertex 38.409 37.591 0
    endloop
  endfacet
  facet normal 0 0 -1
    outer loop
      vertex 38.1797 37.3225 0
      vertex 38.1797 62.6775 0
      vertex 38.409 62.409 0
    endloop
  endfacet
  facet normal 0 0 -1
    outer loop
      vertex 37.9952 37.0215 0
      vertex 38.1797 62.6775 0
      vertex 38.1797 37.3225 0
    endloop
  endfacet
  facet normal 0 0 -1
    outer loop
      vertex 37.9952 37.0215 0
      vertex 37.9952 62.9785 0
      vertex 38.1797 62.6775 0
    endloop
  endfacet
  facet normal 0 0 -1
    outer loop
      vertex 0 74 0
      vertex 37.9952 37.0215 0
      vertex 37.8601 36.6953 0
    endloop
  endfacet
  facet normal 0 0 -1
    outer loop
      vertex 37.9952 37.0215 0
      vertex 0 74 0
      vertex 37.9952 62.9785 0
    endloop
  endfacet
  facet normal 0 0 -1
    outer loop
      vertex 0 74 0
      vertex 37.8601 36.6953 0
      vertex 37.7777 36.352 0
    endloop
  endfacet
  facet normal 0 0 -1
    outer loop
      vertex 37.9952 62.9785 0
      vertex 0 74 0
      vertex 37.8601 63.3047 0
    endloop
  endfacet
  facet normal 0 0 -1
    outer loop
      vertex 0 6 0
      vertex 37.7777 36.352 0
      vertex 37.75 36 0
    endloop
  endfacet
  facet normal 0 0 -1
    outer loop
      vertex 37.8601 63.3047 0
      vertex 0 74 0
      vertex 37.7777 63.648 0
    endloop
  endfacet
  facet normal 0 0 -1
    outer loop
      vertex 42.2223 36.352 0
      vertex 80 6 0
      vertex 42.25 36 0
    endloop
  endfacet
  facet normal 0 0 -1
    outer loop
      vertex 80 6 0
      vertex 42.2223 36.352 0
      vertex 80 74 0
    endloop
  endfacet
  facet normal 0 -0 -1
    outer loop
      vertex 74 80 0
      vertex 80 74 0
      vertex 42.25 64 0
    endloop
  endfacet
  facet normal 0 0 -1
    outer loop
      vertex 80 74 0
      vertex 74 80 0
      vertex 79.9261 74.9386 0
    endloop
  endfacet
  facet normal 0 0 -1
    outer loop
      vertex 79.9261 74.9386 0
      vertex 74 80 0
      vertex 79.7063 75.8541 0
    endloop
  endfacet
  facet normal 0 0 -1
    outer loop
      vertex 79.7063 75.8541 0
      vertex 74 80 0
      vertex 79.346 76.7239 0
    endloop
  endfacet
  facet normal 0 0 -1
    outer loop
      vertex 79.346 76.7239 0
      vertex 74 80 0
      vertex 78.8541 77.5267 0
    endloop
  endfacet
  facet normal 0 0 -1
    outer loop
      vertex 41.591 34.409 0
      vertex 80 6 0
      vertex 76 0 0
    endloop
  endfacet
  facet normal 0 0 -1
    outer loop
      vertex 78.8541 77.5267 0
      vertex 74 80 0
      vertex 78.2426 78.2426 0
    endloop
  endfacet
  facet normal 0 0 -1
    outer loop
      vertex 78.2426 78.2426 0
      vertex 74 80 0
      vertex 77.5267 78.8541 0
    endloop
  endfacet
  facet normal 0 0 -1
    outer loop
      vertex 76.7239 79.346 0
      vertex 74 80 0
      vertex 75.8541 79.7063 0
    endloop
  endfacet
  facet normal 0 0 -1
    outer loop
      vertex 75.8541 79.7063 0
      vertex 74 80 0
      vertex 74.9386 79.9261 0
    endloop
  endfacet
  facet normal 0 0 -1
    outer loop
      vertex 80 6 0
      vertex 42.2223 35.648 0
      vertex 42.25 36 0
    endloop
  endfacet
  facet normal 0 0 -1
    outer loop
      vertex 80 6 0
      vertex 42.1399 35.3047 0
      vertex 42.2223 35.648 0
    endloop
  endfacet
  facet normal 0 0 -1
    outer loop
      vertex 80 6 0
      vertex 42.0048 34.9785 0
      vertex 42.1399 35.3047 0
    endloop
  endfacet
  facet normal 0 0 -1
    outer loop
      vertex 80 6 0
      vertex 41.8203 34.6775 0
      vertex 42.0048 34.9785 0
    endloop
  endfacet
  facet normal 0 0 -1
    outer loop
      vertex 80 6 0
      vertex 41.591 34.409 0
      vertex 41.8203 34.6775 0
    endloop
  endfacet
  facet normal 0 0 -1
    outer loop
      vertex 76 0 0
      vertex 41.3225 34.1797 0
      vertex 41.591 34.409 0
    endloop
  endfacet
  facet normal 0 0 -1
    outer loop
      vertex 76 0 0
      vertex 41.0215 33.9952 0
      vertex 41.3225 34.1797 0
    endloop
  endfacet
  facet normal 0 0 -1
    outer loop
      vertex 76 0 0
      vertex 40.6953 33.8601 0
      vertex 41.0215 33.9952 0
    endloop
  endfacet
  facet normal 0 0 -1
    outer loop
      vertex 76 0 0
      vertex 40.352 33.7777 0
      vertex 40.6953 33.8601 0
    endloop
  endfacet
  facet normal 0 0 -1
    outer loop
      vertex 76 0 0
      vertex 40 33.75 0
      vertex 40.352 33.7777 0
    endloop
  endfacet
  facet normal 0 0 -1
    outer loop
      vertex 4 0 0
      vertex 40 33.75 0
      vertex 76 0 0
    endloop
  endfacet
  facet normal -0 0 -1
    outer loop
      vertex 40 33.75 0
      vertex 4 0 0
      vertex 39.648 33.7777 0
    endloop
  endfacet
  facet normal -0 0 -1
    outer loop
      vertex 39.648 33.7777 0
      vertex 4 0 0
      vertex 39.3047 33.8601 0
    endloop
  endfacet
  facet normal -0 0 -1
    outer loop
      vertex 39.3047 33.8601 0
      vertex 4 0 0
      vertex 38.9785 33.9952 0
    endloop
  endfacet
  facet normal -0 0 -1
    outer loop
      vertex 38.9785 33.9952 0
      vertex 4 0 0
      vertex 38.6775 34.1797 0
    endloop
  endfacet
  facet normal 0 0 -1
    outer loop
      vertex 37.7777 63.648 0
      vertex 0 74 0
      vertex 37.75 64 0
    endloop
  endfacet
  facet normal 0 0 -1
    outer loop
      vertex 0 6 0
      vertex 37.75 36 0
      vertex 37.7777 35.648 0
    endloop
  endfacet
  facet normal 0 0 -1
    outer loop
      vertex 0 6 0
      vertex 37.7777 35.648 0
      vertex 37.8601 35.3047 0
    endloop
  endfacet
  facet normal 0 0 -1
    outer loop
      vertex 0 6 0
      vertex 37.8601 35.3047 0
      vertex 37.9952 34.9785 0
    endloop
  endfacet
  facet normal 0 0 -1
    outer loop
      vertex 0 6 0
      vertex 37.9952 34.9785 0
      vertex 38.1797 34.6775 0
    endloop
  endfacet
  facet normal 0 0 -1
    outer loop
      vertex 37.75 64 0
      vertex 0 74 0
      vertex 6 80 0
    endloop
  endfacet
  facet normal 0 0 -1
    outer loop
      vertex 6 80 0
      vertex 0 74 0
      vertex 5.06139 79.9261 0
    endloop
  endfacet
  facet normal -0 0 -1
    outer loop
      vertex 38.6775 34.1797 0
      vertex 4 0 0
      vertex 38.409 34.409 0
    endloop
  endfacet
  facet normal 0 0 -1
    outer loop
      vertex 0 6 0
      vertex 38.409 34.409 0
      vertex 4 0 0
    endloop
  endfacet
  facet normal -0 0 -1
    outer loop
      vertex 38.409 34.409 0
      vertex 0 6 0
      vertex 38.1797 34.6775 0
    endloop
  endfacet
  facet normal -0 0 -1
    outer loop
      vertex 37.7777 36.352 0
      vertex 0 6 0
      vertex 0 74 0
    endloop
  endfacet
  facet normal 0 0 -1
    outer loop
      vertex 4.1459 79.7063 0
      vertex 0 74 0
      vertex 3.27606 79.346 0
    endloop
  endfacet
  facet normal 0 0 -1
    outer loop
      vertex 3.27606 79.346 0
      vertex 0 74 0
      vertex 2.47329 78.8541 0
    endloop
  endfacet
  facet normal 0 0 -1
    outer loop
      vertex 2.47329 78.8541 0
      vertex 0 74 0
      vertex 1.75736 78.2426 0
    endloop
  endfacet
  facet normal 0 0 -1
    outer loop
      vertex 1.75736 78.2426 0
      vertex 0 74 0
      vertex 1.1459 77.5267 0
    endloop
  endfacet
  facet normal 0 0 -1
    outer loop
      vertex 1.1459 77.5267 0
      vertex 0 74 0
      vertex 0.65396 76.7239 0
    endloop
  endfacet
  facet normal 0 0 -1
    outer loop
      vertex 0.65396 76.7239 0
      vertex 0 74 0
      vertex 0.29366 75.8541 0
    endloop
  endfacet
  facet normal 0 0 -1
    outer loop
      vertex 5.06139 79.9261 0
      vertex 0 74 0
      vertex 4.1459 79.7063 0
    endloop
  endfacet
  facet normal 0 0 -1
    outer loop
      vertex 0.29366 75.8541 0
      vertex 0 74 0
      vertex 0.0738697 74.9386 0
    endloop
  endfacet
  facet normal 0 0 -1
    outer loop
      vertex 77.5267 78.8541 0
      vertex 74 80 0
      vertex 76.7239 79.346 0
    endloop
  endfacet
  facet normal 0 0 -1
    outer loop
      vertex 42.2223 64.352 0
      vertex 74 80 0
      vertex 42.25 64 0
    endloop
  endfacet
  facet normal 0 0 -1
    outer loop
      vertex 42.1399 64.6953 0
      vertex 74 80 0
      vertex 42.2223 64.352 0
    endloop
  endfacet
  facet normal 0 0 -1
    outer loop
      vertex 42.0048 65.0215 0
      vertex 74 80 0
      vertex 42.1399 64.6953 0
    endloop
  endfacet
  facet normal 0 0 -1
    outer loop
      vertex 41.8203 65.3225 0
      vertex 74 80 0
      vertex 42.0048 65.0215 0
    endloop
  endfacet
  facet normal 0 0 -1
    outer loop
      vertex 41.591 65.591 0
      vertex 74 80 0
      vertex 41.8203 65.3225 0
    endloop
  endfacet
  facet normal 0 0 -1
    outer loop
      vertex 41.3225 65.8203 0
      vertex 74 80 0
      vertex 41.591 65.591 0
    endloop
  endfacet
  facet normal 0 0 -1
    outer loop
      vertex 41.0215 66.0048 0
      vertex 74 80 0
      vertex 41.3225 65.8203 0
    endloop
  endfacet
  facet normal 0 0 -1
    outer loop
      vertex 40.6953 66.1399 0
      vertex 74 80 0
      vertex 41.0215 66.0048 0
    endloop
  endfacet
  facet normal 0 0 -1
    outer loop
      vertex 40.352 66.2223 0
      vertex 74 80 0
      vertex 40.6953 66.1399 0
    endloop
  endfacet
  facet normal 0 0 -1
    outer loop
      vertex 40 66.25 0
      vertex 74 80 0
      vertex 40.352 66.2223 0
    endloop
  endfacet
  facet normal 0 0 -1
    outer loop
      vertex 6 80 0
      vertex 40 66.25 0
      vertex 39.648 66.2223 0
    endloop
  endfacet
  facet normal 0 0 -1
    outer loop
      vertex 6 80 0
      vertex 39.648 66.2223 0
      vertex 39.3047 66.1399 0
    endloop
  endfacet
  facet normal 0 0 -1
    outer loop
      vertex 40 66.25 0
      vertex 6 80 0
      vertex 74 80 0
    endloop
  endfacet
  facet normal 0 0 -1
    outer loop
      vertex 38.9785 66.0048 0
      vertex 6 80 0
      vertex 39.3047 66.1399 0
    endloop
  endfacet
  facet normal 0 0 -1
    outer loop
      vertex 38.6775 65.8203 0
      vertex 6 80 0
      vertex 38.9785 66.0048 0
    endloop
  endfacet
  facet normal 0 0 -1
    outer loop
      vertex 38.409 65.591 0
      vertex 6 80 0
      vertex 38.6775 65.8203 0
    endloop
  endfacet
  facet normal 0 0 -1
    outer loop
      vertex 38.1797 65.3225 0
      vertex 6 80 0
      vertex 38.409 65.591 0
    endloop
  endfacet
  facet normal 0 0 -1
    outer loop
      vertex 37.9952 65.0215 0
      vertex 6 80 0
      vertex 38.1797 65.3225 0
    endloop
  endfacet
  facet normal 0 0 -1
    outer loop
      vertex 37.8601 64.6953 0
      vertex 6 80 0
      vertex 37.9952 65.0215 0
    endloop
  endfacet
  facet normal 0 0 -1
    outer loop
      vertex 37.7777 64.352 0
      vertex 6 80 0
      vertex 37.8601 64.6953 0
    endloop
  endfacet
  facet normal 0 0 -1
    outer loop
      vertex 6 80 0
      vertex 37.7777 64.352 0
      vertex 37.75 64 0
    endloop
  endfacet
  facet normal -0.83205 -0.5547 -0
    outer loop
      vertex 4 0 2.4
      vertex 0 6 0
      vertex 4 0 0
    endloop
  endfacet
  facet normal -0.83205 -0.5547 0
    outer loop
      vertex 0 6 0
      vertex 4 0 2.4
      vertex 0 6 4
    endloop
  endfacet
  facet normal 0 -1 0
    outer loop
      vertex 4 0 0
      vertex 76 0 2.4
      vertex 4 0 2.4
    endloop
  endfacet
  facet normal 0 -1 -0
    outer loop
      vertex 76 0 2.4
      vertex 4 0 0
      vertex 76 0 0
    endloop
  endfacet
  facet normal 0 -0.257663 0.966235
    outer loop
      vertex 80 6 4
      vertex 4 0 2.4
      vertex 76 0 2.4
    endloop
  endfacet
  facet normal 0 -0.257663 0.966235
    outer loop
      vertex 4 0 2.4
      vertex 80 6 4
      vertex 0 6 4
    endloop
  endfacet
  facet normal 0.649487 0.760373 -0
    outer loop
      vertex 78.2426 78.2426 0
      vertex 77.5267 78.8541 4
      vertex 78.2426 78.2426 4
    endloop
  endfacet
  facet normal 0.649487 0.760373 0
    outer loop
      vertex 77.5267 78.8541 4
      vertex 78.2426 78.2426 0
      vertex 77.5267 78.8541 0
    endloop
  endfacet
  facet normal 0 1 -0
    outer loop
      vertex 74 80 0
      vertex 6 80 4
      vertex 74 80 4
    endloop
  endfacet
  facet normal 0 1 0
    outer loop
      vertex 6 80 4
      vertex 74 80 0
      vertex 6 80 0
    endloop
  endfacet
  facet normal -0.382684 0.923879 0
    outer loop
      vertex 4.1459 79.7063 0
      vertex 3.27606 79.346 4
      vertex 4.1459 79.7063 4
    endloop
  endfacet
  facet normal -0.382684 0.923879 0
    outer loop
      vertex 3.27606 79.346 4
      vertex 4.1459 79.7063 0
      vertex 3.27606 79.346 0
    endloop
  endfacet
  facet normal -0.97237 0.233444 0
    outer loop
      vertex 0.0738697 74.9386 0
      vertex 0.29366 75.8541 4
      vertex 0.29366 75.8541 0
    endloop
  endfacet
  facet normal -0.97237 0.233444 0
    outer loop
      vertex 0.29366 75.8541 4
      vertex 0.0738697 74.9386 0
      vertex 0.0738697 74.9386 4
    endloop
  endfacet
  facet normal 0.923873 0.382699 0
    outer loop
      vertex 79.7063 75.8541 4
      vertex 79.346 76.7239 0
      vertex 79.346 76.7239 4
    endloop
  endfacet
  facet normal 0.923873 0.382699 0
    outer loop
      vertex 79.346 76.7239 0
      vertex 79.7063 75.8541 4
      vertex 79.7063 75.8541 0
    endloop
  endfacet
  facet normal -0.522469 0.852658 0
    outer loop
      vertex 3.27606 79.346 0
      vertex 2.47329 78.8541 4
      vertex 3.27606 79.346 4
    endloop
  endfacet
  facet normal -0.522469 0.852658 0
    outer loop
      vertex 2.47329 78.8541 4
      vertex 3.27606 79.346 0
      vertex 2.47329 78.8541 0
    endloop
  endfacet
  facet normal 0.972368 0.233453 0
    outer loop
      vertex 79.9261 74.9386 4
      vertex 79.7063 75.8541 0
      vertex 79.7063 75.8541 4
    endloop
  endfacet
  facet normal 0.972368 0.233453 0
    outer loop
      vertex 79.7063 75.8541 0
      vertex 79.9261 74.9386 4
      vertex 79.9261 74.9386 0
    endloop
  endfacet
  facet normal -0.649471 0.760386 0
    outer loop
      vertex 2.47329 78.8541 0
      vertex 1.75736 78.2426 4
      vertex 2.47329 78.8541 4
    endloop
  endfacet
  facet normal -0.649471 0.760386 0
    outer loop
      vertex 1.75736 78.2426 4
      vertex 2.47329 78.8541 0
      vertex 1.75736 78.2426 0
    endloop
  endfacet
  facet normal -0.923873 0.382699 0
    outer loop
      vertex 0.29366 75.8541 0
      vertex 0.65396 76.7239 4
      vertex 0.65396 76.7239 0
    endloop
  endfacet
  facet normal -0.923873 0.382699 0
    outer loop
      vertex 0.65396 76.7239 4
      vertex 0.29366 75.8541 0
      vertex 0.29366 75.8541 4
    endloop
  endfacet
  facet normal -0.852648 0.522486 0
    outer loop
      vertex 0.65396 76.7239 0
      vertex 1.1459 77.5267 4
      vertex 1.1459 77.5267 0
    endloop
  endfacet
  facet normal -0.852648 0.522486 0
    outer loop
      vertex 1.1459 77.5267 4
      vertex 0.65396 76.7239 0
      vertex 0.65396 76.7239 4
    endloop
  endfacet
  facet normal -0.760394 0.649463 0
    outer loop
      vertex 1.1459 77.5267 0
      vertex 1.75736 78.2426 4
      vertex 1.75736 78.2426 0
    endloop
  endfacet
  facet normal -0.760394 0.649463 0
    outer loop
      vertex 1.75736 78.2426 4
      vertex 1.1459 77.5267 0
      vertex 1.1459 77.5267 4
    endloop
  endfacet
  facet normal 0.760373 0.649487 0
    outer loop
      vertex 78.8541 77.5267 4
      vertex 78.2426 78.2426 0
      vertex 78.2426 78.2426 4
    endloop
  endfacet
  facet normal 0.760373 0.649487 0
    outer loop
      vertex 78.2426 78.2426 0
      vertex 78.8541 77.5267 4
      vertex 78.8541 77.5267 0
    endloop
  endfacet
  facet normal 0.852667 0.522455 0
    outer loop
      vertex 79.346 76.7239 4
      vertex 78.8541 77.5267 0
      vertex 78.8541 77.5267 4
    endloop
  endfacet
  facet normal 0.852667 0.522455 0
    outer loop
      vertex 78.8541 77.5267 0
      vertex 79.346 76.7239 4
      vertex 79.346 76.7239 0
    endloop
  endfacet
  facet normal 0.0784914 0.996915 -0
    outer loop
      vertex 74.9386 79.9261 0
      vertex 74 80 4
      vertex 74.9386 79.9261 4
    endloop
  endfacet
  facet normal 0.0784914 0.996915 0
    outer loop
      vertex 74 80 4
      vertex 74.9386 79.9261 0
      vertex 74 80 0
    endloop
  endfacet
  facet normal 0.233453 0.972368 -0
    outer loop
      vertex 75.8541 79.7063 0
      vertex 74.9386 79.9261 4
      vertex 75.8541 79.7063 4
    endloop
  endfacet
  facet normal 0.233453 0.972368 0
    outer loop
      vertex 74.9386 79.9261 4
      vertex 75.8541 79.7063 0
      vertex 74.9386 79.9261 0
    endloop
  endfacet
  facet normal 0.382699 0.923873 -0
    outer loop
      vertex 76.7239 79.346 0
      vertex 75.8541 79.7063 4
      vertex 76.7239 79.346 4
    endloop
  endfacet
  facet normal 0.382699 0.923873 0
    outer loop
      vertex 75.8541 79.7063 4
      vertex 76.7239 79.346 0
      vertex 75.8541 79.7063 0
    endloop
  endfacet
  facet normal 0.522455 0.852667 -0
    outer loop
      vertex 77.5267 78.8541 0
      vertex 76.7239 79.346 4
      vertex 77.5267 78.8541 4
    endloop
  endfacet
  facet normal 0.522455 0.852667 0
    outer loop
      vertex 76.7239 79.346 4
      vertex 77.5267 78.8541 0
      vertex 76.7239 79.346 0
    endloop
  endfacet
  facet normal -0.233456 0.972367 0
    outer loop
      vertex 5.06139 79.9261 0
      vertex 4.1459 79.7063 4
      vertex 5.06139 79.9261 4
    endloop
  endfacet
  facet normal -0.233456 0.972367 0
    outer loop
      vertex 4.1459 79.7063 4
      vertex 5.06139 79.9261 0
      vertex 4.1459 79.7063 0
    endloop
  endfacet
  facet normal -0.0784905 0.996915 0
    outer loop
      vertex 6 80 0
      vertex 5.06139 79.9261 4
      vertex 6 80 4
    endloop
  endfacet
  facet normal -0.0784905 0.996915 0
    outer loop
      vertex 5.06139 79.9261 4
      vertex 6 80 0
      vertex 5.06139 79.9261 0
    endloop
  endfacet
  facet normal -0.996926 0.010904 0.0775861
    outer loop
      vertex 41.6791 44.0808 6.22156
      vertex 41.7 40.9489 6.93027
      vertex 41.7 44.1178 6.48491
    endloop
  endfacet
  facet normal -0.996926 0.0109034 0.0775833
    outer loop
      vertex 41.7 40.9489 6.93027
      vertex 41.6791 44.0808 6.22156
      vertex 41.6791 40.9119 6.66691
    endloop
  endfacet
  facet normal 1 0 0
    outer loop
      vertex 38.3 41.8535 13.367
      vertex 38.3 44.1178 6.48491
      vertex 38.3 45.0224 12.9217
    endloop
  endfacet
  facet normal 1 0 0
    outer loop
      vertex 38.3 44.1178 6.48491
      vertex 38.3 41.8535 13.367
      vertex 38.3 40.9489 6.93027
    endloop
  endfacet
  facet normal -0.923856 0.0532671 0.379015
    outer loop
      vertex 41.5147 44.0104 5.72064
      vertex 41.6168 40.8758 6.41005
      vertex 41.6168 44.0447 5.96469
    endloop
  endfacet
  facet normal -0.923862 0.0532641 0.379002
    outer loop
      vertex 41.6168 40.8758 6.41005
      vertex 41.5147 44.0104 5.72064
      vertex 41.5147 40.8415 6.16599
    endloop
  endfacet
  facet normal 0.923856 0.0532671 0.379015
    outer loop
      vertex 38.3832 40.8758 6.41005
      vertex 38.4853 44.0104 5.72064
      vertex 38.3832 44.0447 5.96469
    endloop
  endfacet
  facet normal 0.923862 0.0532641 0.379002
    outer loop
      vertex 38.4853 44.0104 5.72064
      vertex 38.3832 40.8758 6.41005
      vertex 38.4853 40.8415 6.16599
    endloop
  endfacet
  facet normal -1 0 0
    outer loop
      vertex 41.7 44.1178 6.48491
      vertex 41.7 41.8535 13.367
      vertex 41.7 45.0224 12.9217
    endloop
  endfacet
  facet normal -1 0 -0
    outer loop
      vertex 41.7 41.8535 13.367
      vertex 41.7 44.1178 6.48491
      vertex 41.7 40.9489 6.93027
    endloop
  endfacet
  facet normal 0.972349 0.0325009 0.231261
    outer loop
      vertex 38.3209 40.9119 6.66691
      vertex 38.3832 44.0447 5.96469
      vertex 38.3209 44.0808 6.22156
    endloop
  endfacet
  facet normal 0.972347 0.0325028 0.231269
    outer loop
      vertex 38.3832 44.0447 5.96469
      vertex 38.3209 40.9119 6.66691
      vertex 38.3832 40.8758 6.41005
    endloop
  endfacet
  facet normal 0.996926 0.010904 0.0775861
    outer loop
      vertex 38.3 40.9489 6.93027
      vertex 38.3209 44.0808 6.22156
      vertex 38.3 44.1178 6.48491
    endloop
  endfacet
  facet normal 0.996926 0.0109034 0.0775833
    outer loop
      vertex 38.3209 44.0808 6.22156
      vertex 38.3 40.9489 6.93027
      vertex 38.3209 40.9119 6.66691
    endloop
  endfacet
  facet normal -0.852619 0.0727209 0.517448
    outer loop
      vertex 41.3753 43.9787 5.4954
      vertex 41.5147 40.8415 6.16599
      vertex 41.5147 44.0104 5.72064
    endloop
  endfacet
  facet normal -0.852619 0.0727209 0.517448
    outer loop
      vertex 41.5147 40.8415 6.16599
      vertex 41.3753 43.9787 5.4954
      vertex 41.3753 40.8098 5.94075
    endloop
  endfacet
  facet normal 0.522596 0.118654 0.844284
    outer loop
      vertex 39.0008 40.7575 5.56832
      vertex 39.2282 43.907 4.98494
      vertex 39.0008 43.9264 5.12297
    endloop
  endfacet
  facet normal 0.522569 0.118659 0.8443
    outer loop
      vertex 39.2282 43.907 4.98494
      vertex 39.0008 40.7575 5.56832
      vertex 39.2282 40.7381 5.4303
    endloop
  endfacet
  facet normal -0.760483 0.0903712 0.643039
    outer loop
      vertex 41.2021 43.9505 5.29453
      vertex 41.3753 40.8098 5.94075
      vertex 41.3753 43.9787 5.4954
    endloop
  endfacet
  facet normal -0.760483 0.0903712 0.643039
    outer loop
      vertex 41.3753 40.8098 5.94075
      vertex 41.2021 43.9505 5.29453
      vertex 41.2021 40.7816 5.73988
    endloop
  endfacet
  facet normal -0.649343 0.105838 0.753095
    outer loop
      vertex 40.9992 43.9264 5.12297
      vertex 41.2021 40.7816 5.73988
      vertex 41.2021 43.9505 5.29453
    endloop
  endfacet
  facet normal -0.649343 0.105838 0.753095
    outer loop
      vertex 41.2021 40.7816 5.73988
      vertex 40.9992 43.9264 5.12297
      vertex 40.9992 40.7575 5.56832
    endloop
  endfacet
  facet normal -0.522596 0.118654 0.844284
    outer loop
      vertex 40.7718 43.907 4.98494
      vertex 40.9992 40.7575 5.56832
      vertex 40.9992 43.9264 5.12297
    endloop
  endfacet
  facet normal -0.522569 0.118659 0.8443
    outer loop
      vertex 40.9992 40.7575 5.56832
      vertex 40.7718 43.907 4.98494
      vertex 40.7718 40.7381 5.4303
    endloop
  endfacet
  facet normal 0.760483 0.0903712 0.643039
    outer loop
      vertex 38.6247 40.8098 5.94075
      vertex 38.7979 43.9505 5.29453
      vertex 38.6247 43.9787 5.4954
    endloop
  endfacet
  facet normal 0.760483 0.0903712 0.643039
    outer loop
      vertex 38.7979 43.9505 5.29453
      vertex 38.6247 40.8098 5.94075
      vertex 38.7979 40.7816 5.73988
    endloop
  endfacet
  facet normal 0.852619 0.0727209 0.517448
    outer loop
      vertex 38.4853 40.8415 6.16599
      vertex 38.6247 43.9787 5.4954
      vertex 38.4853 44.0104 5.72064
    endloop
  endfacet
  facet normal 0.852619 0.0727209 0.517448
    outer loop
      vertex 38.6247 43.9787 5.4954
      vertex 38.4853 40.8415 6.16599
      vertex 38.6247 40.8098 5.94075
    endloop
  endfacet
  facet normal 0.0784411 0.138744 0.987217
    outer loop
      vertex 39.7341 40.7152 5.26754
      vertex 40 43.8812 4.80146
      vertex 39.7341 43.8841 4.82218
    endloop
  endfacet
  facet normal 0.078478 0.138741 0.987214
    outer loop
      vertex 40 43.8812 4.80146
      vertex 39.7341 40.7152 5.26754
      vertex 40 40.7123 5.24681
    endloop
  endfacet
  facet normal 0.23346 0.135324 0.962904
    outer loop
      vertex 39.4747 40.7239 5.3292
      vertex 39.7341 43.8841 4.82218
      vertex 39.4747 43.8928 4.88385
    endloop
  endfacet
  facet normal 0.233425 0.135328 0.962912
    outer loop
      vertex 39.7341 43.8841 4.82218
      vertex 39.4747 40.7239 5.3292
      vertex 39.7341 40.7152 5.26754
    endloop
  endfacet
  facet normal -0.972349 0.0325009 0.231261
    outer loop
      vertex 41.6168 44.0447 5.96469
      vertex 41.6791 40.9119 6.66691
      vertex 41.6791 44.0808 6.22156
    endloop
  endfacet
  facet normal -0.972347 0.0325028 0.231269
    outer loop
      vertex 41.6791 40.9119 6.66691
      vertex 41.6168 44.0447 5.96469
      vertex 41.6168 40.8758 6.41005
    endloop
  endfacet
  facet normal -0.0784411 0.138744 0.987217
    outer loop
      vertex 40 43.8812 4.80146
      vertex 40.2659 40.7152 5.26754
      vertex 40.2659 43.8841 4.82218
    endloop
  endfacet
  facet normal -0.078478 0.138741 0.987214
    outer loop
      vertex 40.2659 40.7152 5.26754
      vertex 40 43.8812 4.80146
      vertex 40 40.7123 5.24681
    endloop
  endfacet
  facet normal -0.382616 0.128583 0.914916
    outer loop
      vertex 40.5253 43.8928 4.88385
      vertex 40.7718 40.7381 5.4303
      vertex 40.7718 43.907 4.98494
    endloop
  endfacet
  facet normal -0.382647 0.128578 0.914904
    outer loop
      vertex 40.7718 40.7381 5.4303
      vertex 40.5253 43.8928 4.88385
      vertex 40.5253 40.7239 5.3292
    endloop
  endfacet
  facet normal 0.649343 0.105838 0.753095
    outer loop
      vertex 38.7979 40.7816 5.73988
      vertex 39.0008 43.9264 5.12297
      vertex 38.7979 43.9505 5.29453
    endloop
  endfacet
  facet normal 0.649343 0.105838 0.753095
    outer loop
      vertex 39.0008 43.9264 5.12297
      vertex 38.7979 40.7816 5.73988
      vertex 39.0008 40.7575 5.56832
    endloop
  endfacet
  facet normal 0.382616 0.128583 0.914916
    outer loop
      vertex 39.2282 40.7381 5.4303
      vertex 39.4747 43.8928 4.88385
      vertex 39.2282 43.907 4.98494
    endloop
  endfacet
  facet normal 0.382647 0.128578 0.914904
    outer loop
      vertex 39.4747 43.8928 4.88385
      vertex 39.2282 40.7381 5.4303
      vertex 39.4747 40.7239 5.3292
    endloop
  endfacet
  facet normal -0.23346 0.135324 0.962904
    outer loop
      vertex 40.2659 43.8841 4.82218
      vertex 40.5253 40.7239 5.3292
      vertex 40.5253 43.8928 4.88385
    endloop
  endfacet
  facet normal -0.233425 0.135328 0.962912
    outer loop
      vertex 40.5253 40.7239 5.3292
      vertex 40.2659 43.8841 4.82218
      vertex 40.2659 40.7152 5.26754
    endloop
  endfacet
  facet normal 0.996916 0.0109201 0.0777111
    outer loop
      vertex 26.5 42.3406 16.8329
      vertex 26.5431 45.4333 15.8454
      vertex 26.5 45.5095 16.3876
    endloop
  endfacet
  facet normal 0.996915 0.0109245 0.0777248
    outer loop
      vertex 26.5431 45.4333 15.8454
      vertex 26.5 42.3406 16.8329
      vertex 26.5431 42.2644 16.2908
    endloop
  endfacet
  facet normal 0.97237 0.032492 0.231172
    outer loop
      vertex 26.5431 42.2644 16.2908
      vertex 26.6713 45.359 15.3166
      vertex 26.5431 45.4333 15.8454
    endloop
  endfacet
  facet normal 0.97238 0.0324792 0.231132
    outer loop
      vertex 26.6713 45.359 15.3166
      vertex 26.5431 42.2644 16.2908
      vertex 26.6713 42.1901 15.7619
    endloop
  endfacet
  facet normal 0.852681 0.0726988 0.517348
    outer loop
      vertex 26.8815 42.1195 15.2594
      vertex 27.1684 45.2232 14.3504
      vertex 26.8815 45.2884 14.8141
    endloop
  endfacet
  facet normal 0.852681 0.0726988 0.517348
    outer loop
      vertex 27.1684 45.2232 14.3504
      vertex 26.8815 42.1195 15.2594
      vertex 27.1684 42.0543 14.7957
    endloop
  endfacet
  facet normal -0.233472 0.135313 0.962903
    outer loop
      vertex 50.5475 45.0284 12.9643
      vertex 51.0816 41.8774 13.5366
      vertex 51.0816 45.0462 13.0913
    endloop
  endfacet
  facet normal -0.233325 0.135344 0.962934
    outer loop
      vertex 51.0816 41.8774 13.5366
      vertex 50.5475 45.0284 12.9643
      vertex 50.5475 41.8595 13.4097
    endloop
  endfacet
  facet normal -0.923871 -0.0532568 -0.378981
    outer loop
      vertex 53.3287 45.66 17.4586
      vertex 53.1185 42.5618 18.4064
      vertex 53.1185 45.7306 17.9611
    endloop
  endfacet
  facet normal -0.923844 -0.0532774 -0.379042
    outer loop
      vertex 53.1185 42.5618 18.4064
      vertex 53.3287 45.66 17.4586
      vertex 53.3287 42.4912 17.904
    endloop
  endfacet
  facet normal 0.923871 0.0532551 0.378981
    outer loop
      vertex 26.6713 42.1901 15.7619
      vertex 26.8815 45.2884 14.8141
      vertex 26.6713 45.359 15.3166
    endloop
  endfacet
  facet normal 0.923871 0.0532551 0.378981
    outer loop
      vertex 26.8815 45.2884 14.8141
      vertex 26.6713 42.1901 15.7619
      vertex 26.8815 42.1195 15.2594
    endloop
  endfacet
  facet normal 0.522596 0.118644 0.844285
    outer loop
      vertex 27.9428 41.9466 14.0289
      vertex 28.411 45.0755 13.2994
      vertex 27.9428 45.1154 13.5836
    endloop
  endfacet
  facet normal 0.522484 0.118676 0.84435
    outer loop
      vertex 28.411 45.0755 13.2994
      vertex 27.9428 41.9466 14.0289
      vertex 28.411 41.9066 13.7448
    endloop
  endfacet
  facet normal -0.97237 0.032492 0.231172
    outer loop
      vertex 53.3287 45.359 15.3166
      vertex 53.4569 42.2644 16.2908
      vertex 53.4569 45.4333 15.8454
    endloop
  endfacet
  facet normal -0.97238 0.0324792 0.231132
    outer loop
      vertex 53.4569 42.2644 16.2908
      vertex 53.3287 45.359 15.3166
      vertex 53.3287 42.1901 15.7619
    endloop
  endfacet
  facet normal -0.0785139 -0.138729 -0.987213
    outer loop
      vertex 50 42.8278 20.2989
      vertex 50.5475 45.9906 19.8109
      vertex 50.5475 42.8218 20.2562
    endloop
  endfacet
  facet normal -0.0783347 -0.138762 -0.987223
    outer loop
      vertex 50.5475 45.9906 19.8109
      vertex 50 42.8278 20.2989
      vertex 50 45.9966 19.8535
    endloop
  endfacet
  facet normal 0 -0.13919 -0.990266
    outer loop
      vertex 30 42.8278 20.2989
      vertex 50 45.9966 19.8535
      vertex 50 42.8278 20.2989
    endloop
  endfacet
  facet normal -0 -0.13919 -0.990266
    outer loop
      vertex 50 45.9966 19.8535
      vertex 30 42.8278 20.2989
      vertex 30 45.9966 19.8535
    endloop
  endfacet
  facet normal -0.996916 -0.0109201 -0.0777111
    outer loop
      vertex 53.5 45.5095 16.3876
      vertex 53.4569 42.4168 17.3751
      vertex 53.4569 45.5857 16.9298
    endloop
  endfacet
  facet normal -0.996916 -0.0109201 -0.0777111
    outer loop
      vertex 53.4569 42.4168 17.3751
      vertex 53.5 45.5095 16.3876
      vertex 53.5 42.3406 16.8329
    endloop
  endfacet
  facet normal 0.76042 0.0903714 0.643113
    outer loop
      vertex 27.1684 42.0543 14.7957
      vertex 27.5251 45.1651 13.9368
      vertex 27.1684 45.2232 14.3504
    endloop
  endfacet
  facet normal 0.760344 0.0904037 0.643198
    outer loop
      vertex 27.5251 45.1651 13.9368
      vertex 27.1684 42.0543 14.7957
      vertex 27.5251 41.9962 14.3822
    endloop
  endfacet
  facet normal 0.649374 0.105846 0.753067
    outer loop
      vertex 27.5251 41.9962 14.3822
      vertex 27.9428 45.1154 13.5836
      vertex 27.5251 45.1651 13.9368
    endloop
  endfacet
  facet normal 0.649464 0.105815 0.752994
    outer loop
      vertex 27.9428 45.1154 13.5836
      vertex 27.5251 41.9962 14.3822
      vertex 27.9428 41.9466 14.0289
    endloop
  endfacet
  facet normal -0 0.139155 0.990271
    outer loop
      vertex 30 45.0224 12.9217
      vertex 38.3 41.8535 13.367
      vertex 38.3 45.0224 12.9217
    endloop
  endfacet
  facet normal 0 0.139155 0.990271
    outer loop
      vertex 38.3 41.8535 13.367
      vertex 30 45.0224 12.9217
      vertex 30 41.8535 13.367
    endloop
  endfacet
  facet normal -0 0.139155 0.990271
    outer loop
      vertex 41.7 45.0224 12.9217
      vertex 50 41.8535 13.367
      vertex 50 45.0224 12.9217
    endloop
  endfacet
  facet normal 0 0.139155 0.990271
    outer loop
      vertex 50 41.8535 13.367
      vertex 41.7 45.0224 12.9217
      vertex 41.7 41.8535 13.367
    endloop
  endfacet
  facet normal -0.0783347 0.138758 0.987223
    outer loop
      vertex 50 45.0224 12.9217
      vertex 50.5475 41.8595 13.4097
      vertex 50.5475 45.0284 12.9643
    endloop
  endfacet
  facet normal -0.0785139 0.138725 0.987214
    outer loop
      vertex 50.5475 41.8595 13.4097
      vertex 50 45.0224 12.9217
      vertex 50 41.8535 13.367
    endloop
  endfacet
  facet normal -0.996916 0.0109201 0.0777111
    outer loop
      vertex 53.4569 45.4333 15.8454
      vertex 53.5 42.3406 16.8329
      vertex 53.5 45.5095 16.3876
    endloop
  endfacet
  facet normal -0.996915 0.0109245 0.0777248
    outer loop
      vertex 53.5 42.3406 16.8329
      vertex 53.4569 45.4333 15.8454
      vertex 53.4569 42.2644 16.2908
    endloop
  endfacet
  facet normal -0.852681 0.0726988 0.517348
    outer loop
      vertex 52.8316 45.2232 14.3504
      vertex 53.1185 42.1195 15.2594
      vertex 53.1185 45.2884 14.8141
    endloop
  endfacet
  facet normal -0.852681 0.0726988 0.517348
    outer loop
      vertex 53.1185 42.1195 15.2594
      vertex 52.8316 45.2232 14.3504
      vertex 52.8316 42.0543 14.7957
    endloop
  endfacet
  facet normal -0.923871 0.0532551 0.378981
    outer loop
      vertex 53.1185 45.2884 14.8141
      vertex 53.3287 42.1901 15.7619
      vertex 53.3287 45.359 15.3166
    endloop
  endfacet
  facet normal -0.923871 0.0532551 0.378981
    outer loop
      vertex 53.3287 42.1901 15.7619
      vertex 53.1185 45.2884 14.8141
      vertex 53.1185 42.1195 15.2594
    endloop
  endfacet
  facet normal -0.649374 0.105846 0.753067
    outer loop
      vertex 52.0572 45.1154 13.5836
      vertex 52.4749 41.9962 14.3822
      vertex 52.4749 45.1651 13.9368
    endloop
  endfacet
  facet normal -0.649464 0.105815 0.752994
    outer loop
      vertex 52.4749 41.9962 14.3822
      vertex 52.0572 45.1154 13.5836
      vertex 52.0572 41.9466 14.0289
    endloop
  endfacet
  facet normal -0.76042 0.0903714 0.643113
    outer loop
      vertex 52.4749 45.1651 13.9368
      vertex 52.8316 42.0543 14.7957
      vertex 52.8316 45.2232 14.3504
    endloop
  endfacet
  facet normal -0.760344 0.0904037 0.643198
    outer loop
      vertex 52.8316 42.0543 14.7957
      vertex 52.4749 45.1651 13.9368
      vertex 52.4749 41.9962 14.3822
    endloop
  endfacet
  facet normal -0.382653 0.128592 0.914899
    outer loop
      vertex 51.0816 45.0462 13.0913
      vertex 51.589 41.9066 13.7448
      vertex 51.589 45.0755 13.2994
    endloop
  endfacet
  facet normal -0.382786 0.12856 0.914848
    outer loop
      vertex 51.589 41.9066 13.7448
      vertex 51.0816 45.0462 13.0913
      vertex 51.0816 41.8774 13.5366
    endloop
  endfacet
  facet normal -0.852681 -0.072717 -0.517346
    outer loop
      vertex 53.1185 45.7306 17.9611
      vertex 52.8316 42.627 18.8702
      vertex 52.8316 45.7958 18.4248
    endloop
  endfacet
  facet normal -0.852731 -0.0726898 -0.517268
    outer loop
      vertex 52.8316 42.627 18.8702
      vertex 53.1185 45.7306 17.9611
      vertex 53.1185 42.5618 18.4064
    endloop
  endfacet
  facet normal -0.233496 -0.135308 -0.962897
    outer loop
      vertex 50.5475 42.8218 20.2562
      vertex 51.0816 45.9728 19.6839
      vertex 51.0816 42.8039 20.1292
    endloop
  endfacet
  facet normal -0.233472 -0.135313 -0.962903
    outer loop
      vertex 51.0816 45.9728 19.6839
      vertex 50.5475 42.8218 20.2562
      vertex 50.5475 45.9906 19.8109
    endloop
  endfacet
  facet normal -0.382632 -0.128569 -0.914911
    outer loop
      vertex 51.0816 42.8039 20.1292
      vertex 51.589 45.9435 19.4758
      vertex 51.589 42.7747 19.9211
    endloop
  endfacet
  facet normal -0.382653 -0.128564 -0.914903
    outer loop
      vertex 51.589 45.9435 19.4758
      vertex 51.0816 42.8039 20.1292
      vertex 51.0816 45.9728 19.6839
    endloop
  endfacet
  facet normal -0.522615 -0.118639 -0.844274
    outer loop
      vertex 51.589 42.7747 19.9211
      vertex 52.0572 45.9036 19.1916
      vertex 52.0572 42.7347 19.6369
    endloop
  endfacet
  facet normal -0.522596 -0.118644 -0.844285
    outer loop
      vertex 52.0572 45.9036 19.1916
      vertex 51.589 42.7747 19.9211
      vertex 51.589 45.9435 19.4758
    endloop
  endfacet
  facet normal 0.0783347 0.138758 0.987223
    outer loop
      vertex 29.4525 41.8595 13.4097
      vertex 30 45.0224 12.9217
      vertex 29.4525 45.0284 12.9643
    endloop
  endfacet
  facet normal 0.0785139 0.138725 0.987214
    outer loop
      vertex 30 45.0224 12.9217
      vertex 29.4525 41.8595 13.4097
      vertex 30 41.8535 13.367
    endloop
  endfacet
  facet normal -0.522596 0.118644 0.844285
    outer loop
      vertex 51.589 45.0755 13.2994
      vertex 52.0572 41.9466 14.0289
      vertex 52.0572 45.1154 13.5836
    endloop
  endfacet
  facet normal -0.522484 0.118676 0.84435
    outer loop
      vertex 52.0572 41.9466 14.0289
      vertex 51.589 45.0755 13.2994
      vertex 51.589 41.9066 13.7448
    endloop
  endfacet
  facet normal -0.97237 -0.032493 -0.231172
    outer loop
      vertex 53.4569 45.5857 16.9298
      vertex 53.3287 42.4912 17.904
      vertex 53.3287 45.66 17.4586
    endloop
  endfacet
  facet normal -0.972381 -0.0324784 -0.231127
    outer loop
      vertex 53.3287 42.4912 17.904
      vertex 53.4569 45.5857 16.9298
      vertex 53.4569 42.4168 17.3751
    endloop
  endfacet
  facet normal -0.76042 -0.0903742 -0.643112
    outer loop
      vertex 52.8316 45.7958 18.4248
      vertex 52.4749 42.6851 19.2837
      vertex 52.4749 45.8539 18.8384
    endloop
  endfacet
  facet normal -0.760344 -0.0904065 -0.643198
    outer loop
      vertex 52.4749 42.6851 19.2837
      vertex 52.8316 45.7958 18.4248
      vertex 52.8316 42.627 18.8702
    endloop
  endfacet
  facet normal -0.64936 -0.105828 -0.753082
    outer loop
      vertex 52.0572 42.7347 19.6369
      vertex 52.4749 45.8539 18.8384
      vertex 52.4749 42.6851 19.2837
    endloop
  endfacet
  facet normal -0.649374 -0.105823 -0.75307
    outer loop
      vertex 52.4749 45.8539 18.8384
      vertex 52.0572 42.7347 19.6369
      vertex 52.0572 45.9036 19.1916
    endloop
  endfacet
  facet normal 0.0785139 -0.138729 -0.987213
    outer loop
      vertex 29.4525 45.9906 19.8109
      vertex 30 42.8278 20.2989
      vertex 29.4525 42.8218 20.2562
    endloop
  endfacet
  facet normal 0.0783347 -0.138762 -0.987223
    outer loop
      vertex 30 42.8278 20.2989
      vertex 29.4525 45.9906 19.8109
      vertex 30 45.9966 19.8535
    endloop
  endfacet
  facet normal 0.522615 -0.118639 -0.844274
    outer loop
      vertex 27.9428 45.9036 19.1916
      vertex 28.411 42.7747 19.9211
      vertex 27.9428 42.7347 19.6369
    endloop
  endfacet
  facet normal 0.522596 -0.118644 -0.844285
    outer loop
      vertex 28.411 42.7747 19.9211
      vertex 27.9428 45.9036 19.1916
      vertex 28.411 45.9435 19.4758
    endloop
  endfacet
  facet normal 0.382653 0.128592 0.914899
    outer loop
      vertex 28.411 41.9066 13.7448
      vertex 28.9184 45.0462 13.0913
      vertex 28.411 45.0755 13.2994
    endloop
  endfacet
  facet normal 0.382786 0.12856 0.914848
    outer loop
      vertex 28.9184 45.0462 13.0913
      vertex 28.411 41.9066 13.7448
      vertex 28.9184 41.8774 13.5366
    endloop
  endfacet
  facet normal 0.233472 0.135313 0.962903
    outer loop
      vertex 28.9184 41.8774 13.5366
      vertex 29.4525 45.0284 12.9643
      vertex 28.9184 45.0462 13.0913
    endloop
  endfacet
  facet normal 0.233325 0.135344 0.962934
    outer loop
      vertex 29.4525 45.0284 12.9643
      vertex 28.9184 41.8774 13.5366
      vertex 29.4525 41.8595 13.4097
    endloop
  endfacet
  facet normal 0.382632 -0.128569 -0.914911
    outer loop
      vertex 28.411 45.9435 19.4758
      vertex 28.9184 42.8039 20.1292
      vertex 28.411 42.7747 19.9211
    endloop
  endfacet
  facet normal 0.382653 -0.128564 -0.914903
    outer loop
      vertex 28.9184 42.8039 20.1292
      vertex 28.411 45.9435 19.4758
      vertex 28.9184 45.9728 19.6839
    endloop
  endfacet
  facet normal 0.64936 -0.105828 -0.753082
    outer loop
      vertex 27.5251 45.8539 18.8384
      vertex 27.9428 42.7347 19.6369
      vertex 27.5251 42.6851 19.2837
    endloop
  endfacet
  facet normal 0.649374 -0.105823 -0.75307
    outer loop
      vertex 27.9428 42.7347 19.6369
      vertex 27.5251 45.8539 18.8384
      vertex 27.9428 45.9036 19.1916
    endloop
  endfacet
  facet normal 0.996916 -0.0109201 -0.0777111
    outer loop
      vertex 26.5431 42.4168 17.3751
      vertex 26.5 45.5095 16.3876
      vertex 26.5431 45.5857 16.9298
    endloop
  endfacet
  facet normal 0.996916 -0.0109201 -0.0777111
    outer loop
      vertex 26.5 45.5095 16.3876
      vertex 26.5431 42.4168 17.3751
      vertex 26.5 42.3406 16.8329
    endloop
  endfacet
  facet normal 0.97237 -0.032493 -0.231172
    outer loop
      vertex 26.6713 42.4912 17.904
      vertex 26.5431 45.5857 16.9298
      vertex 26.6713 45.66 17.4586
    endloop
  endfacet
  facet normal 0.972381 -0.0324784 -0.231127
    outer loop
      vertex 26.5431 45.5857 16.9298
      vertex 26.6713 42.4912 17.904
      vertex 26.5431 42.4168 17.3751
    endloop
  endfacet
  facet normal 0.852681 -0.072717 -0.517346
    outer loop
      vertex 27.1684 42.627 18.8702
      vertex 26.8815 45.7306 17.9611
      vertex 27.1684 45.7958 18.4248
    endloop
  endfacet
  facet normal 0.852731 -0.0726898 -0.517268
    outer loop
      vertex 26.8815 45.7306 17.9611
      vertex 27.1684 42.627 18.8702
      vertex 26.8815 42.5618 18.4064
    endloop
  endfacet
  facet normal 0.923871 -0.0532568 -0.378981
    outer loop
      vertex 26.8815 42.5618 18.4064
      vertex 26.6713 45.66 17.4586
      vertex 26.8815 45.7306 17.9611
    endloop
  endfacet
  facet normal 0.923844 -0.0532774 -0.379042
    outer loop
      vertex 26.6713 45.66 17.4586
      vertex 26.8815 42.5618 18.4064
      vertex 26.6713 42.4912 17.904
    endloop
  endfacet
  facet normal 0.76042 -0.0903742 -0.643112
    outer loop
      vertex 27.5251 42.6851 19.2837
      vertex 27.1684 45.7958 18.4248
      vertex 27.5251 45.8539 18.8384
    endloop
  endfacet
  facet normal 0.760344 -0.0904065 -0.643198
    outer loop
      vertex 27.1684 45.7958 18.4248
      vertex 27.5251 42.6851 19.2837
      vertex 27.1684 42.627 18.8702
    endloop
  endfacet
  facet normal 0.233496 -0.135308 -0.962897
    outer loop
      vertex 28.9184 45.9728 19.6839
      vertex 29.4525 42.8218 20.2562
      vertex 28.9184 42.8039 20.1292
    endloop
  endfacet
  facet normal 0.233472 -0.135313 -0.962903
    outer loop
      vertex 29.4525 42.8218 20.2562
      vertex 28.9184 45.9728 19.6839
      vertex 29.4525 45.9906 19.8109
    endloop
  endfacet
  facet normal -0.996918 -0.0784506 0
    outer loop
      vertex 42.25 64 0
      vertex 42.2223 64.352 0.799999
      vertex 42.2223 64.352 0
    endloop
  endfacet
  facet normal -0.996918 -0.0784506 0
    outer loop
      vertex 42.2223 64.352 0.799999
      vertex 42.25 64 0
      vertex 42.25 64 0.799999
    endloop
  endfacet
  facet normal -0.996918 -0.0784506 0
    outer loop
      vertex 42.25 64 3.2
      vertex 42.2223 64.352 4
      vertex 42.2223 64.352 3.2
    endloop
  endfacet
  facet normal -0.996918 -0.0784506 0
    outer loop
      vertex 42.2223 64.352 4
      vertex 42.25 64 3.2
      vertex 42.25 64 4
    endloop
  endfacet
  facet normal 0.996918 -0.0784506 0
    outer loop
      vertex 37.75 64 0.799999
      vertex 37.7777 64.352 0
      vertex 37.7777 64.352 0.799999
    endloop
  endfacet
  facet normal 0.996918 -0.0784506 0
    outer loop
      vertex 37.7777 64.352 0
      vertex 37.75 64 0.799999
      vertex 37.75 64 0
    endloop
  endfacet
  facet normal 0.996918 -0.0784506 0
    outer loop
      vertex 37.75 64 4
      vertex 37.7777 64.352 3.2
      vertex 37.7777 64.352 4
    endloop
  endfacet
  facet normal 0.996918 -0.0784506 0
    outer loop
      vertex 37.7777 64.352 3.2
      vertex 37.75 64 4
      vertex 37.75 64 3.2
    endloop
  endfacet
  facet normal -0.0784506 -0.996918 0
    outer loop
      vertex 40 66.25 0
      vertex 40.352 66.2223 0.799999
      vertex 40 66.25 0.799999
    endloop
  endfacet
  facet normal -0.0784506 -0.996918 -0
    outer loop
      vertex 40.352 66.2223 0.799999
      vertex 40 66.25 0
      vertex 40.352 66.2223 0
    endloop
  endfacet
  facet normal -0.0784506 -0.996918 0
    outer loop
      vertex 40 66.25 3.2
      vertex 40.352 66.2223 4
      vertex 40 66.25 4
    endloop
  endfacet
  facet normal -0.0784506 -0.996918 -0
    outer loop
      vertex 40.352 66.2223 4
      vertex 40 66.25 3.2
      vertex 40.352 66.2223 3.2
    endloop
  endfacet
  facet normal -0.760435 -0.649414 0
    outer loop
      vertex 41.8203 65.3225 0
      vertex 41.591 65.591 0.799999
      vertex 41.591 65.591 0
    endloop
  endfacet
  facet normal -0.760435 -0.649414 0
    outer loop
      vertex 41.591 65.591 0.799999
      vertex 41.8203 65.3225 0
      vertex 41.8203 65.3225 0.799999
    endloop
  endfacet
  facet normal -0.760435 -0.649414 0
    outer loop
      vertex 41.8203 65.3225 3.2
      vertex 41.591 65.591 4
      vertex 41.591 65.591 3.2
    endloop
  endfacet
  facet normal -0.760435 -0.649414 0
    outer loop
      vertex 41.591 65.591 4
      vertex 41.8203 65.3225 3.2
      vertex 41.8203 65.3225 4
    endloop
  endfacet
  facet normal 0.649414 -0.760435 0
    outer loop
      vertex 38.409 65.591 0
      vertex 38.6775 65.8203 0.799999
      vertex 38.409 65.591 0.799999
    endloop
  endfacet
  facet normal 0.649414 -0.760435 0
    outer loop
      vertex 38.6775 65.8203 0.799999
      vertex 38.409 65.591 0
      vertex 38.6775 65.8203 0
    endloop
  endfacet
  facet normal 0.649414 -0.760435 0
    outer loop
      vertex 38.409 65.591 3.2
      vertex 38.6775 65.8203 4
      vertex 38.409 65.591 4
    endloop
  endfacet
  facet normal 0.649414 -0.760435 0
    outer loop
      vertex 38.6775 65.8203 4
      vertex 38.409 65.591 3.2
      vertex 38.6775 65.8203 3.2
    endloop
  endfacet
  facet normal 0.382644 -0.923896 0
    outer loop
      vertex 38.9785 66.0048 0
      vertex 39.3047 66.1399 0.799999
      vertex 38.9785 66.0048 0.799999
    endloop
  endfacet
  facet normal 0.382644 -0.923896 0
    outer loop
      vertex 39.3047 66.1399 0.799999
      vertex 38.9785 66.0048 0
      vertex 39.3047 66.1399 0
    endloop
  endfacet
  facet normal 0.382644 -0.923896 0
    outer loop
      vertex 38.9785 66.0048 3.2
      vertex 39.3047 66.1399 4
      vertex 38.9785 66.0048 4
    endloop
  endfacet
  facet normal 0.382644 -0.923896 0
    outer loop
      vertex 39.3047 66.1399 4
      vertex 38.9785 66.0048 3.2
      vertex 39.3047 66.1399 3.2
    endloop
  endfacet
  facet normal 0.923896 0.382644 0
    outer loop
      vertex 37.9952 62.9785 0.799999
      vertex 37.8601 63.3047 0
      vertex 37.8601 63.3047 0.799999
    endloop
  endfacet
  facet normal 0.923896 0.382644 0
    outer loop
      vertex 37.8601 63.3047 0
      vertex 37.9952 62.9785 0.799999
      vertex 37.9952 62.9785 0
    endloop
  endfacet
  facet normal 0.923896 0.382644 0
    outer loop
      vertex 37.9952 62.9785 4
      vertex 37.8601 63.3047 3.2
      vertex 37.8601 63.3047 4
    endloop
  endfacet
  facet normal 0.923896 0.382644 0
    outer loop
      vertex 37.8601 63.3047 3.2
      vertex 37.9952 62.9785 4
      vertex 37.9952 62.9785 3.2
    endloop
  endfacet
  facet normal -0.923896 -0.382644 0
    outer loop
      vertex 42.1399 64.6953 0
      vertex 42.0048 65.0215 0.799999
      vertex 42.0048 65.0215 0
    endloop
  endfacet
  facet normal -0.923896 -0.382644 0
    outer loop
      vertex 42.0048 65.0215 0.799999
      vertex 42.1399 64.6953 0
      vertex 42.1399 64.6953 0.799999
    endloop
  endfacet
  facet normal -0.923896 -0.382644 0
    outer loop
      vertex 42.1399 64.6953 3.2
      vertex 42.0048 65.0215 4
      vertex 42.0048 65.0215 3.2
    endloop
  endfacet
  facet normal -0.923896 -0.382644 0
    outer loop
      vertex 42.0048 65.0215 4
      vertex 42.1399 64.6953 3.2
      vertex 42.1399 64.6953 4
    endloop
  endfacet
  facet normal -0.972382 -0.233394 0
    outer loop
      vertex 42.2223 64.352 0
      vertex 42.1399 64.6953 0.799999
      vertex 42.1399 64.6953 0
    endloop
  endfacet
  facet normal -0.972382 -0.233394 0
    outer loop
      vertex 42.1399 64.6953 0.799999
      vertex 42.2223 64.352 0
      vertex 42.2223 64.352 0.799999
    endloop
  endfacet
  facet normal -0.972382 -0.233394 0
    outer loop
      vertex 42.2223 64.352 3.2
      vertex 42.1399 64.6953 4
      vertex 42.1399 64.6953 3.2
    endloop
  endfacet
  facet normal -0.972382 -0.233394 0
    outer loop
      vertex 42.1399 64.6953 4
      vertex 42.2223 64.352 3.2
      vertex 42.2223 64.352 4
    endloop
  endfacet
  facet normal -0.852581 -0.522595 0
    outer loop
      vertex 42.0048 65.0215 0
      vertex 41.8203 65.3225 0.799999
      vertex 41.8203 65.3225 0
    endloop
  endfacet
  facet normal -0.852581 -0.522595 0
    outer loop
      vertex 41.8203 65.3225 0.799999
      vertex 42.0048 65.0215 0
      vertex 42.0048 65.0215 0.799999
    endloop
  endfacet
  facet normal -0.852581 -0.522595 0
    outer loop
      vertex 42.0048 65.0215 3.2
      vertex 41.8203 65.3225 4
      vertex 41.8203 65.3225 3.2
    endloop
  endfacet
  facet normal -0.852581 -0.522595 0
    outer loop
      vertex 41.8203 65.3225 4
      vertex 42.0048 65.0215 3.2
      vertex 42.0048 65.0215 4
    endloop
  endfacet
  facet normal -0.522595 -0.852581 0
    outer loop
      vertex 41.0215 66.0048 0
      vertex 41.3225 65.8203 0.799999
      vertex 41.0215 66.0048 0.799999
    endloop
  endfacet
  facet normal -0.522595 -0.852581 -0
    outer loop
      vertex 41.3225 65.8203 0.799999
      vertex 41.0215 66.0048 0
      vertex 41.3225 65.8203 0
    endloop
  endfacet
  facet normal -0.522595 -0.852581 0
    outer loop
      vertex 41.0215 66.0048 3.2
      vertex 41.3225 65.8203 4
      vertex 41.0215 66.0048 4
    endloop
  endfacet
  facet normal -0.522595 -0.852581 -0
    outer loop
      vertex 41.3225 65.8203 4
      vertex 41.0215 66.0048 3.2
      vertex 41.3225 65.8203 3.2
    endloop
  endfacet
  facet normal -0.649414 -0.760435 0
    outer loop
      vertex 41.3225 65.8203 0
      vertex 41.591 65.591 0.799999
      vertex 41.3225 65.8203 0.799999
    endloop
  endfacet
  facet normal -0.649414 -0.760435 -0
    outer loop
      vertex 41.591 65.591 0.799999
      vertex 41.3225 65.8203 0
      vertex 41.591 65.591 0
    endloop
  endfacet
  facet normal -0.649414 -0.760435 0
    outer loop
      vertex 41.3225 65.8203 3.2
      vertex 41.591 65.591 4
      vertex 41.3225 65.8203 4
    endloop
  endfacet
  facet normal -0.649414 -0.760435 -0
    outer loop
      vertex 41.591 65.591 4
      vertex 41.3225 65.8203 3.2
      vertex 41.591 65.591 3.2
    endloop
  endfacet
  facet normal 0.852581 -0.522595 0
    outer loop
      vertex 37.9952 65.0215 0.799999
      vertex 38.1797 65.3225 0
      vertex 38.1797 65.3225 0.799999
    endloop
  endfacet
  facet normal 0.852581 -0.522595 0
    outer loop
      vertex 38.1797 65.3225 0
      vertex 37.9952 65.0215 0.799999
      vertex 37.9952 65.0215 0
    endloop
  endfacet
  facet normal 0.852581 -0.522595 0
    outer loop
      vertex 37.9952 65.0215 4
      vertex 38.1797 65.3225 3.2
      vertex 38.1797 65.3225 4
    endloop
  endfacet
  facet normal 0.852581 -0.522595 0
    outer loop
      vertex 38.1797 65.3225 3.2
      vertex 37.9952 65.0215 4
      vertex 37.9952 65.0215 3.2
    endloop
  endfacet
  facet normal 0.760435 -0.649414 0
    outer loop
      vertex 38.1797 65.3225 0.799999
      vertex 38.409 65.591 0
      vertex 38.409 65.591 0.799999
    endloop
  endfacet
  facet normal 0.760435 -0.649414 0
    outer loop
      vertex 38.409 65.591 0
      vertex 38.1797 65.3225 0.799999
      vertex 38.1797 65.3225 0
    endloop
  endfacet
  facet normal 0.760435 -0.649414 0
    outer loop
      vertex 38.1797 65.3225 4
      vertex 38.409 65.591 3.2
      vertex 38.409 65.591 4
    endloop
  endfacet
  facet normal 0.760435 -0.649414 0
    outer loop
      vertex 38.409 65.591 3.2
      vertex 38.1797 65.3225 4
      vertex 38.1797 65.3225 3.2
    endloop
  endfacet
  facet normal 0.522595 -0.852581 0
    outer loop
      vertex 38.6775 65.8203 0
      vertex 38.9785 66.0048 0.799999
      vertex 38.6775 65.8203 0.799999
    endloop
  endfacet
  facet normal 0.522595 -0.852581 0
    outer loop
      vertex 38.9785 66.0048 0.799999
      vertex 38.6775 65.8203 0
      vertex 38.9785 66.0048 0
    endloop
  endfacet
  facet normal 0.522595 -0.852581 0
    outer loop
      vertex 38.6775 65.8203 3.2
      vertex 38.9785 66.0048 4
      vertex 38.6775 65.8203 4
    endloop
  endfacet
  facet normal 0.522595 -0.852581 0
    outer loop
      vertex 38.9785 66.0048 4
      vertex 38.6775 65.8203 3.2
      vertex 38.9785 66.0048 3.2
    endloop
  endfacet
  facet normal 0.0784506 -0.996918 0
    outer loop
      vertex 39.648 66.2223 0
      vertex 40 66.25 0.799999
      vertex 39.648 66.2223 0.799999
    endloop
  endfacet
  facet normal 0.0784506 -0.996918 0
    outer loop
      vertex 40 66.25 0.799999
      vertex 39.648 66.2223 0
      vertex 40 66.25 0
    endloop
  endfacet
  facet normal 0.0784506 -0.996918 0
    outer loop
      vertex 39.648 66.2223 3.2
      vertex 40 66.25 4
      vertex 39.648 66.2223 4
    endloop
  endfacet
  facet normal 0.0784506 -0.996918 0
    outer loop
      vertex 40 66.25 4
      vertex 39.648 66.2223 3.2
      vertex 40 66.25 3.2
    endloop
  endfacet
  facet normal -0.382644 0.923896 0
    outer loop
      vertex 41.0215 61.9952 0
      vertex 40.6953 61.8601 0.799999
      vertex 41.0215 61.9952 0.799999
    endloop
  endfacet
  facet normal -0.382644 0.923896 0
    outer loop
      vertex 40.6953 61.8601 0.799999
      vertex 41.0215 61.9952 0
      vertex 40.6953 61.8601 0
    endloop
  endfacet
  facet normal -0.382644 0.923896 0
    outer loop
      vertex 41.0215 61.9952 3.2
      vertex 40.6953 61.8601 4
      vertex 41.0215 61.9952 4
    endloop
  endfacet
  facet normal -0.382644 0.923896 0
    outer loop
      vertex 40.6953 61.8601 4
      vertex 41.0215 61.9952 3.2
      vertex 40.6953 61.8601 3.2
    endloop
  endfacet
  facet normal -0.0784506 0.996918 0
    outer loop
      vertex 40.352 61.7777 0
      vertex 40 61.75 0.799999
      vertex 40.352 61.7777 0.799999
    endloop
  endfacet
  facet normal -0.0784506 0.996918 0
    outer loop
      vertex 40 61.75 0.799999
      vertex 40.352 61.7777 0
      vertex 40 61.75 0
    endloop
  endfacet
  facet normal -0.0784506 0.996918 0
    outer loop
      vertex 40.352 61.7777 3.2
      vertex 40 61.75 4
      vertex 40.352 61.7777 4
    endloop
  endfacet
  facet normal -0.0784506 0.996918 0
    outer loop
      vertex 40 61.75 4
      vertex 40.352 61.7777 3.2
      vertex 40 61.75 3.2
    endloop
  endfacet
  facet normal -0.522595 0.852581 0
    outer loop
      vertex 41.3225 62.1797 0
      vertex 41.0215 61.9952 0.799999
      vertex 41.3225 62.1797 0.799999
    endloop
  endfacet
  facet normal -0.522595 0.852581 0
    outer loop
      vertex 41.0215 61.9952 0.799999
      vertex 41.3225 62.1797 0
      vertex 41.0215 61.9952 0
    endloop
  endfacet
  facet normal -0.522595 0.852581 0
    outer loop
      vertex 41.3225 62.1797 3.2
      vertex 41.0215 61.9952 4
      vertex 41.3225 62.1797 4
    endloop
  endfacet
  facet normal -0.522595 0.852581 0
    outer loop
      vertex 41.0215 61.9952 4
      vertex 41.3225 62.1797 3.2
      vertex 41.0215 61.9952 3.2
    endloop
  endfacet
  facet normal -0.972382 0.233394 0
    outer loop
      vertex 42.1399 63.3047 0
      vertex 42.2223 63.648 0.799999
      vertex 42.2223 63.648 0
    endloop
  endfacet
  facet normal -0.972382 0.233394 0
    outer loop
      vertex 42.2223 63.648 0.799999
      vertex 42.1399 63.3047 0
      vertex 42.1399 63.3047 0.799999
    endloop
  endfacet
  facet normal -0.972382 0.233394 0
    outer loop
      vertex 42.1399 63.3047 3.2
      vertex 42.2223 63.648 4
      vertex 42.2223 63.648 3.2
    endloop
  endfacet
  facet normal -0.972382 0.233394 0
    outer loop
      vertex 42.2223 63.648 4
      vertex 42.1399 63.3047 3.2
      vertex 42.1399 63.3047 4
    endloop
  endfacet
  facet normal 0.649414 0.760435 -0
    outer loop
      vertex 38.6775 62.1797 0
      vertex 38.409 62.409 0.799999
      vertex 38.6775 62.1797 0.799999
    endloop
  endfacet
  facet normal 0.649414 0.760435 0
    outer loop
      vertex 38.409 62.409 0.799999
      vertex 38.6775 62.1797 0
      vertex 38.409 62.409 0
    endloop
  endfacet
  facet normal 0.649414 0.760435 -0
    outer loop
      vertex 38.6775 62.1797 3.2
      vertex 38.409 62.409 4
      vertex 38.6775 62.1797 4
    endloop
  endfacet
  facet normal 0.649414 0.760435 0
    outer loop
      vertex 38.409 62.409 4
      vertex 38.6775 62.1797 3.2
      vertex 38.409 62.409 3.2
    endloop
  endfacet
  facet normal 0.852581 0.522595 0
    outer loop
      vertex 38.1797 62.6775 0.799999
      vertex 37.9952 62.9785 0
      vertex 37.9952 62.9785 0.799999
    endloop
  endfacet
  facet normal 0.852581 0.522595 0
    outer loop
      vertex 37.9952 62.9785 0
      vertex 38.1797 62.6775 0.799999
      vertex 38.1797 62.6775 0
    endloop
  endfacet
  facet normal 0.852581 0.522595 0
    outer loop
      vertex 38.1797 62.6775 4
      vertex 37.9952 62.9785 3.2
      vertex 37.9952 62.9785 4
    endloop
  endfacet
  facet normal 0.852581 0.522595 0
    outer loop
      vertex 37.9952 62.9785 3.2
      vertex 38.1797 62.6775 4
      vertex 38.1797 62.6775 3.2
    endloop
  endfacet
  facet normal 0.996918 0.0784506 0
    outer loop
      vertex 37.7777 63.648 0.799999
      vertex 37.75 64 0
      vertex 37.75 64 0.799999
    endloop
  endfacet
  facet normal 0.996918 0.0784506 0
    outer loop
      vertex 37.75 64 0
      vertex 37.7777 63.648 0.799999
      vertex 37.7777 63.648 0
    endloop
  endfacet
  facet normal 0.996918 0.0784506 0
    outer loop
      vertex 37.7777 63.648 4
      vertex 37.75 64 3.2
      vertex 37.75 64 4
    endloop
  endfacet
  facet normal 0.996918 0.0784506 0
    outer loop
      vertex 37.75 64 3.2
      vertex 37.7777 63.648 4
      vertex 37.7777 63.648 3.2
    endloop
  endfacet
  facet normal -0.382644 -0.923896 0
    outer loop
      vertex 40.6953 66.1399 0
      vertex 41.0215 66.0048 0.799999
      vertex 40.6953 66.1399 0.799999
    endloop
  endfacet
  facet normal -0.382644 -0.923896 -0
    outer loop
      vertex 41.0215 66.0048 0.799999
      vertex 40.6953 66.1399 0
      vertex 41.0215 66.0048 0
    endloop
  endfacet
  facet normal -0.382644 -0.923896 0
    outer loop
      vertex 40.6953 66.1399 3.2
      vertex 41.0215 66.0048 4
      vertex 40.6953 66.1399 4
    endloop
  endfacet
  facet normal -0.382644 -0.923896 -0
    outer loop
      vertex 41.0215 66.0048 4
      vertex 40.6953 66.1399 3.2
      vertex 41.0215 66.0048 3.2
    endloop
  endfacet
  facet normal -0.233394 -0.972382 0
    outer loop
      vertex 40.352 66.2223 3.2
      vertex 40.6953 66.1399 4
      vertex 40.352 66.2223 4
    endloop
  endfacet
  facet normal -0.233394 -0.972382 -0
    outer loop
      vertex 40.6953 66.1399 4
      vertex 40.352 66.2223 3.2
      vertex 40.6953 66.1399 3.2
    endloop
  endfacet
  facet normal -0.233394 -0.972382 0
    outer loop
      vertex 40.352 66.2223 0
      vertex 40.6953 66.1399 0.799999
      vertex 40.352 66.2223 0.799999
    endloop
  endfacet
  facet normal -0.233394 -0.972382 -0
    outer loop
      vertex 40.6953 66.1399 0.799999
      vertex 40.352 66.2223 0
      vertex 40.6953 66.1399 0
    endloop
  endfacet
  facet normal 0.923896 -0.382644 0
    outer loop
      vertex 37.8601 64.6953 0.799999
      vertex 37.9952 65.0215 0
      vertex 37.9952 65.0215 0.799999
    endloop
  endfacet
  facet normal 0.923896 -0.382644 0
    outer loop
      vertex 37.9952 65.0215 0
      vertex 37.8601 64.6953 0.799999
      vertex 37.8601 64.6953 0
    endloop
  endfacet
  facet normal 0.923896 -0.382644 0
    outer loop
      vertex 37.8601 64.6953 4
      vertex 37.9952 65.0215 3.2
      vertex 37.9952 65.0215 4
    endloop
  endfacet
  facet normal 0.923896 -0.382644 0
    outer loop
      vertex 37.9952 65.0215 3.2
      vertex 37.8601 64.6953 4
      vertex 37.8601 64.6953 3.2
    endloop
  endfacet
  facet normal 0.972382 -0.233394 0
    outer loop
      vertex 37.7777 64.352 4
      vertex 37.8601 64.6953 3.2
      vertex 37.8601 64.6953 4
    endloop
  endfacet
  facet normal 0.972382 -0.233394 0
    outer loop
      vertex 37.8601 64.6953 3.2
      vertex 37.7777 64.352 4
      vertex 37.7777 64.352 3.2
    endloop
  endfacet
  facet normal 0.972382 -0.233394 0
    outer loop
      vertex 37.7777 64.352 0.799999
      vertex 37.8601 64.6953 0
      vertex 37.8601 64.6953 0.799999
    endloop
  endfacet
  facet normal 0.972382 -0.233394 0
    outer loop
      vertex 37.8601 64.6953 0
      vertex 37.7777 64.352 0.799999
      vertex 37.7777 64.352 0
    endloop
  endfacet
  facet normal 0.233394 -0.972382 0
    outer loop
      vertex 39.3047 66.1399 0
      vertex 39.648 66.2223 0.799999
      vertex 39.3047 66.1399 0.799999
    endloop
  endfacet
  facet normal 0.233394 -0.972382 0
    outer loop
      vertex 39.648 66.2223 0.799999
      vertex 39.3047 66.1399 0
      vertex 39.648 66.2223 0
    endloop
  endfacet
  facet normal 0.233394 -0.972382 0
    outer loop
      vertex 39.3047 66.1399 3.2
      vertex 39.648 66.2223 4
      vertex 39.3047 66.1399 4
    endloop
  endfacet
  facet normal 0.233394 -0.972382 0
    outer loop
      vertex 39.648 66.2223 4
      vertex 39.3047 66.1399 3.2
      vertex 39.648 66.2223 3.2
    endloop
  endfacet
  facet normal -0.996918 0.0784506 0
    outer loop
      vertex 42.2223 63.648 3.2
      vertex 42.25 64 4
      vertex 42.25 64 3.2
    endloop
  endfacet
  facet normal -0.996918 0.0784506 0
    outer loop
      vertex 42.25 64 4
      vertex 42.2223 63.648 3.2
      vertex 42.2223 63.648 4
    endloop
  endfacet
  facet normal -0.996918 0.0784506 0
    outer loop
      vertex 42.2223 63.648 0
      vertex 42.25 64 0.799999
      vertex 42.25 64 0
    endloop
  endfacet
  facet normal -0.996918 0.0784506 0
    outer loop
      vertex 42.25 64 0.799999
      vertex 42.2223 63.648 0
      vertex 42.2223 63.648 0.799999
    endloop
  endfacet
  facet normal -0.233394 0.972382 0
    outer loop
      vertex 40.6953 61.8601 0
      vertex 40.352 61.7777 0.799999
      vertex 40.6953 61.8601 0.799999
    endloop
  endfacet
  facet normal -0.233394 0.972382 0
    outer loop
      vertex 40.352 61.7777 0.799999
      vertex 40.6953 61.8601 0
      vertex 40.352 61.7777 0
    endloop
  endfacet
  facet normal -0.233394 0.972382 0
    outer loop
      vertex 40.6953 61.8601 3.2
      vertex 40.352 61.7777 4
      vertex 40.6953 61.8601 4
    endloop
  endfacet
  facet normal -0.233394 0.972382 0
    outer loop
      vertex 40.352 61.7777 4
      vertex 40.6953 61.8601 3.2
      vertex 40.352 61.7777 3.2
    endloop
  endfacet
  facet normal -0.649414 0.760435 0
    outer loop
      vertex 41.591 62.409 0
      vertex 41.3225 62.1797 0.799999
      vertex 41.591 62.409 0.799999
    endloop
  endfacet
  facet normal -0.649414 0.760435 0
    outer loop
      vertex 41.3225 62.1797 0.799999
      vertex 41.591 62.409 0
      vertex 41.3225 62.1797 0
    endloop
  endfacet
  facet normal -0.649414 0.760435 0
    outer loop
      vertex 41.591 62.409 3.2
      vertex 41.3225 62.1797 4
      vertex 41.591 62.409 4
    endloop
  endfacet
  facet normal -0.649414 0.760435 0
    outer loop
      vertex 41.3225 62.1797 4
      vertex 41.591 62.409 3.2
      vertex 41.3225 62.1797 3.2
    endloop
  endfacet
  facet normal -0.760435 0.649414 0
    outer loop
      vertex 41.591 62.409 0
      vertex 41.8203 62.6775 0.799999
      vertex 41.8203 62.6775 0
    endloop
  endfacet
  facet normal -0.760435 0.649414 0
    outer loop
      vertex 41.8203 62.6775 0.799999
      vertex 41.591 62.409 0
      vertex 41.591 62.409 0.799999
    endloop
  endfacet
  facet normal -0.760435 0.649414 0
    outer loop
      vertex 41.591 62.409 3.2
      vertex 41.8203 62.6775 4
      vertex 41.8203 62.6775 3.2
    endloop
  endfacet
  facet normal -0.760435 0.649414 0
    outer loop
      vertex 41.8203 62.6775 4
      vertex 41.591 62.409 3.2
      vertex 41.591 62.409 4
    endloop
  endfacet
  facet normal 0.522595 0.852581 -0
    outer loop
      vertex 38.9785 61.9952 0
      vertex 38.6775 62.1797 0.799999
      vertex 38.9785 61.9952 0.799999
    endloop
  endfacet
  facet normal 0.522595 0.852581 0
    outer loop
      vertex 38.6775 62.1797 0.799999
      vertex 38.9785 61.9952 0
      vertex 38.6775 62.1797 0
    endloop
  endfacet
  facet normal 0.522595 0.852581 -0
    outer loop
      vertex 38.9785 61.9952 3.2
      vertex 38.6775 62.1797 4
      vertex 38.9785 61.9952 4
    endloop
  endfacet
  facet normal 0.522595 0.852581 0
    outer loop
      vertex 38.6775 62.1797 4
      vertex 38.9785 61.9952 3.2
      vertex 38.6775 62.1797 3.2
    endloop
  endfacet
  facet normal 0.382644 0.923896 -0
    outer loop
      vertex 39.3047 61.8601 0
      vertex 38.9785 61.9952 0.799999
      vertex 39.3047 61.8601 0.799999
    endloop
  endfacet
  facet normal 0.382644 0.923896 0
    outer loop
      vertex 38.9785 61.9952 0.799999
      vertex 39.3047 61.8601 0
      vertex 38.9785 61.9952 0
    endloop
  endfacet
  facet normal 0.382644 0.923896 -0
    outer loop
      vertex 39.3047 61.8601 3.2
      vertex 38.9785 61.9952 4
      vertex 39.3047 61.8601 4
    endloop
  endfacet
  facet normal 0.382644 0.923896 0
    outer loop
      vertex 38.9785 61.9952 4
      vertex 39.3047 61.8601 3.2
      vertex 38.9785 61.9952 3.2
    endloop
  endfacet
  facet normal 0.0784506 0.996918 -0
    outer loop
      vertex 40 61.75 0
      vertex 39.648 61.7777 0.799999
      vertex 40 61.75 0.799999
    endloop
  endfacet
  facet normal 0.0784506 0.996918 0
    outer loop
      vertex 39.648 61.7777 0.799999
      vertex 40 61.75 0
      vertex 39.648 61.7777 0
    endloop
  endfacet
  facet normal 0.0784506 0.996918 -0
    outer loop
      vertex 40 61.75 3.2
      vertex 39.648 61.7777 4
      vertex 40 61.75 4
    endloop
  endfacet
  facet normal 0.0784506 0.996918 0
    outer loop
      vertex 39.648 61.7777 4
      vertex 40 61.75 3.2
      vertex 39.648 61.7777 3.2
    endloop
  endfacet
  facet normal 0.760435 0.649414 0
    outer loop
      vertex 38.409 62.409 0.799999
      vertex 38.1797 62.6775 0
      vertex 38.1797 62.6775 0.799999
    endloop
  endfacet
  facet normal 0.760435 0.649414 0
    outer loop
      vertex 38.1797 62.6775 0
      vertex 38.409 62.409 0.799999
      vertex 38.409 62.409 0
    endloop
  endfacet
  facet normal 0.760435 0.649414 0
    outer loop
      vertex 38.409 62.409 4
      vertex 38.1797 62.6775 3.2
      vertex 38.1797 62.6775 4
    endloop
  endfacet
  facet normal 0.760435 0.649414 0
    outer loop
      vertex 38.1797 62.6775 3.2
      vertex 38.409 62.409 4
      vertex 38.409 62.409 3.2
    endloop
  endfacet
  facet normal 0.972382 0.233394 0
    outer loop
      vertex 37.8601 63.3047 4
      vertex 37.7777 63.648 3.2
      vertex 37.7777 63.648 4
    endloop
  endfacet
  facet normal 0.972382 0.233394 0
    outer loop
      vertex 37.7777 63.648 3.2
      vertex 37.8601 63.3047 4
      vertex 37.8601 63.3047 3.2
    endloop
  endfacet
  facet normal 0.972382 0.233394 0
    outer loop
      vertex 37.8601 63.3047 0.799999
      vertex 37.7777 63.648 0
      vertex 37.7777 63.648 0.799999
    endloop
  endfacet
  facet normal 0.972382 0.233394 0
    outer loop
      vertex 37.7777 63.648 0
      vertex 37.8601 63.3047 0.799999
      vertex 37.8601 63.3047 0
    endloop
  endfacet
  facet normal -0.923896 0.382644 0
    outer loop
      vertex 42.0048 62.9785 0
      vertex 42.1399 63.3047 0.799999
      vertex 42.1399 63.3047 0
    endloop
  endfacet
  facet normal -0.923896 0.382644 0
    outer loop
      vertex 42.1399 63.3047 0.799999
      vertex 42.0048 62.9785 0
      vertex 42.0048 62.9785 0.799999
    endloop
  endfacet
  facet normal -0.923896 0.382644 0
    outer loop
      vertex 42.0048 62.9785 3.2
      vertex 42.1399 63.3047 4
      vertex 42.1399 63.3047 3.2
    endloop
  endfacet
  facet normal -0.923896 0.382644 0
    outer loop
      vertex 42.1399 63.3047 4
      vertex 42.0048 62.9785 3.2
      vertex 42.0048 62.9785 4
    endloop
  endfacet
  facet normal 0.233394 0.972382 -0
    outer loop
      vertex 39.648 61.7777 0
      vertex 39.3047 61.8601 0.799999
      vertex 39.648 61.7777 0.799999
    endloop
  endfacet
  facet normal 0.233394 0.972382 0
    outer loop
      vertex 39.3047 61.8601 0.799999
      vertex 39.648 61.7777 0
      vertex 39.3047 61.8601 0
    endloop
  endfacet
  facet normal 0.233394 0.972382 -0
    outer loop
      vertex 39.648 61.7777 3.2
      vertex 39.3047 61.8601 4
      vertex 39.648 61.7777 4
    endloop
  endfacet
  facet normal 0.233394 0.972382 0
    outer loop
      vertex 39.3047 61.8601 4
      vertex 39.648 61.7777 3.2
      vertex 39.3047 61.8601 3.2
    endloop
  endfacet
  facet normal -0.852581 0.522595 0
    outer loop
      vertex 41.8203 62.6775 0
      vertex 42.0048 62.9785 0.799999
      vertex 42.0048 62.9785 0
    endloop
  endfacet
  facet normal -0.852581 0.522595 0
    outer loop
      vertex 42.0048 62.9785 0.799999
      vertex 41.8203 62.6775 0
      vertex 41.8203 62.6775 0.799999
    endloop
  endfacet
  facet normal -0.852581 0.522595 0
    outer loop
      vertex 41.8203 62.6775 3.2
      vertex 42.0048 62.9785 4
      vertex 42.0048 62.9785 3.2
    endloop
  endfacet
  facet normal -0.852581 0.522595 0
    outer loop
      vertex 42.0048 62.9785 4
      vertex 41.8203 62.6775 3.2
      vertex 41.8203 62.6775 4
    endloop
  endfacet
  facet normal -0.728338 -0.0573152 0.682817
    outer loop
      vertex 44.5 64 3.2
      vertex 42.2223 64.352 0.799999
      vertex 42.25 64 0.799999
    endloop
  endfacet
  facet normal -0.728338 -0.0573152 0.682817
    outer loop
      vertex 42.2223 64.352 0.799999
      vertex 44.5 64 3.2
      vertex 44.4446 64.704 3.2
    endloop
  endfacet
  facet normal 0.728338 0.0573152 0.682817
    outer loop
      vertex 35.5 64 3.2
      vertex 37.7777 63.648 0.799999
      vertex 37.75 64 0.799999
    endloop
  endfacet
  facet normal 0.728338 0.0573152 0.682817
    outer loop
      vertex 37.7777 63.648 0.799999
      vertex 35.5 64 3.2
      vertex 35.5554 63.296 3.2
    endloop
  endfacet
  facet normal -0.728338 0.0573152 0.682817
    outer loop
      vertex 42.2223 63.648 0.799999
      vertex 44.5 64 3.2
      vertex 42.25 64 0.799999
    endloop
  endfacet
  facet normal -0.728338 0.0573152 0.682817
    outer loop
      vertex 44.5 64 3.2
      vertex 42.2223 63.648 0.799999
      vertex 44.4446 63.296 3.2
    endloop
  endfacet
  facet normal -0.474455 -0.555565 0.682817
    outer loop
      vertex 43.182 67.182 3.2
      vertex 42.645 67.6406 3.2
      vertex 41.591 65.591 0.799999
    endloop
  endfacet
  facet normal -0.0573152 0.728338 0.682817
    outer loop
      vertex 40.352 61.7777 0.799999
      vertex 40 59.5 3.2
      vertex 40.704 59.5554 3.2
    endloop
  endfacet
  facet normal -0.0573152 0.728338 0.682817
    outer loop
      vertex 40 59.5 3.2
      vertex 40.352 61.7777 0.799999
      vertex 40 61.75 0.799999
    endloop
  endfacet
  facet normal -0.555565 0.474455 0.682817
    outer loop
      vertex 43.182 60.818 3.2
      vertex 43.6406 61.355 3.2
      vertex 41.591 62.409 0.799999
    endloop
  endfacet
  facet normal 0.474455 0.555565 0.682817
    outer loop
      vertex 37.355 60.3594 3.2
      vertex 38.409 62.409 0.799999
      vertex 36.818 60.818 3.2
    endloop
  endfacet
  facet normal 0.279646 0.674958 0.682811
    outer loop
      vertex 38.6094 59.7202 3.2
      vertex 38.9785 61.9952 0.799999
      vertex 37.957 59.9905 3.2
    endloop
  endfacet
  facet normal 0.555565 -0.474455 0.682817
    outer loop
      vertex 38.409 65.591 0.799999
      vertex 36.818 67.182 3.2
      vertex 36.3594 66.645 3.2
    endloop
  endfacet
  facet normal 0 0 -1
    outer loop
      vertex 42.25 64 3.2
      vertex 44.5 64 3.2
      vertex 44.4446 63.296 3.2
    endloop
  endfacet
  facet normal 0 0 -1
    outer loop
      vertex 42.2223 63.648 3.2
      vertex 44.4446 63.296 3.2
      vertex 44.2798 62.6094 3.2
    endloop
  endfacet
  facet normal 0 0 -1
    outer loop
      vertex 44.5 64 3.2
      vertex 42.25 64 3.2
      vertex 44.4446 64.704 3.2
    endloop
  endfacet
  facet normal 0 0 -1
    outer loop
      vertex 42.1399 63.3047 3.2
      vertex 44.2798 62.6094 3.2
      vertex 44.0095 61.957 3.2
    endloop
  endfacet
  facet normal 0 0 -1
    outer loop
      vertex 42.2223 64.352 3.2
      vertex 44.4446 64.704 3.2
      vertex 42.25 64 3.2
    endloop
  endfacet
  facet normal 0 0 -1
    outer loop
      vertex 42.0048 62.9785 3.2
      vertex 44.0095 61.957 3.2
      vertex 43.6406 61.355 3.2
    endloop
  endfacet
  facet normal -0 0 -1
    outer loop
      vertex 44.4446 64.704 3.2
      vertex 42.2223 64.352 3.2
      vertex 44.2798 65.3906 3.2
    endloop
  endfacet
  facet normal 0 0 -1
    outer loop
      vertex 41.8203 62.6775 3.2
      vertex 43.6406 61.355 3.2
      vertex 43.182 60.818 3.2
    endloop
  endfacet
  facet normal 0 0 -1
    outer loop
      vertex 42.1399 64.6953 3.2
      vertex 44.2798 65.3906 3.2
      vertex 42.2223 64.352 3.2
    endloop
  endfacet
  facet normal 0 0 -1
    outer loop
      vertex 41.591 62.409 3.2
      vertex 43.182 60.818 3.2
      vertex 42.645 60.3594 3.2
    endloop
  endfacet
  facet normal -0 0 -1
    outer loop
      vertex 44.2798 65.3906 3.2
      vertex 42.1399 64.6953 3.2
      vertex 44.0095 66.043 3.2
    endloop
  endfacet
  facet normal 0 0 -1
    outer loop
      vertex 42.0048 65.0215 3.2
      vertex 44.0095 66.043 3.2
      vertex 42.1399 64.6953 3.2
    endloop
  endfacet
  facet normal 0 0 -1
    outer loop
      vertex 44.4446 63.296 3.2
      vertex 42.2223 63.648 3.2
      vertex 42.25 64 3.2
    endloop
  endfacet
  facet normal 0 0 -1
    outer loop
      vertex 44.2798 62.6094 3.2
      vertex 42.1399 63.3047 3.2
      vertex 42.2223 63.648 3.2
    endloop
  endfacet
  facet normal 0 0 -1
    outer loop
      vertex 41.3225 62.1797 3.2
      vertex 42.645 60.3594 3.2
      vertex 42.043 59.9905 3.2
    endloop
  endfacet
  facet normal 0 0 -1
    outer loop
      vertex 44.0095 61.957 3.2
      vertex 42.0048 62.9785 3.2
      vertex 42.1399 63.3047 3.2
    endloop
  endfacet
  facet normal 0 0 -1
    outer loop
      vertex 43.6406 61.355 3.2
      vertex 41.8203 62.6775 3.2
      vertex 42.0048 62.9785 3.2
    endloop
  endfacet
  facet normal 0 0 -1
    outer loop
      vertex 43.182 60.818 3.2
      vertex 41.591 62.409 3.2
      vertex 41.8203 62.6775 3.2
    endloop
  endfacet
  facet normal 0 0 -1
    outer loop
      vertex 41.0215 61.9952 3.2
      vertex 42.043 59.9905 3.2
      vertex 41.3906 59.7202 3.2
    endloop
  endfacet
  facet normal 0 0 -1
    outer loop
      vertex 42.645 60.3594 3.2
      vertex 41.3225 62.1797 3.2
      vertex 41.591 62.409 3.2
    endloop
  endfacet
  facet normal 0 0 -1
    outer loop
      vertex 42.043 59.9905 3.2
      vertex 41.0215 61.9952 3.2
      vertex 41.3225 62.1797 3.2
    endloop
  endfacet
  facet normal 0 0 -1
    outer loop
      vertex 40.6953 61.8601 3.2
      vertex 41.3906 59.7202 3.2
      vertex 40.704 59.5554 3.2
    endloop
  endfacet
  facet normal 0 0 -1
    outer loop
      vertex 41.3906 59.7202 3.2
      vertex 40.6953 61.8601 3.2
      vertex 41.0215 61.9952 3.2
    endloop
  endfacet
  facet normal 0 0 -1
    outer loop
      vertex 40.704 59.5554 3.2
      vertex 40.352 61.7777 3.2
      vertex 40.6953 61.8601 3.2
    endloop
  endfacet
  facet normal 0 0 -1
    outer loop
      vertex 40 59.5 3.2
      vertex 40.352 61.7777 3.2
      vertex 40.704 59.5554 3.2
    endloop
  endfacet
  facet normal 0 0 -1
    outer loop
      vertex 40 59.5 3.2
      vertex 40 61.75 3.2
      vertex 40.352 61.7777 3.2
    endloop
  endfacet
  facet normal 0 0 -1
    outer loop
      vertex 40 59.5 3.2
      vertex 39.648 61.7777 3.2
      vertex 40 61.75 3.2
    endloop
  endfacet
  facet normal 0 0 -1
    outer loop
      vertex 39.296 59.5554 3.2
      vertex 39.648 61.7777 3.2
      vertex 40 59.5 3.2
    endloop
  endfacet
  facet normal -0 0 -1
    outer loop
      vertex 39.648 61.7777 3.2
      vertex 39.296 59.5554 3.2
      vertex 39.3047 61.8601 3.2
    endloop
  endfacet
  facet normal 0 0 -1
    outer loop
      vertex 38.6094 59.7202 3.2
      vertex 39.3047 61.8601 3.2
      vertex 39.296 59.5554 3.2
    endloop
  endfacet
  facet normal -0 0 -1
    outer loop
      vertex 39.3047 61.8601 3.2
      vertex 38.6094 59.7202 3.2
      vertex 38.9785 61.9952 3.2
    endloop
  endfacet
  facet normal 0 0 -1
    outer loop
      vertex 37.957 59.9905 3.2
      vertex 38.9785 61.9952 3.2
      vertex 38.6094 59.7202 3.2
    endloop
  endfacet
  facet normal -0 0 -1
    outer loop
      vertex 38.9785 61.9952 3.2
      vertex 37.957 59.9905 3.2
      vertex 38.6775 62.1797 3.2
    endloop
  endfacet
  facet normal 0 0 -1
    outer loop
      vertex 37.355 60.3594 3.2
      vertex 38.6775 62.1797 3.2
      vertex 37.957 59.9905 3.2
    endloop
  endfacet
  facet normal -0 0 -1
    outer loop
      vertex 38.6775 62.1797 3.2
      vertex 37.355 60.3594 3.2
      vertex 38.409 62.409 3.2
    endloop
  endfacet
  facet normal 0 0 -1
    outer loop
      vertex 36.818 60.818 3.2
      vertex 38.409 62.409 3.2
      vertex 37.355 60.3594 3.2
    endloop
  endfacet
  facet normal -0 0 -1
    outer loop
      vertex 38.409 62.409 3.2
      vertex 36.818 60.818 3.2
      vertex 38.1797 62.6775 3.2
    endloop
  endfacet
  facet normal 0 0 -1
    outer loop
      vertex 36.3594 61.355 3.2
      vertex 38.1797 62.6775 3.2
      vertex 36.818 60.818 3.2
    endloop
  endfacet
  facet normal -0 0 -1
    outer loop
      vertex 38.1797 62.6775 3.2
      vertex 36.3594 61.355 3.2
      vertex 37.9952 62.9785 3.2
    endloop
  endfacet
  facet normal 0 0 -1
    outer loop
      vertex 35.9905 61.957 3.2
      vertex 37.9952 62.9785 3.2
      vertex 36.3594 61.355 3.2
    endloop
  endfacet
  facet normal -0 0 -1
    outer loop
      vertex 44.0095 66.043 3.2
      vertex 42.0048 65.0215 3.2
      vertex 43.6406 66.645 3.2
    endloop
  endfacet
  facet normal 0 0 -1
    outer loop
      vertex 41.8203 65.3225 3.2
      vertex 43.6406 66.645 3.2
      vertex 42.0048 65.0215 3.2
    endloop
  endfacet
  facet normal -0 0 -1
    outer loop
      vertex 43.6406 66.645 3.2
      vertex 41.8203 65.3225 3.2
      vertex 43.182 67.182 3.2
    endloop
  endfacet
  facet normal 0 0 -1
    outer loop
      vertex 41.591 65.591 3.2
      vertex 43.182 67.182 3.2
      vertex 41.8203 65.3225 3.2
    endloop
  endfacet
  facet normal -0 0 -1
    outer loop
      vertex 43.182 67.182 3.2
      vertex 41.591 65.591 3.2
      vertex 42.645 67.6406 3.2
    endloop
  endfacet
  facet normal 0 0 -1
    outer loop
      vertex 41.3225 65.8203 3.2
      vertex 42.645 67.6406 3.2
      vertex 41.591 65.591 3.2
    endloop
  endfacet
  facet normal -0 0 -1
    outer loop
      vertex 42.645 67.6406 3.2
      vertex 41.3225 65.8203 3.2
      vertex 42.043 68.0095 3.2
    endloop
  endfacet
  facet normal 0 0 -1
    outer loop
      vertex 41.0215 66.0048 3.2
      vertex 42.043 68.0095 3.2
      vertex 41.3225 65.8203 3.2
    endloop
  endfacet
  facet normal -0 0 -1
    outer loop
      vertex 42.043 68.0095 3.2
      vertex 41.0215 66.0048 3.2
      vertex 41.3906 68.2798 3.2
    endloop
  endfacet
  facet normal 0 0 -1
    outer loop
      vertex 40.6953 66.1399 3.2
      vertex 41.3906 68.2798 3.2
      vertex 41.0215 66.0048 3.2
    endloop
  endfacet
  facet normal -0 0 -1
    outer loop
      vertex 41.3906 68.2798 3.2
      vertex 40.6953 66.1399 3.2
      vertex 40.704 68.4446 3.2
    endloop
  endfacet
  facet normal 0 0 -1
    outer loop
      vertex 40.352 66.2223 3.2
      vertex 40.704 68.4446 3.2
      vertex 40.6953 66.1399 3.2
    endloop
  endfacet
  facet normal 0 0 -1
    outer loop
      vertex 40 66.25 3.2
      vertex 40.704 68.4446 3.2
      vertex 40.352 66.2223 3.2
    endloop
  endfacet
  facet normal 0 0 -1
    outer loop
      vertex 40 66.25 3.2
      vertex 40 68.5 3.2
      vertex 40.704 68.4446 3.2
    endloop
  endfacet
  facet normal 0 0 -1
    outer loop
      vertex 39.648 66.2223 3.2
      vertex 40 68.5 3.2
      vertex 40 66.25 3.2
    endloop
  endfacet
  facet normal 0 0 -1
    outer loop
      vertex 39.296 68.4446 3.2
      vertex 39.648 66.2223 3.2
      vertex 39.3047 66.1399 3.2
    endloop
  endfacet
  facet normal 0 0 -1
    outer loop
      vertex 39.648 66.2223 3.2
      vertex 39.296 68.4446 3.2
      vertex 40 68.5 3.2
    endloop
  endfacet
  facet normal 0 0 -1
    outer loop
      vertex 38.6094 68.2798 3.2
      vertex 39.3047 66.1399 3.2
      vertex 38.9785 66.0048 3.2
    endloop
  endfacet
  facet normal 0 0 -1
    outer loop
      vertex 37.957 68.0095 3.2
      vertex 38.9785 66.0048 3.2
      vertex 38.6775 65.8203 3.2
    endloop
  endfacet
  facet normal 0 0 -1
    outer loop
      vertex 39.3047 66.1399 3.2
      vertex 38.6094 68.2798 3.2
      vertex 39.296 68.4446 3.2
    endloop
  endfacet
  facet normal 0 0 -1
    outer loop
      vertex 37.355 67.6406 3.2
      vertex 38.6775 65.8203 3.2
      vertex 38.409 65.591 3.2
    endloop
  endfacet
  facet normal 0 0 -1
    outer loop
      vertex 36.818 67.182 3.2
      vertex 38.409 65.591 3.2
      vertex 38.1797 65.3225 3.2
    endloop
  endfacet
  facet normal 0 0 -1
    outer loop
      vertex 36.3594 66.645 3.2
      vertex 38.1797 65.3225 3.2
      vertex 37.9952 65.0215 3.2
    endloop
  endfacet
  facet normal 0 0 -1
    outer loop
      vertex 38.9785 66.0048 3.2
      vertex 37.957 68.0095 3.2
      vertex 38.6094 68.2798 3.2
    endloop
  endfacet
  facet normal 0 0 -1
    outer loop
      vertex 35.9905 66.043 3.2
      vertex 37.9952 65.0215 3.2
      vertex 37.8601 64.6953 3.2
    endloop
  endfacet
  facet normal 0 0 -1
    outer loop
      vertex 35.7202 65.3906 3.2
      vertex 37.8601 64.6953 3.2
      vertex 37.7777 64.352 3.2
    endloop
  endfacet
  facet normal 0 0 -1
    outer loop
      vertex 35.5554 64.704 3.2
      vertex 37.7777 64.352 3.2
      vertex 37.75 64 3.2
    endloop
  endfacet
  facet normal -0 0 -1
    outer loop
      vertex 37.9952 62.9785 3.2
      vertex 35.9905 61.957 3.2
      vertex 37.8601 63.3047 3.2
    endloop
  endfacet
  facet normal 0 0 -1
    outer loop
      vertex 38.6775 65.8203 3.2
      vertex 37.355 67.6406 3.2
      vertex 37.957 68.0095 3.2
    endloop
  endfacet
  facet normal 0 0 -1
    outer loop
      vertex 35.7202 62.6094 3.2
      vertex 37.8601 63.3047 3.2
      vertex 35.9905 61.957 3.2
    endloop
  endfacet
  facet normal 0 0 -1
    outer loop
      vertex 38.409 65.591 3.2
      vertex 36.818 67.182 3.2
      vertex 37.355 67.6406 3.2
    endloop
  endfacet
  facet normal -0 0 -1
    outer loop
      vertex 37.8601 63.3047 3.2
      vertex 35.7202 62.6094 3.2
      vertex 37.7777 63.648 3.2
    endloop
  endfacet
  facet normal 0 0 -1
    outer loop
      vertex 38.1797 65.3225 3.2
      vertex 36.3594 66.645 3.2
      vertex 36.818 67.182 3.2
    endloop
  endfacet
  facet normal 0 0 -1
    outer loop
      vertex 35.5554 63.296 3.2
      vertex 37.7777 63.648 3.2
      vertex 35.7202 62.6094 3.2
    endloop
  endfacet
  facet normal 0 0 -1
    outer loop
      vertex 37.9952 65.0215 3.2
      vertex 35.9905 66.043 3.2
      vertex 36.3594 66.645 3.2
    endloop
  endfacet
  facet normal -0 0 -1
    outer loop
      vertex 37.7777 63.648 3.2
      vertex 35.5554 63.296 3.2
      vertex 37.75 64 3.2
    endloop
  endfacet
  facet normal 0 0 -1
    outer loop
      vertex 37.8601 64.6953 3.2
      vertex 35.7202 65.3906 3.2
      vertex 35.9905 66.043 3.2
    endloop
  endfacet
  facet normal 0 0 -1
    outer loop
      vertex 35.5 64 3.2
      vertex 37.75 64 3.2
      vertex 35.5554 63.296 3.2
    endloop
  endfacet
  facet normal 0 0 -1
    outer loop
      vertex 37.7777 64.352 3.2
      vertex 35.5554 64.704 3.2
      vertex 35.7202 65.3906 3.2
    endloop
  endfacet
  facet normal 0 0 -1
    outer loop
      vertex 37.75 64 3.2
      vertex 35.5 64 3.2
      vertex 35.5554 64.704 3.2
    endloop
  endfacet
  facet normal -0.0573152 -0.728338 0.682817
    outer loop
      vertex 40.352 66.2223 0.799999
      vertex 40 68.5 3.2
      vertex 40 66.25 0.799999
    endloop
  endfacet
  facet normal -0.0573152 -0.728338 0.682817
    outer loop
      vertex 40 68.5 3.2
      vertex 40.352 66.2223 0.799999
      vertex 40.704 68.4446 3.2
    endloop
  endfacet
  facet normal -0.674958 0.279646 0.682811
    outer loop
      vertex 44.0095 61.957 3.2
      vertex 44.2798 62.6094 3.2
      vertex 42.0048 62.9785 0.799999
    endloop
  endfacet
  facet normal -0.622939 0.381731 0.682809
    outer loop
      vertex 43.6406 61.355 3.2
      vertex 44.0095 61.957 3.2
      vertex 42.0048 62.9785 0.799999
    endloop
  endfacet
  facet normal -0.381731 0.622939 0.682809
    outer loop
      vertex 42.043 59.9905 3.2
      vertex 42.645 60.3594 3.2
      vertex 41.0215 61.9952 0.799999
    endloop
  endfacet
  facet normal -0.279554 0.674985 0.682822
    outer loop
      vertex 41.3906 59.7202 3.2
      vertex 41.0215 61.9952 0.799999
      vertex 40.6953 61.8601 0.799999
    endloop
  endfacet
  facet normal -0.474455 0.555565 0.682817
    outer loop
      vertex 42.645 60.3594 3.2
      vertex 41.591 62.409 0.799999
      vertex 41.3225 62.1797 0.799999
    endloop
  endfacet
  facet normal -0.474455 0.555565 0.682817
    outer loop
      vertex 42.645 60.3594 3.2
      vertex 43.182 60.818 3.2
      vertex 41.591 62.409 0.799999
    endloop
  endfacet
  facet normal 0.622939 0.381731 0.682809
    outer loop
      vertex 36.3594 61.355 3.2
      vertex 37.9952 62.9785 0.799999
      vertex 35.9905 61.957 3.2
    endloop
  endfacet
  facet normal 0.555565 0.474455 0.682817
    outer loop
      vertex 38.409 62.409 0.799999
      vertex 38.1797 62.6775 0.799999
      vertex 36.3594 61.355 3.2
    endloop
  endfacet
  facet normal 0.555565 0.474455 0.682817
    outer loop
      vertex 36.818 60.818 3.2
      vertex 38.409 62.409 0.799999
      vertex 36.3594 61.355 3.2
    endloop
  endfacet
  facet normal 0.674985 0.279554 0.682822
    outer loop
      vertex 37.9952 62.9785 0.799999
      vertex 37.8601 63.3047 0.799999
      vertex 35.7202 62.6094 3.2
    endloop
  endfacet
  facet normal 0.381731 0.622939 0.682809
    outer loop
      vertex 37.957 59.9905 3.2
      vertex 38.9785 61.9952 0.799999
      vertex 37.355 60.3594 3.2
    endloop
  endfacet
  facet normal 0.170515 0.71041 0.682819
    outer loop
      vertex 39.296 59.5554 3.2
      vertex 39.648 61.7777 0.799999
      vertex 38.6094 59.7202 3.2
    endloop
  endfacet
  facet normal 0.0573152 0.728338 0.682817
    outer loop
      vertex 39.648 61.7777 0.799999
      vertex 40 59.5 3.2
      vertex 40 61.75 0.799999
    endloop
  endfacet
  facet normal 0.0573152 0.728338 0.682817
    outer loop
      vertex 40 59.5 3.2
      vertex 39.648 61.7777 0.799999
      vertex 39.296 59.5554 3.2
    endloop
  endfacet
  facet normal 0.674958 -0.279646 0.682811
    outer loop
      vertex 37.9952 65.0215 0.799999
      vertex 35.9905 66.043 3.2
      vertex 35.7202 65.3906 3.2
    endloop
  endfacet
  facet normal 0.728338 -0.0573152 0.682817
    outer loop
      vertex 35.5 64 3.2
      vertex 37.7777 64.352 0.799999
      vertex 35.5554 64.704 3.2
    endloop
  endfacet
  facet normal 0.728338 -0.0573152 0.682817
    outer loop
      vertex 37.7777 64.352 0.799999
      vertex 35.5 64 3.2
      vertex 37.75 64 0.799999
    endloop
  endfacet
  facet normal 0.622939 -0.381731 0.682809
    outer loop
      vertex 37.9952 65.0215 0.799999
      vertex 36.3594 66.645 3.2
      vertex 35.9905 66.043 3.2
    endloop
  endfacet
  facet normal 0.381731 -0.622939 0.682809
    outer loop
      vertex 38.9785 66.0048 0.799999
      vertex 37.957 68.0095 3.2
      vertex 37.355 67.6406 3.2
    endloop
  endfacet
  facet normal 0.279554 -0.674985 0.682822
    outer loop
      vertex 38.9785 66.0048 0.799999
      vertex 39.3047 66.1399 0.799999
      vertex 38.6094 68.2798 3.2
    endloop
  endfacet
  facet normal 0.474455 -0.555565 0.682817
    outer loop
      vertex 38.409 65.591 0.799999
      vertex 38.6775 65.8203 0.799999
      vertex 37.355 67.6406 3.2
    endloop
  endfacet
  facet normal 0.474455 -0.555565 0.682817
    outer loop
      vertex 38.409 65.591 0.799999
      vertex 37.355 67.6406 3.2
      vertex 36.818 67.182 3.2
    endloop
  endfacet
  facet normal -0.279646 -0.674958 0.682811
    outer loop
      vertex 42.043 68.0095 3.2
      vertex 41.3906 68.2798 3.2
      vertex 41.0215 66.0048 0.799999
    endloop
  endfacet
  facet normal -0.381731 -0.622939 0.682809
    outer loop
      vertex 42.645 67.6406 3.2
      vertex 42.043 68.0095 3.2
      vertex 41.0215 66.0048 0.799999
    endloop
  endfacet
  facet normal -0.555565 -0.474455 0.682817
    outer loop
      vertex 41.8203 65.3225 0.799999
      vertex 43.6406 66.645 3.2
      vertex 41.591 65.591 0.799999
    endloop
  endfacet
  facet normal -0.555565 -0.474455 0.682817
    outer loop
      vertex 43.6406 66.645 3.2
      vertex 43.182 67.182 3.2
      vertex 41.591 65.591 0.799999
    endloop
  endfacet
  facet normal -0.622939 -0.381731 0.682809
    outer loop
      vertex 44.0095 66.043 3.2
      vertex 43.6406 66.645 3.2
      vertex 42.0048 65.0215 0.799999
    endloop
  endfacet
  facet normal -0.674958 -0.279646 0.682811
    outer loop
      vertex 44.2798 65.3906 3.2
      vertex 44.0095 66.043 3.2
      vertex 42.0048 65.0215 0.799999
    endloop
  endfacet
  facet normal -0.71041 -0.170515 0.682819
    outer loop
      vertex 44.4446 64.704 3.2
      vertex 44.2798 65.3906 3.2
      vertex 42.2223 64.352 0.799999
    endloop
  endfacet
  facet normal -0.622884 0.381801 0.68282
    outer loop
      vertex 43.6406 61.355 3.2
      vertex 42.0048 62.9785 0.799999
      vertex 41.8203 62.6775 0.799999
    endloop
  endfacet
  facet normal -0.555565 0.474455 0.682817
    outer loop
      vertex 43.6406 61.355 3.2
      vertex 41.8203 62.6775 0.799999
      vertex 41.591 62.409 0.799999
    endloop
  endfacet
  facet normal -0.279646 0.674958 0.682811
    outer loop
      vertex 41.3906 59.7202 3.2
      vertex 42.043 59.9905 3.2
      vertex 41.0215 61.9952 0.799999
    endloop
  endfacet
  facet normal -0.381801 0.622884 0.68282
    outer loop
      vertex 42.645 60.3594 3.2
      vertex 41.3225 62.1797 0.799999
      vertex 41.0215 61.9952 0.799999
    endloop
  endfacet
  facet normal 0.622884 0.381801 0.68282
    outer loop
      vertex 38.1797 62.6775 0.799999
      vertex 37.9952 62.9785 0.799999
      vertex 36.3594 61.355 3.2
    endloop
  endfacet
  facet normal 0.674958 0.279646 0.682811
    outer loop
      vertex 35.9905 61.957 3.2
      vertex 37.9952 62.9785 0.799999
      vertex 35.7202 62.6094 3.2
    endloop
  endfacet
  facet normal 0.381801 0.622884 0.68282
    outer loop
      vertex 38.9785 61.9952 0.799999
      vertex 38.6775 62.1797 0.799999
      vertex 37.355 60.3594 3.2
    endloop
  endfacet
  facet normal 0.474455 0.555565 0.682817
    outer loop
      vertex 38.6775 62.1797 0.799999
      vertex 38.409 62.409 0.799999
      vertex 37.355 60.3594 3.2
    endloop
  endfacet
  facet normal 0.622884 -0.381801 0.68282
    outer loop
      vertex 37.9952 65.0215 0.799999
      vertex 38.1797 65.3225 0.799999
      vertex 36.3594 66.645 3.2
    endloop
  endfacet
  facet normal 0.555565 -0.474455 0.682817
    outer loop
      vertex 38.1797 65.3225 0.799999
      vertex 38.409 65.591 0.799999
      vertex 36.3594 66.645 3.2
    endloop
  endfacet
  facet normal 0.279646 -0.674958 0.682811
    outer loop
      vertex 38.9785 66.0048 0.799999
      vertex 38.6094 68.2798 3.2
      vertex 37.957 68.0095 3.2
    endloop
  endfacet
  facet normal 0.381801 -0.622884 0.68282
    outer loop
      vertex 38.6775 65.8203 0.799999
      vertex 38.9785 66.0048 0.799999
      vertex 37.355 67.6406 3.2
    endloop
  endfacet
  facet normal -0.381801 -0.622884 0.68282
    outer loop
      vertex 41.3225 65.8203 0.799999
      vertex 42.645 67.6406 3.2
      vertex 41.0215 66.0048 0.799999
    endloop
  endfacet
  facet normal -0.474455 -0.555565 0.682817
    outer loop
      vertex 41.591 65.591 0.799999
      vertex 42.645 67.6406 3.2
      vertex 41.3225 65.8203 0.799999
    endloop
  endfacet
  facet normal -0.622884 -0.381801 0.68282
    outer loop
      vertex 42.0048 65.0215 0.799999
      vertex 43.6406 66.645 3.2
      vertex 41.8203 65.3225 0.799999
    endloop
  endfacet
  facet normal -0.674985 -0.279554 0.682822
    outer loop
      vertex 42.1399 64.6953 0.799999
      vertex 44.2798 65.3906 3.2
      vertex 42.0048 65.0215 0.799999
    endloop
  endfacet
  facet normal -0.71041 -0.170515 0.682819
    outer loop
      vertex 42.2223 64.352 0.799999
      vertex 44.2798 65.3906 3.2
      vertex 42.1399 64.6953 0.799999
    endloop
  endfacet
  facet normal -0.71041 0.170515 0.682819
    outer loop
      vertex 44.2798 62.6094 3.2
      vertex 44.4446 63.296 3.2
      vertex 42.2223 63.648 0.799999
    endloop
  endfacet
  facet normal -0.170515 0.71041 0.682819
    outer loop
      vertex 40.704 59.5554 3.2
      vertex 41.3906 59.7202 3.2
      vertex 40.352 61.7777 0.799999
    endloop
  endfacet
  facet normal 0.71041 0.170515 0.682819
    outer loop
      vertex 35.7202 62.6094 3.2
      vertex 37.7777 63.648 0.799999
      vertex 35.5554 63.296 3.2
    endloop
  endfacet
  facet normal 0.71041 -0.170515 0.682819
    outer loop
      vertex 37.7777 64.352 0.799999
      vertex 35.7202 65.3906 3.2
      vertex 35.5554 64.704 3.2
    endloop
  endfacet
  facet normal 0.170515 -0.71041 0.682819
    outer loop
      vertex 39.648 66.2223 0.799999
      vertex 39.296 68.4446 3.2
      vertex 38.6094 68.2798 3.2
    endloop
  endfacet
  facet normal 0.0573152 -0.728338 0.682817
    outer loop
      vertex 39.648 66.2223 0.799999
      vertex 40 68.5 3.2
      vertex 39.296 68.4446 3.2
    endloop
  endfacet
  facet normal 0.0573152 -0.728338 0.682817
    outer loop
      vertex 40 68.5 3.2
      vertex 39.648 66.2223 0.799999
      vertex 40 66.25 0.799999
    endloop
  endfacet
  facet normal -0.170515 -0.71041 0.682819
    outer loop
      vertex 41.3906 68.2798 3.2
      vertex 40.704 68.4446 3.2
      vertex 40.352 66.2223 0.799999
    endloop
  endfacet
  facet normal -0.71041 0.170515 0.682819
    outer loop
      vertex 44.2798 62.6094 3.2
      vertex 42.2223 63.648 0.799999
      vertex 42.1399 63.3047 0.799999
    endloop
  endfacet
  facet normal -0.674985 0.279554 0.682822
    outer loop
      vertex 44.2798 62.6094 3.2
      vertex 42.1399 63.3047 0.799999
      vertex 42.0048 62.9785 0.799999
    endloop
  endfacet
  facet normal -0.170515 0.71041 0.682819
    outer loop
      vertex 41.3906 59.7202 3.2
      vertex 40.6953 61.8601 0.799999
      vertex 40.352 61.7777 0.799999
    endloop
  endfacet
  facet normal 0.71041 0.170515 0.682819
    outer loop
      vertex 37.8601 63.3047 0.799999
      vertex 37.7777 63.648 0.799999
      vertex 35.7202 62.6094 3.2
    endloop
  endfacet
  facet normal 0.170515 0.71041 0.682819
    outer loop
      vertex 39.648 61.7777 0.799999
      vertex 39.3047 61.8601 0.799999
      vertex 38.6094 59.7202 3.2
    endloop
  endfacet
  facet normal 0.279554 0.674985 0.682822
    outer loop
      vertex 39.3047 61.8601 0.799999
      vertex 38.9785 61.9952 0.799999
      vertex 38.6094 59.7202 3.2
    endloop
  endfacet
  facet normal 0.71041 -0.170515 0.682819
    outer loop
      vertex 37.7777 64.352 0.799999
      vertex 37.8601 64.6953 0.799999
      vertex 35.7202 65.3906 3.2
    endloop
  endfacet
  facet normal 0.674985 -0.279554 0.682822
    outer loop
      vertex 37.8601 64.6953 0.799999
      vertex 37.9952 65.0215 0.799999
      vertex 35.7202 65.3906 3.2
    endloop
  endfacet
  facet normal 0.170515 -0.71041 0.682819
    outer loop
      vertex 39.3047 66.1399 0.799999
      vertex 39.648 66.2223 0.799999
      vertex 38.6094 68.2798 3.2
    endloop
  endfacet
  facet normal -0.170515 -0.71041 0.682819
    outer loop
      vertex 40.6953 66.1399 0.799999
      vertex 41.3906 68.2798 3.2
      vertex 40.352 66.2223 0.799999
    endloop
  endfacet
  facet normal -0.279554 -0.674985 0.682822
    outer loop
      vertex 41.0215 66.0048 0.799999
      vertex 41.3906 68.2798 3.2
      vertex 40.6953 66.1399 0.799999
    endloop
  endfacet
  facet normal -0.996918 -0.0784506 0
    outer loop
      vertex 42.25 36 0
      vertex 42.2223 36.352 0.799999
      vertex 42.2223 36.352 0
    endloop
  endfacet
  facet normal -0.996918 -0.0784506 0
    outer loop
      vertex 42.2223 36.352 0.799999
      vertex 42.25 36 0
      vertex 42.25 36 0.799999
    endloop
  endfacet
  facet normal -0.996918 -0.0784506 0
    outer loop
      vertex 42.25 36 3.2
      vertex 42.2223 36.352 4.04193
      vertex 42.2223 36.352 3.2
    endloop
  endfacet
  facet normal -0.996918 -0.0784506 0
    outer loop
      vertex 42.2223 36.352 4.04193
      vertex 42.25 36 3.2
      vertex 42.25 36 4.09139
    endloop
  endfacet
  facet normal 0.996918 -0.0784506 0
    outer loop
      vertex 37.75 36 0.799999
      vertex 37.7777 36.352 0
      vertex 37.7777 36.352 0.799999
    endloop
  endfacet
  facet normal 0.996918 -0.0784506 0
    outer loop
      vertex 37.7777 36.352 0
      vertex 37.75 36 0.799999
      vertex 37.75 36 0
    endloop
  endfacet
  facet normal 0.996918 -0.0784506 0
    outer loop
      vertex 37.75 36 3.2
      vertex 37.7777 36.352 4.04193
      vertex 37.75 36 4.09139
    endloop
  endfacet
  facet normal 0.996918 -0.0784506 0
    outer loop
      vertex 37.7777 36.352 4.04193
      vertex 37.75 36 3.2
      vertex 37.7777 36.352 3.2
    endloop
  endfacet
  facet normal -0.0784506 -0.996918 0
    outer loop
      vertex 40 38.25 0
      vertex 40.352 38.2223 0.799999
      vertex 40 38.25 0.799999
    endloop
  endfacet
  facet normal -0.0784506 -0.996918 -0
    outer loop
      vertex 40.352 38.2223 0.799999
      vertex 40 38.25 0
      vertex 40.352 38.2223 0
    endloop
  endfacet
  facet normal -0.0784506 -0.996918 0
    outer loop
      vertex 40 38.25 3.2
      vertex 40.352 38.2223 4
      vertex 40 38.25 4
    endloop
  endfacet
  facet normal -0.0784506 -0.996918 -0
    outer loop
      vertex 40.352 38.2223 4
      vertex 40 38.25 3.2
      vertex 40.352 38.2223 3.2
    endloop
  endfacet
  facet normal -0.760435 -0.649414 0
    outer loop
      vertex 41.8203 37.3225 0
      vertex 41.591 37.591 0.799999
      vertex 41.591 37.591 0
    endloop
  endfacet
  facet normal -0.760435 -0.649414 0
    outer loop
      vertex 41.591 37.591 0.799999
      vertex 41.8203 37.3225 0
      vertex 41.8203 37.3225 0.799999
    endloop
  endfacet
  facet normal -0.760435 -0.649414 0
    outer loop
      vertex 41.8203 37.3225 3.2
      vertex 41.591 37.591 4
      vertex 41.591 37.591 3.2
    endloop
  endfacet
  facet normal -0.760435 -0.649414 0
    outer loop
      vertex 41.591 37.591 4
      vertex 41.8203 37.3225 3.2
      vertex 41.8203 37.3225 4
    endloop
  endfacet
  facet normal 0.649414 -0.760435 0
    outer loop
      vertex 38.409 37.591 0
      vertex 38.6775 37.8203 0.799999
      vertex 38.409 37.591 0.799999
    endloop
  endfacet
  facet normal 0.649414 -0.760435 0
    outer loop
      vertex 38.6775 37.8203 0.799999
      vertex 38.409 37.591 0
      vertex 38.6775 37.8203 0
    endloop
  endfacet
  facet normal 0.649414 -0.760435 0
    outer loop
      vertex 38.409 37.591 3.2
      vertex 38.6775 37.8203 4
      vertex 38.409 37.591 4
    endloop
  endfacet
  facet normal 0.649414 -0.760435 0
    outer loop
      vertex 38.6775 37.8203 4
      vertex 38.409 37.591 3.2
      vertex 38.6775 37.8203 3.2
    endloop
  endfacet
  facet normal 0.382644 -0.923896 0
    outer loop
      vertex 38.9785 38.0048 0
      vertex 39.3047 38.1399 0.799999
      vertex 38.9785 38.0048 0.799999
    endloop
  endfacet
  facet normal 0.382644 -0.923896 0
    outer loop
      vertex 39.3047 38.1399 0.799999
      vertex 38.9785 38.0048 0
      vertex 39.3047 38.1399 0
    endloop
  endfacet
  facet normal 0.382644 -0.923896 0
    outer loop
      vertex 38.9785 38.0048 3.2
      vertex 39.3047 38.1399 4
      vertex 38.9785 38.0048 4
    endloop
  endfacet
  facet normal 0.382644 -0.923896 0
    outer loop
      vertex 39.3047 38.1399 4
      vertex 38.9785 38.0048 3.2
      vertex 39.3047 38.1399 3.2
    endloop
  endfacet
  facet normal -0.852581 0.522595 0
    outer loop
      vertex 41.8203 34.6775 0
      vertex 42.0048 34.9785 0.799999
      vertex 42.0048 34.9785 0
    endloop
  endfacet
  facet normal -0.852581 0.522595 0
    outer loop
      vertex 42.0048 34.9785 0.799999
      vertex 41.8203 34.6775 0
      vertex 41.8203 34.6775 0.799999
    endloop
  endfacet
  facet normal -0.852581 0.522595 0
    outer loop
      vertex 41.8203 34.6775 3.2
      vertex 42.0048 34.9785 4.23495
      vertex 42.0048 34.9785 3.2
    endloop
  endfacet
  facet normal -0.852581 0.522595 0
    outer loop
      vertex 42.0048 34.9785 4.23495
      vertex 41.8203 34.6775 3.2
      vertex 41.8203 34.6775 4.27726
    endloop
  endfacet
  facet normal 0.760435 0.649414 0
    outer loop
      vertex 38.409 34.409 0.799999
      vertex 38.1797 34.6775 0
      vertex 38.1797 34.6775 0.799999
    endloop
  endfacet
  facet normal 0.760435 0.649414 0
    outer loop
      vertex 38.1797 34.6775 0
      vertex 38.409 34.409 0.799999
      vertex 38.409 34.409 0
    endloop
  endfacet
  facet normal 0.760435 0.649414 -0
    outer loop
      vertex 38.409 34.409 3.2
      vertex 38.1797 34.6775 4.27726
      vertex 38.409 34.409 4.31499
    endloop
  endfacet
  facet normal 0.760435 0.649414 0
    outer loop
      vertex 38.1797 34.6775 4.27726
      vertex 38.409 34.409 3.2
      vertex 38.1797 34.6775 3.2
    endloop
  endfacet
  facet normal -0.923896 -0.382644 0
    outer loop
      vertex 42.1399 36.6953 0
      vertex 42.0048 37.0215 0.799999
      vertex 42.0048 37.0215 0
    endloop
  endfacet
  facet normal -0.923896 -0.382644 0
    outer loop
      vertex 42.0048 37.0215 0.799999
      vertex 42.1399 36.6953 0
      vertex 42.1399 36.6953 0.799999
    endloop
  endfacet
  facet normal -0.923896 -0.382644 0
    outer loop
      vertex 42.1399 36.6953 3.2
      vertex 42.0048 37.0215 4
      vertex 42.0048 37.0215 3.2
    endloop
  endfacet
  facet normal -0.923896 -0.382644 0
    outer loop
      vertex 42.0048 37.0215 4
      vertex 42.1399 36.6953 3.2
      vertex 42.1399 36.6953 4
    endloop
  endfacet
  facet normal -0.972382 -0.233394 0
    outer loop
      vertex 42.2223 36.352 0
      vertex 42.1399 36.6953 0.799999
      vertex 42.1399 36.6953 0
    endloop
  endfacet
  facet normal -0.972382 -0.233394 0
    outer loop
      vertex 42.1399 36.6953 0.799999
      vertex 42.2223 36.352 0
      vertex 42.2223 36.352 0.799999
    endloop
  endfacet
  facet normal -0.972387 -0.233373 0
    outer loop
      vertex 42.1399 36.6953 3.2
      vertex 42.1507 36.6503 4
      vertex 42.1399 36.6953 4
    endloop
  endfacet
  facet normal -0.972382 -0.233394 -1.27461e-06
    outer loop
      vertex 42.2223 36.352 3.2
      vertex 42.1507 36.6503 4
      vertex 42.1399 36.6953 3.2
    endloop
  endfacet
  facet normal -0.972381 -0.233398 0
    outer loop
      vertex 42.1507 36.6503 4
      vertex 42.2223 36.352 3.2
      vertex 42.2223 36.352 4.04193
    endloop
  endfacet
  facet normal -0.852581 -0.522595 0
    outer loop
      vertex 42.0048 37.0215 0
      vertex 41.8203 37.3225 0.799999
      vertex 41.8203 37.3225 0
    endloop
  endfacet
  facet normal -0.852581 -0.522595 0
    outer loop
      vertex 41.8203 37.3225 0.799999
      vertex 42.0048 37.0215 0
      vertex 42.0048 37.0215 0.799999
    endloop
  endfacet
  facet normal -0.852581 -0.522595 0
    outer loop
      vertex 42.0048 37.0215 3.2
      vertex 41.8203 37.3225 4
      vertex 41.8203 37.3225 3.2
    endloop
  endfacet
  facet normal -0.852581 -0.522595 0
    outer loop
      vertex 41.8203 37.3225 4
      vertex 42.0048 37.0215 3.2
      vertex 42.0048 37.0215 4
    endloop
  endfacet
  facet normal -0.522595 -0.852581 0
    outer loop
      vertex 41.0215 38.0048 0
      vertex 41.3225 37.8203 0.799999
      vertex 41.0215 38.0048 0.799999
    endloop
  endfacet
  facet normal -0.522595 -0.852581 -0
    outer loop
      vertex 41.3225 37.8203 0.799999
      vertex 41.0215 38.0048 0
      vertex 41.3225 37.8203 0
    endloop
  endfacet
  facet normal -0.522595 -0.852581 0
    outer loop
      vertex 41.0215 38.0048 3.2
      vertex 41.3225 37.8203 4
      vertex 41.0215 38.0048 4
    endloop
  endfacet
  facet normal -0.522595 -0.852581 -0
    outer loop
      vertex 41.3225 37.8203 4
      vertex 41.0215 38.0048 3.2
      vertex 41.3225 37.8203 3.2
    endloop
  endfacet
  facet normal -0.233394 -0.972382 0
    outer loop
      vertex 40.352 38.2223 0
      vertex 40.6953 38.1399 0.799999
      vertex 40.352 38.2223 0.799999
    endloop
  endfacet
  facet normal -0.233394 -0.972382 -0
    outer loop
      vertex 40.6953 38.1399 0.799999
      vertex 40.352 38.2223 0
      vertex 40.6953 38.1399 0
    endloop
  endfacet
  facet normal -0.233394 -0.972382 0
    outer loop
      vertex 40.352 38.2223 3.2
      vertex 40.6953 38.1399 4
      vertex 40.352 38.2223 4
    endloop
  endfacet
  facet normal -0.233394 -0.972382 -0
    outer loop
      vertex 40.6953 38.1399 4
      vertex 40.352 38.2223 3.2
      vertex 40.6953 38.1399 3.2
    endloop
  endfacet
  facet normal -0.649414 -0.760435 0
    outer loop
      vertex 41.3225 37.8203 0
      vertex 41.591 37.591 0.799999
      vertex 41.3225 37.8203 0.799999
    endloop
  endfacet
  facet normal -0.649414 -0.760435 -0
    outer loop
      vertex 41.591 37.591 0.799999
      vertex 41.3225 37.8203 0
      vertex 41.591 37.591 0
    endloop
  endfacet
  facet normal -0.649414 -0.760435 0
    outer loop
      vertex 41.3225 37.8203 3.2
      vertex 41.591 37.591 4
      vertex 41.3225 37.8203 4
    endloop
  endfacet
  facet normal -0.649414 -0.760435 -0
    outer loop
      vertex 41.591 37.591 4
      vertex 41.3225 37.8203 3.2
      vertex 41.591 37.591 3.2
    endloop
  endfacet
  facet normal 0.852581 -0.522595 0
    outer loop
      vertex 37.9952 37.0215 0.799999
      vertex 38.1797 37.3225 0
      vertex 38.1797 37.3225 0.799999
    endloop
  endfacet
  facet normal 0.852581 -0.522595 0
    outer loop
      vertex 38.1797 37.3225 0
      vertex 37.9952 37.0215 0.799999
      vertex 37.9952 37.0215 0
    endloop
  endfacet
  facet normal 0.852581 -0.522595 0
    outer loop
      vertex 37.9952 37.0215 4
      vertex 38.1797 37.3225 3.2
      vertex 38.1797 37.3225 4
    endloop
  endfacet
  facet normal 0.852581 -0.522595 0
    outer loop
      vertex 38.1797 37.3225 3.2
      vertex 37.9952 37.0215 4
      vertex 37.9952 37.0215 3.2
    endloop
  endfacet
  facet normal 0.760435 -0.649414 0
    outer loop
      vertex 38.1797 37.3225 0.799999
      vertex 38.409 37.591 0
      vertex 38.409 37.591 0.799999
    endloop
  endfacet
  facet normal 0.760435 -0.649414 0
    outer loop
      vertex 38.409 37.591 0
      vertex 38.1797 37.3225 0.799999
      vertex 38.1797 37.3225 0
    endloop
  endfacet
  facet normal 0.760435 -0.649414 0
    outer loop
      vertex 38.1797 37.3225 4
      vertex 38.409 37.591 3.2
      vertex 38.409 37.591 4
    endloop
  endfacet
  facet normal 0.760435 -0.649414 0
    outer loop
      vertex 38.409 37.591 3.2
      vertex 38.1797 37.3225 4
      vertex 38.1797 37.3225 3.2
    endloop
  endfacet
  facet normal 0.972382 -0.233394 0
    outer loop
      vertex 37.7777 36.352 0.799999
      vertex 37.8601 36.6953 0
      vertex 37.8601 36.6953 0.799999
    endloop
  endfacet
  facet normal 0.972382 -0.233394 0
    outer loop
      vertex 37.8601 36.6953 0
      vertex 37.7777 36.352 0.799999
      vertex 37.7777 36.352 0
    endloop
  endfacet
  facet normal 0.972387 -0.233373 0
    outer loop
      vertex 37.8493 36.6503 4
      vertex 37.8601 36.6953 3.2
      vertex 37.8601 36.6953 4
    endloop
  endfacet
  facet normal 0.972381 -0.233398 0
    outer loop
      vertex 37.7777 36.352 3.2
      vertex 37.8493 36.6503 4
      vertex 37.7777 36.352 4.04193
    endloop
  endfacet
  facet normal 0.972382 -0.233394 -1.27461e-06
    outer loop
      vertex 37.8493 36.6503 4
      vertex 37.7777 36.352 3.2
      vertex 37.8601 36.6953 3.2
    endloop
  endfacet
  facet normal 0.522595 -0.852581 0
    outer loop
      vertex 38.6775 37.8203 0
      vertex 38.9785 38.0048 0.799999
      vertex 38.6775 37.8203 0.799999
    endloop
  endfacet
  facet normal 0.522595 -0.852581 0
    outer loop
      vertex 38.9785 38.0048 0.799999
      vertex 38.6775 37.8203 0
      vertex 38.9785 38.0048 0
    endloop
  endfacet
  facet normal 0.522595 -0.852581 0
    outer loop
      vertex 38.6775 37.8203 3.2
      vertex 38.9785 38.0048 4
      vertex 38.6775 37.8203 4
    endloop
  endfacet
  facet normal 0.522595 -0.852581 0
    outer loop
      vertex 38.9785 38.0048 4
      vertex 38.6775 37.8203 3.2
      vertex 38.9785 38.0048 3.2
    endloop
  endfacet
  facet normal 0.0784506 -0.996918 0
    outer loop
      vertex 39.648 38.2223 0
      vertex 40 38.25 0.799999
      vertex 39.648 38.2223 0.799999
    endloop
  endfacet
  facet normal 0.0784506 -0.996918 0
    outer loop
      vertex 40 38.25 0.799999
      vertex 39.648 38.2223 0
      vertex 40 38.25 0
    endloop
  endfacet
  facet normal 0.0784506 -0.996918 0
    outer loop
      vertex 39.648 38.2223 3.2
      vertex 40 38.25 4
      vertex 39.648 38.2223 4
    endloop
  endfacet
  facet normal 0.0784506 -0.996918 0
    outer loop
      vertex 40 38.25 4
      vertex 39.648 38.2223 3.2
      vertex 40 38.25 3.2
    endloop
  endfacet
  facet normal -0.233394 0.972382 0
    outer loop
      vertex 40.6953 33.8601 0
      vertex 40.352 33.7777 0.799999
      vertex 40.6953 33.8601 0.799999
    endloop
  endfacet
  facet normal -0.233394 0.972382 0
    outer loop
      vertex 40.352 33.7777 0.799999
      vertex 40.6953 33.8601 0
      vertex 40.352 33.7777 0
    endloop
  endfacet
  facet normal -0.233394 0.972382 0
    outer loop
      vertex 40.352 33.7777 3.2
      vertex 40.6953 33.8601 4.39213
      vertex 40.6953 33.8601 3.2
    endloop
  endfacet
  facet normal -0.233394 0.972382 0
    outer loop
      vertex 40.6953 33.8601 4.39213
      vertex 40.352 33.7777 3.2
      vertex 40.352 33.7777 4.40372
    endloop
  endfacet
  facet normal -0.0784506 0.996918 0
    outer loop
      vertex 40.352 33.7777 0
      vertex 40 33.75 0.799999
      vertex 40.352 33.7777 0.799999
    endloop
  endfacet
  facet normal -0.0784506 0.996918 0
    outer loop
      vertex 40 33.75 0.799999
      vertex 40.352 33.7777 0
      vertex 40 33.75 0
    endloop
  endfacet
  facet normal -0.0784506 0.996918 0
    outer loop
      vertex 40 33.75 3.2
      vertex 40.352 33.7777 4.40372
      vertex 40.352 33.7777 3.2
    endloop
  endfacet
  facet normal -0.0784506 0.996918 0
    outer loop
      vertex 40.352 33.7777 4.40372
      vertex 40 33.75 3.2
      vertex 40 33.75 4.40761
    endloop
  endfacet
  facet normal -0.522595 0.852581 0
    outer loop
      vertex 41.3225 34.1797 0
      vertex 41.0215 33.9952 0.799999
      vertex 41.3225 34.1797 0.799999
    endloop
  endfacet
  facet normal -0.522595 0.852581 0
    outer loop
      vertex 41.0215 33.9952 0.799999
      vertex 41.3225 34.1797 0
      vertex 41.0215 33.9952 0
    endloop
  endfacet
  facet normal -0.522595 0.852581 0
    outer loop
      vertex 41.0215 33.9952 3.2
      vertex 41.3225 34.1797 4.34722
      vertex 41.3225 34.1797 3.2
    endloop
  endfacet
  facet normal -0.522595 0.852581 0
    outer loop
      vertex 41.3225 34.1797 4.34722
      vertex 41.0215 33.9952 3.2
      vertex 41.0215 33.9952 4.37315
    endloop
  endfacet
  facet normal 0.649414 0.760435 -0
    outer loop
      vertex 38.6775 34.1797 0
      vertex 38.409 34.409 0.799999
      vertex 38.6775 34.1797 0.799999
    endloop
  endfacet
  facet normal 0.649414 0.760435 0
    outer loop
      vertex 38.409 34.409 0.799999
      vertex 38.6775 34.1797 0
      vertex 38.409 34.409 0
    endloop
  endfacet
  facet normal 0.649414 0.760435 -0
    outer loop
      vertex 38.6775 34.1797 3.2
      vertex 38.409 34.409 4.31499
      vertex 38.6775 34.1797 4.34722
    endloop
  endfacet
  facet normal 0.649414 0.760435 0
    outer loop
      vertex 38.409 34.409 4.31499
      vertex 38.6775 34.1797 3.2
      vertex 38.409 34.409 3.2
    endloop
  endfacet
  facet normal 0.382644 0.923896 -0
    outer loop
      vertex 39.3047 33.8601 3.2
      vertex 38.9785 33.9952 4.37315
      vertex 39.3047 33.8601 4.39213
    endloop
  endfacet
  facet normal 0.382644 0.923896 0
    outer loop
      vertex 38.9785 33.9952 4.37315
      vertex 39.3047 33.8601 3.2
      vertex 38.9785 33.9952 3.2
    endloop
  endfacet
  facet normal 0.382644 0.923896 -0
    outer loop
      vertex 39.3047 33.8601 0
      vertex 38.9785 33.9952 0.799999
      vertex 39.3047 33.8601 0.799999
    endloop
  endfacet
  facet normal 0.382644 0.923896 0
    outer loop
      vertex 38.9785 33.9952 0.799999
      vertex 39.3047 33.8601 0
      vertex 38.9785 33.9952 0
    endloop
  endfacet
  facet normal 0.996918 0.0784506 0
    outer loop
      vertex 37.7777 35.648 0.799999
      vertex 37.75 36 0
      vertex 37.75 36 0.799999
    endloop
  endfacet
  facet normal 0.996918 0.0784506 0
    outer loop
      vertex 37.75 36 0
      vertex 37.7777 35.648 0.799999
      vertex 37.7777 35.648 0
    endloop
  endfacet
  facet normal 0.996918 0.0784506 -0
    outer loop
      vertex 37.7777 35.648 3.2
      vertex 37.75 36 4.09139
      vertex 37.7777 35.648 4.14086
    endloop
  endfacet
  facet normal 0.996918 0.0784506 0
    outer loop
      vertex 37.75 36 4.09139
      vertex 37.7777 35.648 3.2
      vertex 37.75 36 3.2
    endloop
  endfacet
  facet normal 0.852581 0.522595 0
    outer loop
      vertex 38.1797 34.6775 0.799999
      vertex 37.9952 34.9785 0
      vertex 37.9952 34.9785 0.799999
    endloop
  endfacet
  facet normal 0.852581 0.522595 0
    outer loop
      vertex 37.9952 34.9785 0
      vertex 38.1797 34.6775 0.799999
      vertex 38.1797 34.6775 0
    endloop
  endfacet
  facet normal 0.852581 0.522595 -0
    outer loop
      vertex 38.1797 34.6775 3.2
      vertex 37.9952 34.9785 4.23495
      vertex 38.1797 34.6775 4.27726
    endloop
  endfacet
  facet normal 0.852581 0.522595 0
    outer loop
      vertex 37.9952 34.9785 4.23495
      vertex 38.1797 34.6775 3.2
      vertex 37.9952 34.9785 3.2
    endloop
  endfacet
  facet normal -0.382644 -0.923896 0
    outer loop
      vertex 40.6953 38.1399 0
      vertex 41.0215 38.0048 0.799999
      vertex 40.6953 38.1399 0.799999
    endloop
  endfacet
  facet normal -0.382644 -0.923896 -0
    outer loop
      vertex 41.0215 38.0048 0.799999
      vertex 40.6953 38.1399 0
      vertex 41.0215 38.0048 0
    endloop
  endfacet
  facet normal -0.382644 -0.923896 0
    outer loop
      vertex 40.6953 38.1399 3.2
      vertex 41.0215 38.0048 4
      vertex 40.6953 38.1399 4
    endloop
  endfacet
  facet normal -0.382644 -0.923896 -0
    outer loop
      vertex 41.0215 38.0048 4
      vertex 40.6953 38.1399 3.2
      vertex 41.0215 38.0048 3.2
    endloop
  endfacet
  facet normal 0.233394 -0.972382 0
    outer loop
      vertex 39.3047 38.1399 0
      vertex 39.648 38.2223 0.799999
      vertex 39.3047 38.1399 0.799999
    endloop
  endfacet
  facet normal 0.233394 -0.972382 0
    outer loop
      vertex 39.648 38.2223 0.799999
      vertex 39.3047 38.1399 0
      vertex 39.648 38.2223 0
    endloop
  endfacet
  facet normal 0.233394 -0.972382 0
    outer loop
      vertex 39.3047 38.1399 3.2
      vertex 39.648 38.2223 4
      vertex 39.3047 38.1399 4
    endloop
  endfacet
  facet normal 0.233394 -0.972382 0
    outer loop
      vertex 39.648 38.2223 4
      vertex 39.3047 38.1399 3.2
      vertex 39.648 38.2223 3.2
    endloop
  endfacet
  facet normal -0.972382 0.233394 0
    outer loop
      vertex 42.1399 35.3047 0
      vertex 42.2223 35.648 0.799999
      vertex 42.2223 35.648 0
    endloop
  endfacet
  facet normal -0.972382 0.233394 0
    outer loop
      vertex 42.2223 35.648 0.799999
      vertex 42.1399 35.3047 0
      vertex 42.1399 35.3047 0.799999
    endloop
  endfacet
  facet normal -0.972382 0.233394 0
    outer loop
      vertex 42.1399 35.3047 3.2
      vertex 42.2223 35.648 4.14086
      vertex 42.2223 35.648 3.2
    endloop
  endfacet
  facet normal -0.972382 0.233394 0
    outer loop
      vertex 42.2223 35.648 4.14086
      vertex 42.1399 35.3047 3.2
      vertex 42.1399 35.3047 4.18911
    endloop
  endfacet
  facet normal -0.996918 0.0784506 0
    outer loop
      vertex 42.2223 35.648 3.2
      vertex 42.25 36 4.09139
      vertex 42.25 36 3.2
    endloop
  endfacet
  facet normal -0.996918 0.0784506 0
    outer loop
      vertex 42.25 36 4.09139
      vertex 42.2223 35.648 3.2
      vertex 42.2223 35.648 4.14086
    endloop
  endfacet
  facet normal -0.996918 0.0784506 0
    outer loop
      vertex 42.2223 35.648 0
      vertex 42.25 36 0.799999
      vertex 42.25 36 0
    endloop
  endfacet
  facet normal -0.996918 0.0784506 0
    outer loop
      vertex 42.25 36 0.799999
      vertex 42.2223 35.648 0
      vertex 42.2223 35.648 0.799999
    endloop
  endfacet
  facet normal -0.649414 0.760435 0
    outer loop
      vertex 41.591 34.409 0
      vertex 41.3225 34.1797 0.799999
      vertex 41.591 34.409 0.799999
    endloop
  endfacet
  facet normal -0.649414 0.760435 0
    outer loop
      vertex 41.3225 34.1797 0.799999
      vertex 41.591 34.409 0
      vertex 41.3225 34.1797 0
    endloop
  endfacet
  facet normal -0.649414 0.760435 0
    outer loop
      vertex 41.3225 34.1797 3.2
      vertex 41.591 34.409 4.31499
      vertex 41.591 34.409 3.2
    endloop
  endfacet
  facet normal -0.649414 0.760435 0
    outer loop
      vertex 41.591 34.409 4.31499
      vertex 41.3225 34.1797 3.2
      vertex 41.3225 34.1797 4.34722
    endloop
  endfacet
  facet normal -0.760435 0.649414 0
    outer loop
      vertex 41.591 34.409 0
      vertex 41.8203 34.6775 0.799999
      vertex 41.8203 34.6775 0
    endloop
  endfacet
  facet normal -0.760435 0.649414 0
    outer loop
      vertex 41.8203 34.6775 0.799999
      vertex 41.591 34.409 0
      vertex 41.591 34.409 0.799999
    endloop
  endfacet
  facet normal -0.760435 0.649414 0
    outer loop
      vertex 41.591 34.409 3.2
      vertex 41.8203 34.6775 4.27726
      vertex 41.8203 34.6775 3.2
    endloop
  endfacet
  facet normal -0.760435 0.649414 0
    outer loop
      vertex 41.8203 34.6775 4.27726
      vertex 41.591 34.409 3.2
      vertex 41.591 34.409 4.31499
    endloop
  endfacet
  facet normal 0.522595 0.852581 -0
    outer loop
      vertex 38.9785 33.9952 3.2
      vertex 38.6775 34.1797 4.34722
      vertex 38.9785 33.9952 4.37315
    endloop
  endfacet
  facet normal 0.522595 0.852581 0
    outer loop
      vertex 38.6775 34.1797 4.34722
      vertex 38.9785 33.9952 3.2
      vertex 38.6775 34.1797 3.2
    endloop
  endfacet
  facet normal 0.522595 0.852581 -0
    outer loop
      vertex 38.9785 33.9952 0
      vertex 38.6775 34.1797 0.799999
      vertex 38.9785 33.9952 0.799999
    endloop
  endfacet
  facet normal 0.522595 0.852581 0
    outer loop
      vertex 38.6775 34.1797 0.799999
      vertex 38.9785 33.9952 0
      vertex 38.6775 34.1797 0
    endloop
  endfacet
  facet normal 0.0784506 0.996918 -0
    outer loop
      vertex 40 33.75 0
      vertex 39.648 33.7777 0.799999
      vertex 40 33.75 0.799999
    endloop
  endfacet
  facet normal 0.0784506 0.996918 0
    outer loop
      vertex 39.648 33.7777 0.799999
      vertex 40 33.75 0
      vertex 39.648 33.7777 0
    endloop
  endfacet
  facet normal 0.0784506 0.996918 -0
    outer loop
      vertex 40 33.75 3.2
      vertex 39.648 33.7777 4.40372
      vertex 40 33.75 4.40761
    endloop
  endfacet
  facet normal 0.0784506 0.996918 0
    outer loop
      vertex 39.648 33.7777 4.40372
      vertex 40 33.75 3.2
      vertex 39.648 33.7777 3.2
    endloop
  endfacet
  facet normal 0.972382 0.233394 0
    outer loop
      vertex 37.8601 35.3047 0.799999
      vertex 37.7777 35.648 0
      vertex 37.7777 35.648 0.799999
    endloop
  endfacet
  facet normal 0.972382 0.233394 0
    outer loop
      vertex 37.7777 35.648 0
      vertex 37.8601 35.3047 0.799999
      vertex 37.8601 35.3047 0
    endloop
  endfacet
  facet normal 0.972382 0.233394 -0
    outer loop
      vertex 37.8601 35.3047 3.2
      vertex 37.7777 35.648 4.14086
      vertex 37.8601 35.3047 4.18911
    endloop
  endfacet
  facet normal 0.972382 0.233394 0
    outer loop
      vertex 37.7777 35.648 4.14086
      vertex 37.8601 35.3047 3.2
      vertex 37.7777 35.648 3.2
    endloop
  endfacet
  facet normal 0.923896 0.382644 -0
    outer loop
      vertex 37.9952 34.9785 3.2
      vertex 37.8601 35.3047 4.18911
      vertex 37.9952 34.9785 4.23495
    endloop
  endfacet
  facet normal 0.923896 0.382644 0
    outer loop
      vertex 37.8601 35.3047 4.18911
      vertex 37.9952 34.9785 3.2
      vertex 37.8601 35.3047 3.2
    endloop
  endfacet
  facet normal 0.923896 0.382644 0
    outer loop
      vertex 37.9952 34.9785 0.799999
      vertex 37.8601 35.3047 0
      vertex 37.8601 35.3047 0.799999
    endloop
  endfacet
  facet normal 0.923896 0.382644 0
    outer loop
      vertex 37.8601 35.3047 0
      vertex 37.9952 34.9785 0.799999
      vertex 37.9952 34.9785 0
    endloop
  endfacet
  facet normal 0.923896 -0.382644 0
    outer loop
      vertex 37.8601 36.6953 0.799999
      vertex 37.9952 37.0215 0
      vertex 37.9952 37.0215 0.799999
    endloop
  endfacet
  facet normal 0.923896 -0.382644 0
    outer loop
      vertex 37.9952 37.0215 0
      vertex 37.8601 36.6953 0.799999
      vertex 37.8601 36.6953 0
    endloop
  endfacet
  facet normal 0.923896 -0.382644 0
    outer loop
      vertex 37.8601 36.6953 4
      vertex 37.9952 37.0215 3.2
      vertex 37.9952 37.0215 4
    endloop
  endfacet
  facet normal 0.923896 -0.382644 0
    outer loop
      vertex 37.9952 37.0215 3.2
      vertex 37.8601 36.6953 4
      vertex 37.8601 36.6953 3.2
    endloop
  endfacet
  facet normal -0.923896 0.382644 0
    outer loop
      vertex 42.0048 34.9785 0
      vertex 42.1399 35.3047 0.799999
      vertex 42.1399 35.3047 0
    endloop
  endfacet
  facet normal -0.923896 0.382644 0
    outer loop
      vertex 42.1399 35.3047 0.799999
      vertex 42.0048 34.9785 0
      vertex 42.0048 34.9785 0.799999
    endloop
  endfacet
  facet normal -0.923896 0.382644 0
    outer loop
      vertex 42.0048 34.9785 3.2
      vertex 42.1399 35.3047 4.18911
      vertex 42.1399 35.3047 3.2
    endloop
  endfacet
  facet normal -0.923896 0.382644 0
    outer loop
      vertex 42.1399 35.3047 4.18911
      vertex 42.0048 34.9785 3.2
      vertex 42.0048 34.9785 4.23495
    endloop
  endfacet
  facet normal -0.382644 0.923896 0
    outer loop
      vertex 40.6953 33.8601 3.2
      vertex 41.0215 33.9952 4.37315
      vertex 41.0215 33.9952 3.2
    endloop
  endfacet
  facet normal -0.382644 0.923896 0
    outer loop
      vertex 41.0215 33.9952 4.37315
      vertex 40.6953 33.8601 3.2
      vertex 40.6953 33.8601 4.39213
    endloop
  endfacet
  facet normal -0.382644 0.923896 0
    outer loop
      vertex 41.0215 33.9952 0
      vertex 40.6953 33.8601 0.799999
      vertex 41.0215 33.9952 0.799999
    endloop
  endfacet
  facet normal -0.382644 0.923896 0
    outer loop
      vertex 40.6953 33.8601 0.799999
      vertex 41.0215 33.9952 0
      vertex 40.6953 33.8601 0
    endloop
  endfacet
  facet normal 0.233394 0.972382 -0
    outer loop
      vertex 39.648 33.7777 0
      vertex 39.3047 33.8601 0.799999
      vertex 39.648 33.7777 0.799999
    endloop
  endfacet
  facet normal 0.233394 0.972382 0
    outer loop
      vertex 39.3047 33.8601 0.799999
      vertex 39.648 33.7777 0
      vertex 39.3047 33.8601 0
    endloop
  endfacet
  facet normal 0.233394 0.972382 -0
    outer loop
      vertex 39.648 33.7777 3.2
      vertex 39.3047 33.8601 4.39213
      vertex 39.648 33.7777 4.40372
    endloop
  endfacet
  facet normal 0.233394 0.972382 0
    outer loop
      vertex 39.3047 33.8601 4.39213
      vertex 39.648 33.7777 3.2
      vertex 39.3047 33.8601 3.2
    endloop
  endfacet
  facet normal -0.728338 -0.0573152 0.682817
    outer loop
      vertex 44.5 36 3.2
      vertex 42.2223 36.352 0.799999
      vertex 42.25 36 0.799999
    endloop
  endfacet
  facet normal -0.728338 -0.0573152 0.682817
    outer loop
      vertex 42.2223 36.352 0.799999
      vertex 44.5 36 3.2
      vertex 44.4446 36.704 3.2
    endloop
  endfacet
  facet normal 0.728338 0.0573152 0.682817
    outer loop
      vertex 35.5 36 3.2
      vertex 37.7777 35.648 0.799999
      vertex 37.75 36 0.799999
    endloop
  endfacet
  facet normal 0.728338 0.0573152 0.682817
    outer loop
      vertex 37.7777 35.648 0.799999
      vertex 35.5 36 3.2
      vertex 35.5554 35.296 3.2
    endloop
  endfacet
  facet normal -0.728338 0.0573152 0.682817
    outer loop
      vertex 42.2223 35.648 0.799999
      vertex 44.5 36 3.2
      vertex 42.25 36 0.799999
    endloop
  endfacet
  facet normal -0.728338 0.0573152 0.682817
    outer loop
      vertex 44.5 36 3.2
      vertex 42.2223 35.648 0.799999
      vertex 44.4446 35.296 3.2
    endloop
  endfacet
  facet normal -0.381731 -0.622939 0.682809
    outer loop
      vertex 42.645 39.6406 3.2
      vertex 42.043 40.0095 3.2
      vertex 41.0215 38.0048 0.799999
    endloop
  endfacet
  facet normal -0.0573152 0.728338 0.682817
    outer loop
      vertex 40.352 33.7777 0.799999
      vertex 40 31.5 3.2
      vertex 40.704 31.5554 3.2
    endloop
  endfacet
  facet normal -0.0573152 0.728338 0.682817
    outer loop
      vertex 40 31.5 3.2
      vertex 40.352 33.7777 0.799999
      vertex 40 33.75 0.799999
    endloop
  endfacet
  facet normal -0.674958 -0.279646 0.682811
    outer loop
      vertex 44.2798 37.3906 3.2
      vertex 44.0095 38.043 3.2
      vertex 42.0048 37.0215 0.799999
    endloop
  endfacet
  facet normal -0.555565 0.474455 0.682817
    outer loop
      vertex 43.182 32.818 3.2
      vertex 43.6406 33.355 3.2
      vertex 41.591 34.409 0.799999
    endloop
  endfacet
  facet normal 0.474455 0.555565 0.682817
    outer loop
      vertex 37.355 32.3594 3.2
      vertex 38.409 34.409 0.799999
      vertex 36.818 32.818 3.2
    endloop
  endfacet
  facet normal 0.279646 0.674958 0.682811
    outer loop
      vertex 38.6094 31.7202 3.2
      vertex 38.9785 33.9952 0.799999
      vertex 37.957 31.9905 3.2
    endloop
  endfacet
  facet normal 0.555565 -0.474455 0.682817
    outer loop
      vertex 38.409 37.591 0.799999
      vertex 36.818 39.182 3.2
      vertex 36.3594 38.645 3.2
    endloop
  endfacet
  facet normal 0 0 -1
    outer loop
      vertex 42.25 36 3.2
      vertex 44.5 36 3.2
      vertex 44.4446 35.296 3.2
    endloop
  endfacet
  facet normal 0 0 -1
    outer loop
      vertex 42.2223 35.648 3.2
      vertex 44.4446 35.296 3.2
      vertex 44.2798 34.6094 3.2
    endloop
  endfacet
  facet normal 0 0 -1
    outer loop
      vertex 44.5 36 3.2
      vertex 42.25 36 3.2
      vertex 44.4446 36.704 3.2
    endloop
  endfacet
  facet normal 0 0 -1
    outer loop
      vertex 42.1399 35.3047 3.2
      vertex 44.2798 34.6094 3.2
      vertex 44.0095 33.957 3.2
    endloop
  endfacet
  facet normal 0 0 -1
    outer loop
      vertex 42.2223 36.352 3.2
      vertex 44.4446 36.704 3.2
      vertex 42.25 36 3.2
    endloop
  endfacet
  facet normal 0 0 -1
    outer loop
      vertex 42.0048 34.9785 3.2
      vertex 44.0095 33.957 3.2
      vertex 43.6406 33.355 3.2
    endloop
  endfacet
  facet normal -0 0 -1
    outer loop
      vertex 44.4446 36.704 3.2
      vertex 42.2223 36.352 3.2
      vertex 44.2798 37.3906 3.2
    endloop
  endfacet
  facet normal 0 0 -1
    outer loop
      vertex 41.8203 34.6775 3.2
      vertex 43.6406 33.355 3.2
      vertex 43.182 32.818 3.2
    endloop
  endfacet
  facet normal 0 0 -1
    outer loop
      vertex 42.1399 36.6953 3.2
      vertex 44.2798 37.3906 3.2
      vertex 42.2223 36.352 3.2
    endloop
  endfacet
  facet normal 0 0 -1
    outer loop
      vertex 41.591 34.409 3.2
      vertex 43.182 32.818 3.2
      vertex 42.645 32.3594 3.2
    endloop
  endfacet
  facet normal -0 0 -1
    outer loop
      vertex 44.2798 37.3906 3.2
      vertex 42.1399 36.6953 3.2
      vertex 44.0095 38.043 3.2
    endloop
  endfacet
  facet normal 0 0 -1
    outer loop
      vertex 42.0048 37.0215 3.2
      vertex 44.0095 38.043 3.2
      vertex 42.1399 36.6953 3.2
    endloop
  endfacet
  facet normal 0 0 -1
    outer loop
      vertex 44.4446 35.296 3.2
      vertex 42.2223 35.648 3.2
      vertex 42.25 36 3.2
    endloop
  endfacet
  facet normal 0 0 -1
    outer loop
      vertex 44.2798 34.6094 3.2
      vertex 42.1399 35.3047 3.2
      vertex 42.2223 35.648 3.2
    endloop
  endfacet
  facet normal 0 0 -1
    outer loop
      vertex 41.3225 34.1797 3.2
      vertex 42.645 32.3594 3.2
      vertex 42.043 31.9905 3.2
    endloop
  endfacet
  facet normal 0 0 -1
    outer loop
      vertex 44.0095 33.957 3.2
      vertex 42.0048 34.9785 3.2
      vertex 42.1399 35.3047 3.2
    endloop
  endfacet
  facet normal 0 0 -1
    outer loop
      vertex 43.6406 33.355 3.2
      vertex 41.8203 34.6775 3.2
      vertex 42.0048 34.9785 3.2
    endloop
  endfacet
  facet normal 0 0 -1
    outer loop
      vertex 43.182 32.818 3.2
      vertex 41.591 34.409 3.2
      vertex 41.8203 34.6775 3.2
    endloop
  endfacet
  facet normal 0 0 -1
    outer loop
      vertex 41.0215 33.9952 3.2
      vertex 42.043 31.9905 3.2
      vertex 41.3906 31.7202 3.2
    endloop
  endfacet
  facet normal 0 0 -1
    outer loop
      vertex 42.645 32.3594 3.2
      vertex 41.3225 34.1797 3.2
      vertex 41.591 34.409 3.2
    endloop
  endfacet
  facet normal 0 0 -1
    outer loop
      vertex 42.043 31.9905 3.2
      vertex 41.0215 33.9952 3.2
      vertex 41.3225 34.1797 3.2
    endloop
  endfacet
  facet normal 0 0 -1
    outer loop
      vertex 40.6953 33.8601 3.2
      vertex 41.3906 31.7202 3.2
      vertex 40.704 31.5554 3.2
    endloop
  endfacet
  facet normal 0 0 -1
    outer loop
      vertex 41.3906 31.7202 3.2
      vertex 40.6953 33.8601 3.2
      vertex 41.0215 33.9952 3.2
    endloop
  endfacet
  facet normal 0 0 -1
    outer loop
      vertex 40.704 31.5554 3.2
      vertex 40.352 33.7777 3.2
      vertex 40.6953 33.8601 3.2
    endloop
  endfacet
  facet normal 0 0 -1
    outer loop
      vertex 40 31.5 3.2
      vertex 40.352 33.7777 3.2
      vertex 40.704 31.5554 3.2
    endloop
  endfacet
  facet normal 0 0 -1
    outer loop
      vertex 40 31.5 3.2
      vertex 40 33.75 3.2
      vertex 40.352 33.7777 3.2
    endloop
  endfacet
  facet normal 0 0 -1
    outer loop
      vertex 40 31.5 3.2
      vertex 39.648 33.7777 3.2
      vertex 40 33.75 3.2
    endloop
  endfacet
  facet normal 0 0 -1
    outer loop
      vertex 39.296 31.5554 3.2
      vertex 39.648 33.7777 3.2
      vertex 40 31.5 3.2
    endloop
  endfacet
  facet normal -0 0 -1
    outer loop
      vertex 39.648 33.7777 3.2
      vertex 39.296 31.5554 3.2
      vertex 39.3047 33.8601 3.2
    endloop
  endfacet
  facet normal 0 0 -1
    outer loop
      vertex 38.6094 31.7202 3.2
      vertex 39.3047 33.8601 3.2
      vertex 39.296 31.5554 3.2
    endloop
  endfacet
  facet normal -0 0 -1
    outer loop
      vertex 39.3047 33.8601 3.2
      vertex 38.6094 31.7202 3.2
      vertex 38.9785 33.9952 3.2
    endloop
  endfacet
  facet normal 0 0 -1
    outer loop
      vertex 37.957 31.9905 3.2
      vertex 38.9785 33.9952 3.2
      vertex 38.6094 31.7202 3.2
    endloop
  endfacet
  facet normal -0 0 -1
    outer loop
      vertex 38.9785 33.9952 3.2
      vertex 37.957 31.9905 3.2
      vertex 38.6775 34.1797 3.2
    endloop
  endfacet
  facet normal 0 0 -1
    outer loop
      vertex 37.355 32.3594 3.2
      vertex 38.6775 34.1797 3.2
      vertex 37.957 31.9905 3.2
    endloop
  endfacet
  facet normal -0 0 -1
    outer loop
      vertex 38.6775 34.1797 3.2
      vertex 37.355 32.3594 3.2
      vertex 38.409 34.409 3.2
    endloop
  endfacet
  facet normal 0 0 -1
    outer loop
      vertex 36.818 32.818 3.2
      vertex 38.409 34.409 3.2
      vertex 37.355 32.3594 3.2
    endloop
  endfacet
  facet normal -0 0 -1
    outer loop
      vertex 38.409 34.409 3.2
      vertex 36.818 32.818 3.2
      vertex 38.1797 34.6775 3.2
    endloop
  endfacet
  facet normal 0 0 -1
    outer loop
      vertex 36.3594 33.355 3.2
      vertex 38.1797 34.6775 3.2
      vertex 36.818 32.818 3.2
    endloop
  endfacet
  facet normal -0 0 -1
    outer loop
      vertex 38.1797 34.6775 3.2
      vertex 36.3594 33.355 3.2
      vertex 37.9952 34.9785 3.2
    endloop
  endfacet
  facet normal 0 0 -1
    outer loop
      vertex 35.9905 33.957 3.2
      vertex 37.9952 34.9785 3.2
      vertex 36.3594 33.355 3.2
    endloop
  endfacet
  facet normal -0 0 -1
    outer loop
      vertex 44.0095 38.043 3.2
      vertex 42.0048 37.0215 3.2
      vertex 43.6406 38.645 3.2
    endloop
  endfacet
  facet normal 0 0 -1
    outer loop
      vertex 41.8203 37.3225 3.2
      vertex 43.6406 38.645 3.2
      vertex 42.0048 37.0215 3.2
    endloop
  endfacet
  facet normal -0 0 -1
    outer loop
      vertex 43.6406 38.645 3.2
      vertex 41.8203 37.3225 3.2
      vertex 43.182 39.182 3.2
    endloop
  endfacet
  facet normal 0 0 -1
    outer loop
      vertex 41.591 37.591 3.2
      vertex 43.182 39.182 3.2
      vertex 41.8203 37.3225 3.2
    endloop
  endfacet
  facet normal -0 0 -1
    outer loop
      vertex 43.182 39.182 3.2
      vertex 41.591 37.591 3.2
      vertex 42.645 39.6406 3.2
    endloop
  endfacet
  facet normal 0 0 -1
    outer loop
      vertex 41.3225 37.8203 3.2
      vertex 42.645 39.6406 3.2
      vertex 41.591 37.591 3.2
    endloop
  endfacet
  facet normal -0 0 -1
    outer loop
      vertex 42.645 39.6406 3.2
      vertex 41.3225 37.8203 3.2
      vertex 42.043 40.0095 3.2
    endloop
  endfacet
  facet normal 0 0 -1
    outer loop
      vertex 41.0215 38.0048 3.2
      vertex 42.043 40.0095 3.2
      vertex 41.3225 37.8203 3.2
    endloop
  endfacet
  facet normal -0 0 -1
    outer loop
      vertex 42.043 40.0095 3.2
      vertex 41.0215 38.0048 3.2
      vertex 41.3906 40.2798 3.2
    endloop
  endfacet
  facet normal 0 0 -1
    outer loop
      vertex 40.6953 38.1399 3.2
      vertex 41.3906 40.2798 3.2
      vertex 41.0215 38.0048 3.2
    endloop
  endfacet
  facet normal -0 0 -1
    outer loop
      vertex 41.3906 40.2798 3.2
      vertex 40.6953 38.1399 3.2
      vertex 40.704 40.4446 3.2
    endloop
  endfacet
  facet normal 0 0 -1
    outer loop
      vertex 40.352 38.2223 3.2
      vertex 40.704 40.4446 3.2
      vertex 40.6953 38.1399 3.2
    endloop
  endfacet
  facet normal 0 0 -1
    outer loop
      vertex 40 38.25 3.2
      vertex 40.704 40.4446 3.2
      vertex 40.352 38.2223 3.2
    endloop
  endfacet
  facet normal 0 0 -1
    outer loop
      vertex 40 38.25 3.2
      vertex 40 40.5 3.2
      vertex 40.704 40.4446 3.2
    endloop
  endfacet
  facet normal 0 0 -1
    outer loop
      vertex 39.648 38.2223 3.2
      vertex 40 40.5 3.2
      vertex 40 38.25 3.2
    endloop
  endfacet
  facet normal 0 0 -1
    outer loop
      vertex 39.296 40.4446 3.2
      vertex 39.648 38.2223 3.2
      vertex 39.3047 38.1399 3.2
    endloop
  endfacet
  facet normal 0 0 -1
    outer loop
      vertex 39.648 38.2223 3.2
      vertex 39.296 40.4446 3.2
      vertex 40 40.5 3.2
    endloop
  endfacet
  facet normal 0 0 -1
    outer loop
      vertex 38.6094 40.2798 3.2
      vertex 39.3047 38.1399 3.2
      vertex 38.9785 38.0048 3.2
    endloop
  endfacet
  facet normal 0 0 -1
    outer loop
      vertex 37.957 40.0095 3.2
      vertex 38.9785 38.0048 3.2
      vertex 38.6775 37.8203 3.2
    endloop
  endfacet
  facet normal 0 0 -1
    outer loop
      vertex 39.3047 38.1399 3.2
      vertex 38.6094 40.2798 3.2
      vertex 39.296 40.4446 3.2
    endloop
  endfacet
  facet normal 0 0 -1
    outer loop
      vertex 37.355 39.6406 3.2
      vertex 38.6775 37.8203 3.2
      vertex 38.409 37.591 3.2
    endloop
  endfacet
  facet normal 0 0 -1
    outer loop
      vertex 36.818 39.182 3.2
      vertex 38.409 37.591 3.2
      vertex 38.1797 37.3225 3.2
    endloop
  endfacet
  facet normal 0 0 -1
    outer loop
      vertex 36.3594 38.645 3.2
      vertex 38.1797 37.3225 3.2
      vertex 37.9952 37.0215 3.2
    endloop
  endfacet
  facet normal 0 0 -1
    outer loop
      vertex 38.9785 38.0048 3.2
      vertex 37.957 40.0095 3.2
      vertex 38.6094 40.2798 3.2
    endloop
  endfacet
  facet normal 0 0 -1
    outer loop
      vertex 35.9905 38.043 3.2
      vertex 37.9952 37.0215 3.2
      vertex 37.8601 36.6953 3.2
    endloop
  endfacet
  facet normal 0 0 -1
    outer loop
      vertex 35.7202 37.3906 3.2
      vertex 37.8601 36.6953 3.2
      vertex 37.7777 36.352 3.2
    endloop
  endfacet
  facet normal 0 0 -1
    outer loop
      vertex 35.5554 36.704 3.2
      vertex 37.7777 36.352 3.2
      vertex 37.75 36 3.2
    endloop
  endfacet
  facet normal -0 0 -1
    outer loop
      vertex 37.9952 34.9785 3.2
      vertex 35.9905 33.957 3.2
      vertex 37.8601 35.3047 3.2
    endloop
  endfacet
  facet normal 0 0 -1
    outer loop
      vertex 38.6775 37.8203 3.2
      vertex 37.355 39.6406 3.2
      vertex 37.957 40.0095 3.2
    endloop
  endfacet
  facet normal 0 0 -1
    outer loop
      vertex 35.7202 34.6094 3.2
      vertex 37.8601 35.3047 3.2
      vertex 35.9905 33.957 3.2
    endloop
  endfacet
  facet normal 0 0 -1
    outer loop
      vertex 38.409 37.591 3.2
      vertex 36.818 39.182 3.2
      vertex 37.355 39.6406 3.2
    endloop
  endfacet
  facet normal -0 0 -1
    outer loop
      vertex 37.8601 35.3047 3.2
      vertex 35.7202 34.6094 3.2
      vertex 37.7777 35.648 3.2
    endloop
  endfacet
  facet normal 0 0 -1
    outer loop
      vertex 38.1797 37.3225 3.2
      vertex 36.3594 38.645 3.2
      vertex 36.818 39.182 3.2
    endloop
  endfacet
  facet normal 0 0 -1
    outer loop
      vertex 35.5554 35.296 3.2
      vertex 37.7777 35.648 3.2
      vertex 35.7202 34.6094 3.2
    endloop
  endfacet
  facet normal 0 0 -1
    outer loop
      vertex 37.9952 37.0215 3.2
      vertex 35.9905 38.043 3.2
      vertex 36.3594 38.645 3.2
    endloop
  endfacet
  facet normal -0 0 -1
    outer loop
      vertex 37.7777 35.648 3.2
      vertex 35.5554 35.296 3.2
      vertex 37.75 36 3.2
    endloop
  endfacet
  facet normal 0 0 -1
    outer loop
      vertex 37.8601 36.6953 3.2
      vertex 35.7202 37.3906 3.2
      vertex 35.9905 38.043 3.2
    endloop
  endfacet
  facet normal 0 0 -1
    outer loop
      vertex 35.5 36 3.2
      vertex 37.75 36 3.2
      vertex 35.5554 35.296 3.2
    endloop
  endfacet
  facet normal 0 0 -1
    outer loop
      vertex 37.7777 36.352 3.2
      vertex 35.5554 36.704 3.2
      vertex 35.7202 37.3906 3.2
    endloop
  endfacet
  facet normal 0 0 -1
    outer loop
      vertex 37.75 36 3.2
      vertex 35.5 36 3.2
      vertex 35.5554 36.704 3.2
    endloop
  endfacet
  facet normal -0.622939 -0.381731 0.682809
    outer loop
      vertex 44.0095 38.043 3.2
      vertex 43.6406 38.645 3.2
      vertex 42.0048 37.0215 0.799999
    endloop
  endfacet
  facet normal -0.71041 0.170515 0.682819
    outer loop
      vertex 44.2798 34.6094 3.2
      vertex 44.4446 35.296 3.2
      vertex 42.2223 35.648 0.799999
    endloop
  endfacet
  facet normal -0.622939 0.381731 0.682809
    outer loop
      vertex 43.6406 33.355 3.2
      vertex 44.0095 33.957 3.2
      vertex 42.0048 34.9785 0.799999
    endloop
  endfacet
  facet normal -0.381731 0.622939 0.682809
    outer loop
      vertex 42.043 31.9905 3.2
      vertex 42.645 32.3594 3.2
      vertex 41.0215 33.9952 0.799999
    endloop
  endfacet
  facet normal -0.474455 0.555565 0.682817
    outer loop
      vertex 42.645 32.3594 3.2
      vertex 41.591 34.409 0.799999
      vertex 41.3225 34.1797 0.799999
    endloop
  endfacet
  facet normal -0.474455 0.555565 0.682817
    outer loop
      vertex 42.645 32.3594 3.2
      vertex 43.182 32.818 3.2
      vertex 41.591 34.409 0.799999
    endloop
  endfacet
  facet normal 0.622939 0.381731 0.682809
    outer loop
      vertex 36.3594 33.355 3.2
      vertex 37.9952 34.9785 0.799999
      vertex 35.9905 33.957 3.2
    endloop
  endfacet
  facet normal 0.555565 0.474455 0.682817
    outer loop
      vertex 38.409 34.409 0.799999
      vertex 38.1797 34.6775 0.799999
      vertex 36.3594 33.355 3.2
    endloop
  endfacet
  facet normal 0.555565 0.474455 0.682817
    outer loop
      vertex 36.818 32.818 3.2
      vertex 38.409 34.409 0.799999
      vertex 36.3594 33.355 3.2
    endloop
  endfacet
  facet normal 0.381731 0.622939 0.682809
    outer loop
      vertex 37.957 31.9905 3.2
      vertex 38.9785 33.9952 0.799999
      vertex 37.355 32.3594 3.2
    endloop
  endfacet
  facet normal 0.0573152 0.728338 0.682817
    outer loop
      vertex 39.648 33.7777 0.799999
      vertex 40 31.5 3.2
      vertex 40 33.75 0.799999
    endloop
  endfacet
  facet normal 0.0573152 0.728338 0.682817
    outer loop
      vertex 40 31.5 3.2
      vertex 39.648 33.7777 0.799999
      vertex 39.296 31.5554 3.2
    endloop
  endfacet
  facet normal 0.71041 -0.170515 0.682819
    outer loop
      vertex 37.7777 36.352 0.799999
      vertex 35.7202 37.3906 3.2
      vertex 35.5554 36.704 3.2
    endloop
  endfacet
  facet normal 0.728338 -0.0573152 0.682817
    outer loop
      vertex 35.5 36 3.2
      vertex 37.7777 36.352 0.799999
      vertex 35.5554 36.704 3.2
    endloop
  endfacet
  facet normal 0.728338 -0.0573152 0.682817
    outer loop
      vertex 37.7777 36.352 0.799999
      vertex 35.5 36 3.2
      vertex 37.75 36 0.799999
    endloop
  endfacet
  facet normal 0.622939 -0.381731 0.682809
    outer loop
      vertex 37.9952 37.0215 0.799999
      vertex 36.3594 38.645 3.2
      vertex 35.9905 38.043 3.2
    endloop
  endfacet
  facet normal 0.381731 -0.622939 0.682809
    outer loop
      vertex 38.9785 38.0048 0.799999
      vertex 37.957 40.0095 3.2
      vertex 37.355 39.6406 3.2
    endloop
  endfacet
  facet normal 0.0573152 -0.728338 0.682817
    outer loop
      vertex 39.648 38.2223 0.799999
      vertex 40 40.5 3.2
      vertex 39.296 40.4446 3.2
    endloop
  endfacet
  facet normal 0.0573152 -0.728338 0.682817
    outer loop
      vertex 40 40.5 3.2
      vertex 39.648 38.2223 0.799999
      vertex 40 38.25 0.799999
    endloop
  endfacet
  facet normal 0.474455 -0.555565 0.682817
    outer loop
      vertex 38.409 37.591 0.799999
      vertex 38.6775 37.8203 0.799999
      vertex 37.355 39.6406 3.2
    endloop
  endfacet
  facet normal 0.474455 -0.555565 0.682817
    outer loop
      vertex 38.409 37.591 0.799999
      vertex 37.355 39.6406 3.2
      vertex 36.818 39.182 3.2
    endloop
  endfacet
  facet normal -0.474455 -0.555565 0.682817
    outer loop
      vertex 43.182 39.182 3.2
      vertex 42.645 39.6406 3.2
      vertex 41.591 37.591 0.799999
    endloop
  endfacet
  facet normal -0.381801 -0.622884 0.68282
    outer loop
      vertex 41.3225 37.8203 0.799999
      vertex 42.645 39.6406 3.2
      vertex 41.0215 38.0048 0.799999
    endloop
  endfacet
  facet normal -0.555565 -0.474455 0.682817
    outer loop
      vertex 43.6406 38.645 3.2
      vertex 43.182 39.182 3.2
      vertex 41.591 37.591 0.799999
    endloop
  endfacet
  facet normal -0.622884 -0.381801 0.68282
    outer loop
      vertex 42.0048 37.0215 0.799999
      vertex 43.6406 38.645 3.2
      vertex 41.8203 37.3225 0.799999
    endloop
  endfacet
  facet normal -0.71041 -0.170515 0.682819
    outer loop
      vertex 44.4446 36.704 3.2
      vertex 44.2798 37.3906 3.2
      vertex 42.2223 36.352 0.799999
    endloop
  endfacet
  facet normal -0.674985 -0.279554 0.682822
    outer loop
      vertex 42.1399 36.6953 0.799999
      vertex 44.2798 37.3906 3.2
      vertex 42.0048 37.0215 0.799999
    endloop
  endfacet
  facet normal -0.622884 0.381801 0.68282
    outer loop
      vertex 43.6406 33.355 3.2
      vertex 42.0048 34.9785 0.799999
      vertex 41.8203 34.6775 0.799999
    endloop
  endfacet
  facet normal -0.555565 0.474455 0.682817
    outer loop
      vertex 43.6406 33.355 3.2
      vertex 41.8203 34.6775 0.799999
      vertex 41.591 34.409 0.799999
    endloop
  endfacet
  facet normal -0.170515 0.71041 0.682819
    outer loop
      vertex 40.704 31.5554 3.2
      vertex 41.3906 31.7202 3.2
      vertex 40.352 33.7777 0.799999
    endloop
  endfacet
  facet normal -0.279646 0.674958 0.682811
    outer loop
      vertex 41.3906 31.7202 3.2
      vertex 42.043 31.9905 3.2
      vertex 41.0215 33.9952 0.799999
    endloop
  endfacet
  facet normal -0.381801 0.622884 0.68282
    outer loop
      vertex 42.645 32.3594 3.2
      vertex 41.3225 34.1797 0.799999
      vertex 41.0215 33.9952 0.799999
    endloop
  endfacet
  facet normal 0.622884 0.381801 0.68282
    outer loop
      vertex 38.1797 34.6775 0.799999
      vertex 37.9952 34.9785 0.799999
      vertex 36.3594 33.355 3.2
    endloop
  endfacet
  facet normal 0.71041 0.170515 0.682819
    outer loop
      vertex 35.7202 34.6094 3.2
      vertex 37.7777 35.648 0.799999
      vertex 35.5554 35.296 3.2
    endloop
  endfacet
  facet normal 0.674958 0.279646 0.682811
    outer loop
      vertex 35.9905 33.957 3.2
      vertex 37.9952 34.9785 0.799999
      vertex 35.7202 34.6094 3.2
    endloop
  endfacet
  facet normal 0.381801 0.622884 0.68282
    outer loop
      vertex 38.9785 33.9952 0.799999
      vertex 38.6775 34.1797 0.799999
      vertex 37.355 32.3594 3.2
    endloop
  endfacet
  facet normal 0.474455 0.555565 0.682817
    outer loop
      vertex 38.6775 34.1797 0.799999
      vertex 38.409 34.409 0.799999
      vertex 37.355 32.3594 3.2
    endloop
  endfacet
  facet normal 0.279554 0.674985 0.682822
    outer loop
      vertex 39.3047 33.8601 0.799999
      vertex 38.9785 33.9952 0.799999
      vertex 38.6094 31.7202 3.2
    endloop
  endfacet
  facet normal 0.622884 -0.381801 0.68282
    outer loop
      vertex 37.9952 37.0215 0.799999
      vertex 38.1797 37.3225 0.799999
      vertex 36.3594 38.645 3.2
    endloop
  endfacet
  facet normal 0.555565 -0.474455 0.682817
    outer loop
      vertex 38.1797 37.3225 0.799999
      vertex 38.409 37.591 0.799999
      vertex 36.3594 38.645 3.2
    endloop
  endfacet
  facet normal 0.170515 -0.71041 0.682819
    outer loop
      vertex 39.648 38.2223 0.799999
      vertex 39.296 40.4446 3.2
      vertex 38.6094 40.2798 3.2
    endloop
  endfacet
  facet normal 0.279646 -0.674958 0.682811
    outer loop
      vertex 38.9785 38.0048 0.799999
      vertex 38.6094 40.2798 3.2
      vertex 37.957 40.0095 3.2
    endloop
  endfacet
  facet normal 0.381801 -0.622884 0.68282
    outer loop
      vertex 38.6775 37.8203 0.799999
      vertex 38.9785 38.0048 0.799999
      vertex 37.355 39.6406 3.2
    endloop
  endfacet
  facet normal -0.279646 -0.674958 0.682811
    outer loop
      vertex 42.043 40.0095 3.2
      vertex 41.3906 40.2798 3.2
      vertex 41.0215 38.0048 0.799999
    endloop
  endfacet
  facet normal -0.170515 -0.71041 0.682819
    outer loop
      vertex 41.3906 40.2798 3.2
      vertex 40.704 40.4446 3.2
      vertex 40.352 38.2223 0.799999
    endloop
  endfacet
  facet normal -0.474455 -0.555565 0.682817
    outer loop
      vertex 41.591 37.591 0.799999
      vertex 42.645 39.6406 3.2
      vertex 41.3225 37.8203 0.799999
    endloop
  endfacet
  facet normal -0.555565 -0.474455 0.682817
    outer loop
      vertex 41.8203 37.3225 0.799999
      vertex 43.6406 38.645 3.2
      vertex 41.591 37.591 0.799999
    endloop
  endfacet
  facet normal -0.71041 -0.170515 0.682819
    outer loop
      vertex 42.2223 36.352 0.799999
      vertex 44.2798 37.3906 3.2
      vertex 42.1399 36.6953 0.799999
    endloop
  endfacet
  facet normal -0.674958 0.279646 0.682811
    outer loop
      vertex 44.0095 33.957 3.2
      vertex 44.2798 34.6094 3.2
      vertex 42.0048 34.9785 0.799999
    endloop
  endfacet
  facet normal -0.71041 0.170515 0.682819
    outer loop
      vertex 44.2798 34.6094 3.2
      vertex 42.2223 35.648 0.799999
      vertex 42.1399 35.3047 0.799999
    endloop
  endfacet
  facet normal -0.170515 0.71041 0.682819
    outer loop
      vertex 41.3906 31.7202 3.2
      vertex 40.6953 33.8601 0.799999
      vertex 40.352 33.7777 0.799999
    endloop
  endfacet
  facet normal 0.71041 0.170515 0.682819
    outer loop
      vertex 37.8601 35.3047 0.799999
      vertex 37.7777 35.648 0.799999
      vertex 35.7202 34.6094 3.2
    endloop
  endfacet
  facet normal 0.170515 0.71041 0.682819
    outer loop
      vertex 39.296 31.5554 3.2
      vertex 39.648 33.7777 0.799999
      vertex 38.6094 31.7202 3.2
    endloop
  endfacet
  facet normal 0.674958 -0.279646 0.682811
    outer loop
      vertex 37.9952 37.0215 0.799999
      vertex 35.9905 38.043 3.2
      vertex 35.7202 37.3906 3.2
    endloop
  endfacet
  facet normal 0.71041 -0.170515 0.682819
    outer loop
      vertex 37.7777 36.352 0.799999
      vertex 37.8601 36.6953 0.799999
      vertex 35.7202 37.3906 3.2
    endloop
  endfacet
  facet normal 0.170515 -0.71041 0.682819
    outer loop
      vertex 39.3047 38.1399 0.799999
      vertex 39.648 38.2223 0.799999
      vertex 38.6094 40.2798 3.2
    endloop
  endfacet
  facet normal -0.0573152 -0.728338 0.682817
    outer loop
      vertex 40.352 38.2223 0.799999
      vertex 40 40.5 3.2
      vertex 40 38.25 0.799999
    endloop
  endfacet
  facet normal -0.0573152 -0.728338 0.682817
    outer loop
      vertex 40 40.5 3.2
      vertex 40.352 38.2223 0.799999
      vertex 40.704 40.4446 3.2
    endloop
  endfacet
  facet normal -0.674985 0.279554 0.682822
    outer loop
      vertex 44.2798 34.6094 3.2
      vertex 42.1399 35.3047 0.799999
      vertex 42.0048 34.9785 0.799999
    endloop
  endfacet
  facet normal -0.279554 0.674985 0.682822
    outer loop
      vertex 41.3906 31.7202 3.2
      vertex 41.0215 33.9952 0.799999
      vertex 40.6953 33.8601 0.799999
    endloop
  endfacet
  facet normal 0.674985 0.279554 0.682822
    outer loop
      vertex 37.9952 34.9785 0.799999
      vertex 37.8601 35.3047 0.799999
      vertex 35.7202 34.6094 3.2
    endloop
  endfacet
  facet normal 0.170515 0.71041 0.682819
    outer loop
      vertex 39.648 33.7777 0.799999
      vertex 39.3047 33.8601 0.799999
      vertex 38.6094 31.7202 3.2
    endloop
  endfacet
  facet normal 0.674985 -0.279554 0.682822
    outer loop
      vertex 37.8601 36.6953 0.799999
      vertex 37.9952 37.0215 0.799999
      vertex 35.7202 37.3906 3.2
    endloop
  endfacet
  facet normal 0.279554 -0.674985 0.682822
    outer loop
      vertex 38.9785 38.0048 0.799999
      vertex 39.3047 38.1399 0.799999
      vertex 38.6094 40.2798 3.2
    endloop
  endfacet
  facet normal -0.170515 -0.71041 0.682819
    outer loop
      vertex 40.6953 38.1399 0.799999
      vertex 41.3906 40.2798 3.2
      vertex 40.352 38.2223 0.799999
    endloop
  endfacet
  facet normal -0.279554 -0.674985 0.682822
    outer loop
      vertex 41.0215 38.0048 0.799999
      vertex 41.3906 40.2798 3.2
      vertex 40.6953 38.1399 0.799999
    endloop
  endfacet
endsolid OpenSCAD_Model
