solid OpenSCAD_Model
  facet normal -1 0 0
    outer loop
      vertex -34.5 -30.75 0
      vertex -34.5 30.75 2
      vertex -34.5 30.75 0
    endloop
  endfacet
  facet normal -1 -0 0
    outer loop
      vertex -34.5 30.75 2
      vertex -34.5 -30.75 0
      vertex -34.5 -30.75 2
    endloop
  endfacet
  facet normal -0 0 1
    outer loop
      vertex -27.8725 25.115 2
      vertex -26.5 22.75 2
      vertex -27.7224 25.4775 2
    endloop
  endfacet
  facet normal 0 0 1
    outer loop
      vertex -26.5 -22.75 2
      vertex -27.6308 -25.8589 2
      vertex -27.6 -26.25 2
    endloop
  endfacet
  facet normal -0 0 1
    outer loop
      vertex -28.0775 24.7805 2
      vertex -26.5 22.75 2
      vertex -27.8725 25.115 2
    endloop
  endfacet
  facet normal 0 0 1
    outer loop
      vertex -26.5 -22.75 2
      vertex -27.7224 -25.4775 2
      vertex -27.6308 -25.8589 2
    endloop
  endfacet
  facet normal -0 0 1
    outer loop
      vertex -28.3322 24.4822 2
      vertex -26.5 22.75 2
      vertex -28.0775 24.7805 2
    endloop
  endfacet
  facet normal 0 0 1
    outer loop
      vertex -26.5 -22.75 2
      vertex -27.8725 -25.115 2
      vertex -27.7224 -25.4775 2
    endloop
  endfacet
  facet normal -0 0 1
    outer loop
      vertex -28.6305 24.2275 2
      vertex -26.5 22.75 2
      vertex -28.3322 24.4822 2
    endloop
  endfacet
  facet normal 0 0 1
    outer loop
      vertex -26.5 -22.75 2
      vertex -28.0775 -24.7805 2
      vertex -27.8725 -25.115 2
    endloop
  endfacet
  facet normal -0 0 1
    outer loop
      vertex -28.965 24.0225 2
      vertex -26.5 22.75 2
      vertex -28.6305 24.2275 2
    endloop
  endfacet
  facet normal 0 0 1
    outer loop
      vertex -26.5 -22.75 2
      vertex -28.3322 -24.4822 2
      vertex -28.0775 -24.7805 2
    endloop
  endfacet
  facet normal -0 0 1
    outer loop
      vertex -29.3275 23.8724 2
      vertex -26.5 22.75 2
      vertex -28.965 24.0225 2
    endloop
  endfacet
  facet normal 0 0 1
    outer loop
      vertex -26.5 -22.75 2
      vertex -28.6305 -24.2275 2
      vertex -28.3322 -24.4822 2
    endloop
  endfacet
  facet normal -0 0 1
    outer loop
      vertex -29.7089 23.7808 2
      vertex -26.5 22.75 2
      vertex -29.3275 23.8724 2
    endloop
  endfacet
  facet normal 0 0 1
    outer loop
      vertex -26.5 -22.75 2
      vertex -28.965 -24.0225 2
      vertex -28.6305 -24.2275 2
    endloop
  endfacet
  facet normal -0 0 1
    outer loop
      vertex -30.1 23.75 2
      vertex -26.5 22.75 2
      vertex -29.7089 23.7808 2
    endloop
  endfacet
  facet normal 0 0 1
    outer loop
      vertex -26.5 -22.75 2
      vertex -29.3275 -23.8724 2
      vertex -28.965 -24.0225 2
    endloop
  endfacet
  facet normal 0 0 1
    outer loop
      vertex -30.4911 23.7808 2
      vertex -26.5 22.75 2
      vertex -30.1 23.75 2
    endloop
  endfacet
  facet normal 0 0 1
    outer loop
      vertex -26.5 -22.75 2
      vertex -29.7089 -23.7808 2
      vertex -29.3275 -23.8724 2
    endloop
  endfacet
  facet normal 0 0 1
    outer loop
      vertex -26.5 22.75 2
      vertex -30.4911 23.7808 2
      vertex -26.5 -22.75 2
    endloop
  endfacet
  facet normal 0 0 1
    outer loop
      vertex -26.5 -22.75 2
      vertex -30.1 -23.75 2
      vertex -29.7089 -23.7808 2
    endloop
  endfacet
  facet normal 0 0 1
    outer loop
      vertex -30.4911 -23.7808 2
      vertex -26.5 -22.75 2
      vertex -30.4911 23.7808 2
    endloop
  endfacet
  facet normal 0 0 1
    outer loop
      vertex -26.5 -22.75 2
      vertex -30.4911 -23.7808 2
      vertex -30.1 -23.75 2
    endloop
  endfacet
  facet normal 0 0 1
    outer loop
      vertex -30.8725 23.8724 2
      vertex -30.4911 -23.7808 2
      vertex -30.4911 23.7808 2
    endloop
  endfacet
  facet normal 0 0 1
    outer loop
      vertex -30.8725 23.8724 2
      vertex -30.8725 -23.8724 2
      vertex -30.4911 -23.7808 2
    endloop
  endfacet
  facet normal 0 0 1
    outer loop
      vertex -31.235 24.0225 2
      vertex -30.8725 -23.8724 2
      vertex -30.8725 23.8724 2
    endloop
  endfacet
  facet normal 0 0 1
    outer loop
      vertex -31.235 24.0225 2
      vertex -31.235 -24.0225 2
      vertex -30.8725 -23.8724 2
    endloop
  endfacet
  facet normal 0 0 1
    outer loop
      vertex -31.5695 24.2275 2
      vertex -31.235 -24.0225 2
      vertex -31.235 24.0225 2
    endloop
  endfacet
  facet normal 0 0 1
    outer loop
      vertex -31.5695 24.2275 2
      vertex -31.5695 -24.2275 2
      vertex -31.235 -24.0225 2
    endloop
  endfacet
  facet normal 0 0 1
    outer loop
      vertex -31.8678 24.4822 2
      vertex -31.5695 -24.2275 2
      vertex -31.5695 24.2275 2
    endloop
  endfacet
  facet normal 0 0 1
    outer loop
      vertex -31.8678 24.4822 2
      vertex -31.8678 -24.4822 2
      vertex -31.5695 -24.2275 2
    endloop
  endfacet
  facet normal 0 0 1
    outer loop
      vertex -32.1225 24.7805 2
      vertex -31.8678 -24.4822 2
      vertex -31.8678 24.4822 2
    endloop
  endfacet
  facet normal 0 0 1
    outer loop
      vertex -32.1225 24.7805 2
      vertex -32.1225 -24.7805 2
      vertex -31.8678 -24.4822 2
    endloop
  endfacet
  facet normal 0 0 1
    outer loop
      vertex -32.3275 25.115 2
      vertex -32.1225 -24.7805 2
      vertex -32.1225 24.7805 2
    endloop
  endfacet
  facet normal 0 0 1
    outer loop
      vertex -32.3275 25.115 2
      vertex -32.3275 -25.115 2
      vertex -32.1225 -24.7805 2
    endloop
  endfacet
  facet normal 0 0 1
    outer loop
      vertex -32.4776 25.4775 2
      vertex -32.3275 -25.115 2
      vertex -32.3275 25.115 2
    endloop
  endfacet
  facet normal 0 0 1
    outer loop
      vertex -32.4776 25.4775 2
      vertex -32.4776 -25.4775 2
      vertex -32.3275 -25.115 2
    endloop
  endfacet
  facet normal 0 0 1
    outer loop
      vertex -34.5 30.75 2
      vertex -32.4776 25.4775 2
      vertex -32.5692 25.8589 2
    endloop
  endfacet
  facet normal 0 0 1
    outer loop
      vertex -32.4776 25.4775 2
      vertex -34.5 30.75 2
      vertex -32.4776 -25.4775 2
    endloop
  endfacet
  facet normal 0 0 1
    outer loop
      vertex -34.5 30.75 2
      vertex -32.5692 25.8589 2
      vertex -32.6 26.25 2
    endloop
  endfacet
  facet normal 0 0 1
    outer loop
      vertex -34.5 -30.75 2
      vertex -32.4776 -25.4775 2
      vertex -34.5 30.75 2
    endloop
  endfacet
  facet normal 0 0 1
    outer loop
      vertex 34.5 30.75 2
      vertex 32.4776 25.4775 2
      vertex 34.5 -30.75 2
    endloop
  endfacet
  facet normal 0 0 1
    outer loop
      vertex 34.5 -30.75 2
      vertex 32.5692 -25.8589 2
      vertex 32.6 -26.25 2
    endloop
  endfacet
  facet normal -0 0 1
    outer loop
      vertex 32.4776 -25.4775 2
      vertex 34.5 -30.75 2
      vertex 32.4776 25.4775 2
    endloop
  endfacet
  facet normal 0 0 1
    outer loop
      vertex 34.5 -30.75 2
      vertex 32.4776 -25.4775 2
      vertex 32.5692 -25.8589 2
    endloop
  endfacet
  facet normal -0 0 1
    outer loop
      vertex 32.3275 25.115 2
      vertex 32.4776 -25.4775 2
      vertex 32.4776 25.4775 2
    endloop
  endfacet
  facet normal 0 0 1
    outer loop
      vertex 32.3275 25.115 2
      vertex 32.3275 -25.115 2
      vertex 32.4776 -25.4775 2
    endloop
  endfacet
  facet normal -0 0 1
    outer loop
      vertex 32.1225 24.7805 2
      vertex 32.3275 -25.115 2
      vertex 32.3275 25.115 2
    endloop
  endfacet
  facet normal 0 0 1
    outer loop
      vertex 32.1225 24.7805 2
      vertex 32.1225 -24.7805 2
      vertex 32.3275 -25.115 2
    endloop
  endfacet
  facet normal -0 0 1
    outer loop
      vertex 31.8678 24.4822 2
      vertex 32.1225 -24.7805 2
      vertex 32.1225 24.7805 2
    endloop
  endfacet
  facet normal 0 0 1
    outer loop
      vertex 31.8678 24.4822 2
      vertex 31.8678 -24.4822 2
      vertex 32.1225 -24.7805 2
    endloop
  endfacet
  facet normal -0 0 1
    outer loop
      vertex 31.5695 24.2275 2
      vertex 31.8678 -24.4822 2
      vertex 31.8678 24.4822 2
    endloop
  endfacet
  facet normal 0 0 1
    outer loop
      vertex 31.5695 24.2275 2
      vertex 31.5695 -24.2275 2
      vertex 31.8678 -24.4822 2
    endloop
  endfacet
  facet normal -0 0 1
    outer loop
      vertex 31.235 24.0225 2
      vertex 31.5695 -24.2275 2
      vertex 31.5695 24.2275 2
    endloop
  endfacet
  facet normal 0 0 1
    outer loop
      vertex 31.235 24.0225 2
      vertex 31.235 -24.0225 2
      vertex 31.5695 -24.2275 2
    endloop
  endfacet
  facet normal -0 0 1
    outer loop
      vertex 30.8725 23.8724 2
      vertex 31.235 -24.0225 2
      vertex 31.235 24.0225 2
    endloop
  endfacet
  facet normal 0 0 1
    outer loop
      vertex 30.8725 23.8724 2
      vertex 30.8725 -23.8724 2
      vertex 31.235 -24.0225 2
    endloop
  endfacet
  facet normal -0 0 1
    outer loop
      vertex 30.4911 23.7808 2
      vertex 30.8725 -23.8724 2
      vertex 30.8725 23.8724 2
    endloop
  endfacet
  facet normal 0 0 1
    outer loop
      vertex 30.4911 23.7808 2
      vertex 30.4911 -23.7808 2
      vertex 30.8725 -23.8724 2
    endloop
  endfacet
  facet normal 0 0 1
    outer loop
      vertex 26.5 22.75 2
      vertex 30.4911 23.7808 2
      vertex 30.1 23.75 2
    endloop
  endfacet
  facet normal 0 0 1
    outer loop
      vertex 30.4911 23.7808 2
      vertex 26.5 22.75 2
      vertex 30.4911 -23.7808 2
    endloop
  endfacet
  facet normal 0 0 1
    outer loop
      vertex 26.5 22.75 2
      vertex 30.1 23.75 2
      vertex 29.7089 23.7808 2
    endloop
  endfacet
  facet normal -0 0 1
    outer loop
      vertex 26.5 -22.75 2
      vertex 30.4911 -23.7808 2
      vertex 26.5 22.75 2
    endloop
  endfacet
  facet normal 0 0 1
    outer loop
      vertex 26.5 22.75 2
      vertex 29.7089 23.7808 2
      vertex 29.3275 23.8724 2
    endloop
  endfacet
  facet normal 0 0 1
    outer loop
      vertex 30.4911 -23.7808 2
      vertex 26.5 -22.75 2
      vertex 30.1 -23.75 2
    endloop
  endfacet
  facet normal 0 0 1
    outer loop
      vertex 26.5 22.75 2
      vertex 29.3275 23.8724 2
      vertex 28.965 24.0225 2
    endloop
  endfacet
  facet normal 0 0 1
    outer loop
      vertex 30.1 -23.75 2
      vertex 26.5 -22.75 2
      vertex 29.7089 -23.7808 2
    endloop
  endfacet
  facet normal 0 0 1
    outer loop
      vertex 26.5 22.75 2
      vertex 28.965 24.0225 2
      vertex 28.6305 24.2275 2
    endloop
  endfacet
  facet normal 0 0 1
    outer loop
      vertex 29.7089 -23.7808 2
      vertex 26.5 -22.75 2
      vertex 29.3275 -23.8724 2
    endloop
  endfacet
  facet normal 0 0 1
    outer loop
      vertex 26.5 22.75 2
      vertex 28.6305 24.2275 2
      vertex 28.3322 24.4822 2
    endloop
  endfacet
  facet normal 0 0 1
    outer loop
      vertex 29.3275 -23.8724 2
      vertex 26.5 -22.75 2
      vertex 28.965 -24.0225 2
    endloop
  endfacet
  facet normal 0 0 1
    outer loop
      vertex 26.5 22.75 2
      vertex 28.3322 24.4822 2
      vertex 28.0775 24.7805 2
    endloop
  endfacet
  facet normal 0 0 1
    outer loop
      vertex 28.965 -24.0225 2
      vertex 26.5 -22.75 2
      vertex 28.6305 -24.2275 2
    endloop
  endfacet
  facet normal 0 0 1
    outer loop
      vertex 26.5 22.75 2
      vertex 28.0775 24.7805 2
      vertex 27.8725 25.115 2
    endloop
  endfacet
  facet normal 0 0 1
    outer loop
      vertex 28.6305 -24.2275 2
      vertex 26.5 -22.75 2
      vertex 28.3322 -24.4822 2
    endloop
  endfacet
  facet normal 0 0 1
    outer loop
      vertex 26.5 22.75 2
      vertex 27.8725 25.115 2
      vertex 27.7224 25.4775 2
    endloop
  endfacet
  facet normal 0 0 1
    outer loop
      vertex 28.3322 -24.4822 2
      vertex 26.5 -22.75 2
      vertex 28.0775 -24.7805 2
    endloop
  endfacet
  facet normal 0 0 1
    outer loop
      vertex 26.5 22.75 2
      vertex 27.7224 25.4775 2
      vertex 27.6308 25.8589 2
    endloop
  endfacet
  facet normal 0 0 1
    outer loop
      vertex 28.0775 -24.7805 2
      vertex 26.5 -22.75 2
      vertex 27.8725 -25.115 2
    endloop
  endfacet
  facet normal 0 0 1
    outer loop
      vertex 26.5 22.75 2
      vertex 27.6308 25.8589 2
      vertex 27.6 26.25 2
    endloop
  endfacet
  facet normal 0 0 1
    outer loop
      vertex 27.8725 -25.115 2
      vertex 26.5 -22.75 2
      vertex 27.7224 -25.4775 2
    endloop
  endfacet
  facet normal 0 0 1
    outer loop
      vertex 32.5692 25.8589 2
      vertex 34.5 30.75 2
      vertex 32.6 26.25 2
    endloop
  endfacet
  facet normal 0 0 1
    outer loop
      vertex 34.5 30.75 2
      vertex 32.5692 26.6411 2
      vertex 32.6 26.25 2
    endloop
  endfacet
  facet normal 0 0 1
    outer loop
      vertex 34.5 30.75 2
      vertex 32.4776 27.0225 2
      vertex 32.5692 26.6411 2
    endloop
  endfacet
  facet normal 0 0 1
    outer loop
      vertex 34.5 30.75 2
      vertex 32.3275 27.385 2
      vertex 32.4776 27.0225 2
    endloop
  endfacet
  facet normal 0 0 1
    outer loop
      vertex 34.5 30.75 2
      vertex 32.1225 27.7195 2
      vertex 32.3275 27.385 2
    endloop
  endfacet
  facet normal 0 0 1
    outer loop
      vertex 34.5 30.75 2
      vertex 31.8678 28.0178 2
      vertex 32.1225 27.7195 2
    endloop
  endfacet
  facet normal 0 0 1
    outer loop
      vertex 34.5 30.75 2
      vertex 31.5695 28.2725 2
      vertex 31.8678 28.0178 2
    endloop
  endfacet
  facet normal 0 0 1
    outer loop
      vertex 34.5 30.75 2
      vertex 31.235 28.4775 2
      vertex 31.5695 28.2725 2
    endloop
  endfacet
  facet normal 0 0 1
    outer loop
      vertex 34.5 30.75 2
      vertex 30.8725 28.6276 2
      vertex 31.235 28.4775 2
    endloop
  endfacet
  facet normal 0 0 1
    outer loop
      vertex 34.5 30.75 2
      vertex 30.4911 28.7192 2
      vertex 30.8725 28.6276 2
    endloop
  endfacet
  facet normal 0 0 1
    outer loop
      vertex 34.5 30.75 2
      vertex 30.1 28.75 2
      vertex 30.4911 28.7192 2
    endloop
  endfacet
  facet normal 0 0 1
    outer loop
      vertex 34.5 30.75 2
      vertex 29.7089 28.7192 2
      vertex 30.1 28.75 2
    endloop
  endfacet
  facet normal 0 0 1
    outer loop
      vertex 34.5 30.75 2
      vertex 29.3275 28.6276 2
      vertex 29.7089 28.7192 2
    endloop
  endfacet
  facet normal 0 0 1
    outer loop
      vertex 27.7224 -25.4775 2
      vertex 26.5 -22.75 2
      vertex 27.6308 -25.8589 2
    endloop
  endfacet
  facet normal 0 0 1
    outer loop
      vertex 27.6308 26.6411 2
      vertex 26.5 22.75 2
      vertex 27.6 26.25 2
    endloop
  endfacet
  facet normal 0 0 1
    outer loop
      vertex -27.6308 26.6411 2
      vertex 27.6308 26.6411 2
      vertex 27.7224 27.0225 2
    endloop
  endfacet
  facet normal 0 0 1
    outer loop
      vertex 27.6308 26.6411 2
      vertex -26.5 22.75 2
      vertex 26.5 22.75 2
    endloop
  endfacet
  facet normal 0 0 1
    outer loop
      vertex -27.7224 27.0225 2
      vertex 27.7224 27.0225 2
      vertex 27.8725 27.385 2
    endloop
  endfacet
  facet normal 0 0 1
    outer loop
      vertex -27.8725 27.385 2
      vertex 27.8725 27.385 2
      vertex 28.0775 27.7195 2
    endloop
  endfacet
  facet normal 0 0 1
    outer loop
      vertex -28.0775 27.7195 2
      vertex 28.0775 27.7195 2
      vertex 28.3322 28.0178 2
    endloop
  endfacet
  facet normal 0 0 1
    outer loop
      vertex -28.3322 28.0178 2
      vertex 28.3322 28.0178 2
      vertex 28.6305 28.2725 2
    endloop
  endfacet
  facet normal 0 0 1
    outer loop
      vertex -28.6305 28.2725 2
      vertex 28.6305 28.2725 2
      vertex 28.965 28.4775 2
    endloop
  endfacet
  facet normal 0 0 1
    outer loop
      vertex -28.965 28.4775 2
      vertex 28.965 28.4775 2
      vertex 29.3275 28.6276 2
    endloop
  endfacet
  facet normal 0 0 1
    outer loop
      vertex -29.3275 28.6276 2
      vertex 29.3275 28.6276 2
      vertex 34.5 30.75 2
    endloop
  endfacet
  facet normal -0 0 1
    outer loop
      vertex -27.6308 25.8589 2
      vertex -26.5 22.75 2
      vertex -27.6 26.25 2
    endloop
  endfacet
  facet normal 0 0 1
    outer loop
      vertex 27.6308 26.6411 2
      vertex -27.6308 26.6411 2
      vertex -26.5 22.75 2
    endloop
  endfacet
  facet normal 0 0 1
    outer loop
      vertex -26.5 22.75 2
      vertex -27.6308 26.6411 2
      vertex -27.6 26.25 2
    endloop
  endfacet
  facet normal 0 0 1
    outer loop
      vertex 27.7224 27.0225 2
      vertex -27.7224 27.0225 2
      vertex -27.6308 26.6411 2
    endloop
  endfacet
  facet normal 0 0 1
    outer loop
      vertex 27.8725 27.385 2
      vertex -27.8725 27.385 2
      vertex -27.7224 27.0225 2
    endloop
  endfacet
  facet normal 0 0 1
    outer loop
      vertex 28.0775 27.7195 2
      vertex -28.0775 27.7195 2
      vertex -27.8725 27.385 2
    endloop
  endfacet
  facet normal 0 0 1
    outer loop
      vertex 28.3322 28.0178 2
      vertex -28.3322 28.0178 2
      vertex -28.0775 27.7195 2
    endloop
  endfacet
  facet normal 0 0 1
    outer loop
      vertex 28.6305 28.2725 2
      vertex -28.6305 28.2725 2
      vertex -28.3322 28.0178 2
    endloop
  endfacet
  facet normal 0 0 1
    outer loop
      vertex 28.965 28.4775 2
      vertex -28.965 28.4775 2
      vertex -28.6305 28.2725 2
    endloop
  endfacet
  facet normal 0 0 1
    outer loop
      vertex 29.3275 28.6276 2
      vertex -29.3275 28.6276 2
      vertex -28.965 28.4775 2
    endloop
  endfacet
  facet normal -0 0 1
    outer loop
      vertex -34.5 30.75 2
      vertex -29.3275 28.6276 2
      vertex 34.5 30.75 2
    endloop
  endfacet
  facet normal 0 0 1
    outer loop
      vertex -29.3275 28.6276 2
      vertex -34.5 30.75 2
      vertex -29.7089 28.7192 2
    endloop
  endfacet
  facet normal 0 0 1
    outer loop
      vertex -32.4776 -25.4775 2
      vertex -34.5 -30.75 2
      vertex -32.5692 -25.8589 2
    endloop
  endfacet
  facet normal 0 0 1
    outer loop
      vertex -32.5692 26.6411 2
      vertex -34.5 30.75 2
      vertex -32.6 26.25 2
    endloop
  endfacet
  facet normal 0 0 1
    outer loop
      vertex -32.4776 27.0225 2
      vertex -34.5 30.75 2
      vertex -32.5692 26.6411 2
    endloop
  endfacet
  facet normal 0 0 1
    outer loop
      vertex -32.3275 27.385 2
      vertex -34.5 30.75 2
      vertex -32.4776 27.0225 2
    endloop
  endfacet
  facet normal 0 0 1
    outer loop
      vertex -32.1225 27.7195 2
      vertex -34.5 30.75 2
      vertex -32.3275 27.385 2
    endloop
  endfacet
  facet normal 0 0 1
    outer loop
      vertex -31.8678 28.0178 2
      vertex -34.5 30.75 2
      vertex -32.1225 27.7195 2
    endloop
  endfacet
  facet normal 0 0 1
    outer loop
      vertex -31.5695 28.2725 2
      vertex -34.5 30.75 2
      vertex -31.8678 28.0178 2
    endloop
  endfacet
  facet normal 0 0 1
    outer loop
      vertex -31.235 28.4775 2
      vertex -34.5 30.75 2
      vertex -31.5695 28.2725 2
    endloop
  endfacet
  facet normal 0 0 1
    outer loop
      vertex -30.8725 28.6276 2
      vertex -34.5 30.75 2
      vertex -31.235 28.4775 2
    endloop
  endfacet
  facet normal 0 0 1
    outer loop
      vertex -30.4911 28.7192 2
      vertex -34.5 30.75 2
      vertex -30.8725 28.6276 2
    endloop
  endfacet
  facet normal 0 0 1
    outer loop
      vertex -30.1 28.75 2
      vertex -34.5 30.75 2
      vertex -30.4911 28.7192 2
    endloop
  endfacet
  facet normal 0 0 1
    outer loop
      vertex -29.7089 28.7192 2
      vertex -34.5 30.75 2
      vertex -30.1 28.75 2
    endloop
  endfacet
  facet normal 0 0 1
    outer loop
      vertex 32.4776 25.4775 2
      vertex 34.5 30.75 2
      vertex 32.5692 25.8589 2
    endloop
  endfacet
  facet normal -0 0 1
    outer loop
      vertex 32.5692 -26.6411 2
      vertex 34.5 -30.75 2
      vertex 32.6 -26.25 2
    endloop
  endfacet
  facet normal -0 0 1
    outer loop
      vertex 32.4776 -27.0225 2
      vertex 34.5 -30.75 2
      vertex 32.5692 -26.6411 2
    endloop
  endfacet
  facet normal -0 0 1
    outer loop
      vertex 32.3275 -27.385 2
      vertex 34.5 -30.75 2
      vertex 32.4776 -27.0225 2
    endloop
  endfacet
  facet normal -0 0 1
    outer loop
      vertex 32.1225 -27.7195 2
      vertex 34.5 -30.75 2
      vertex 32.3275 -27.385 2
    endloop
  endfacet
  facet normal -0 0 1
    outer loop
      vertex 31.8678 -28.0178 2
      vertex 34.5 -30.75 2
      vertex 32.1225 -27.7195 2
    endloop
  endfacet
  facet normal -0 0 1
    outer loop
      vertex 31.5695 -28.2725 2
      vertex 34.5 -30.75 2
      vertex 31.8678 -28.0178 2
    endloop
  endfacet
  facet normal -0 0 1
    outer loop
      vertex 31.235 -28.4775 2
      vertex 34.5 -30.75 2
      vertex 31.5695 -28.2725 2
    endloop
  endfacet
  facet normal -0 0 1
    outer loop
      vertex 30.8725 -28.6276 2
      vertex 34.5 -30.75 2
      vertex 31.235 -28.4775 2
    endloop
  endfacet
  facet normal -0 0 1
    outer loop
      vertex 30.4911 -28.7192 2
      vertex 34.5 -30.75 2
      vertex 30.8725 -28.6276 2
    endloop
  endfacet
  facet normal -0 0 1
    outer loop
      vertex 30.1 -28.75 2
      vertex 34.5 -30.75 2
      vertex 30.4911 -28.7192 2
    endloop
  endfacet
  facet normal 0 0 1
    outer loop
      vertex 29.7089 -28.7192 2
      vertex 34.5 -30.75 2
      vertex 30.1 -28.75 2
    endloop
  endfacet
  facet normal 0 0 1
    outer loop
      vertex 29.3275 -28.6276 2
      vertex 34.5 -30.75 2
      vertex 29.7089 -28.7192 2
    endloop
  endfacet
  facet normal 0 0 1
    outer loop
      vertex 27.6308 -25.8589 2
      vertex 26.5 -22.75 2
      vertex 27.6 -26.25 2
    endloop
  endfacet
  facet normal 0 0 1
    outer loop
      vertex 26.5 -22.75 2
      vertex 27.6308 -26.6411 2
      vertex 27.6 -26.25 2
    endloop
  endfacet
  facet normal -0 0 1
    outer loop
      vertex -26.5 -22.75 2
      vertex 27.6308 -26.6411 2
      vertex 26.5 -22.75 2
    endloop
  endfacet
  facet normal 0 0 1
    outer loop
      vertex -27.6308 -26.6411 2
      vertex 27.6308 -26.6411 2
      vertex -26.5 -22.75 2
    endloop
  endfacet
  facet normal 0 0 1
    outer loop
      vertex 27.6308 -26.6411 2
      vertex -27.6308 -26.6411 2
      vertex 27.7224 -27.0225 2
    endloop
  endfacet
  facet normal 0 0 1
    outer loop
      vertex -27.7224 -27.0225 2
      vertex 27.7224 -27.0225 2
      vertex -27.6308 -26.6411 2
    endloop
  endfacet
  facet normal 0 0 1
    outer loop
      vertex 27.7224 -27.0225 2
      vertex -27.7224 -27.0225 2
      vertex 27.8725 -27.385 2
    endloop
  endfacet
  facet normal 0 0 1
    outer loop
      vertex -27.8725 -27.385 2
      vertex 27.8725 -27.385 2
      vertex -27.7224 -27.0225 2
    endloop
  endfacet
  facet normal 0 0 1
    outer loop
      vertex 27.8725 -27.385 2
      vertex -27.8725 -27.385 2
      vertex 28.0775 -27.7195 2
    endloop
  endfacet
  facet normal 0 0 1
    outer loop
      vertex -28.0775 -27.7195 2
      vertex 28.0775 -27.7195 2
      vertex -27.8725 -27.385 2
    endloop
  endfacet
  facet normal 0 0 1
    outer loop
      vertex 28.0775 -27.7195 2
      vertex -28.0775 -27.7195 2
      vertex 28.3322 -28.0178 2
    endloop
  endfacet
  facet normal -0 0 1
    outer loop
      vertex -27.7224 25.4775 2
      vertex -26.5 22.75 2
      vertex -27.6308 25.8589 2
    endloop
  endfacet
  facet normal 0 0 1
    outer loop
      vertex -27.6308 -26.6411 2
      vertex -26.5 -22.75 2
      vertex -27.6 -26.25 2
    endloop
  endfacet
  facet normal 0 0 1
    outer loop
      vertex -28.3322 -28.0178 2
      vertex 28.3322 -28.0178 2
      vertex -28.0775 -27.7195 2
    endloop
  endfacet
  facet normal 0 0 1
    outer loop
      vertex 28.3322 -28.0178 2
      vertex -28.3322 -28.0178 2
      vertex 28.6305 -28.2725 2
    endloop
  endfacet
  facet normal 0 0 1
    outer loop
      vertex -28.6305 -28.2725 2
      vertex 28.6305 -28.2725 2
      vertex -28.3322 -28.0178 2
    endloop
  endfacet
  facet normal 0 0 1
    outer loop
      vertex 28.6305 -28.2725 2
      vertex -28.6305 -28.2725 2
      vertex 28.965 -28.4775 2
    endloop
  endfacet
  facet normal 0 0 1
    outer loop
      vertex -28.965 -28.4775 2
      vertex 28.965 -28.4775 2
      vertex -28.6305 -28.2725 2
    endloop
  endfacet
  facet normal 0 0 1
    outer loop
      vertex 28.965 -28.4775 2
      vertex -28.965 -28.4775 2
      vertex 29.3275 -28.6276 2
    endloop
  endfacet
  facet normal 0 0 1
    outer loop
      vertex -29.3275 -28.6276 2
      vertex 29.3275 -28.6276 2
      vertex -28.965 -28.4775 2
    endloop
  endfacet
  facet normal 0 0 1
    outer loop
      vertex 29.3275 -28.6276 2
      vertex -29.3275 -28.6276 2
      vertex 34.5 -30.75 2
    endloop
  endfacet
  facet normal 0 0 1
    outer loop
      vertex -34.5 -30.75 2
      vertex -29.3275 -28.6276 2
      vertex -29.7089 -28.7192 2
    endloop
  endfacet
  facet normal 0 0 1
    outer loop
      vertex -34.5 -30.75 2
      vertex -29.7089 -28.7192 2
      vertex -30.1 -28.75 2
    endloop
  endfacet
  facet normal 0 0 1
    outer loop
      vertex -29.3275 -28.6276 2
      vertex -34.5 -30.75 2
      vertex 34.5 -30.75 2
    endloop
  endfacet
  facet normal 0 0 1
    outer loop
      vertex -30.4911 -28.7192 2
      vertex -34.5 -30.75 2
      vertex -30.1 -28.75 2
    endloop
  endfacet
  facet normal 0 0 1
    outer loop
      vertex -30.8725 -28.6276 2
      vertex -34.5 -30.75 2
      vertex -30.4911 -28.7192 2
    endloop
  endfacet
  facet normal 0 0 1
    outer loop
      vertex -31.235 -28.4775 2
      vertex -34.5 -30.75 2
      vertex -30.8725 -28.6276 2
    endloop
  endfacet
  facet normal 0 0 1
    outer loop
      vertex -31.5695 -28.2725 2
      vertex -34.5 -30.75 2
      vertex -31.235 -28.4775 2
    endloop
  endfacet
  facet normal 0 0 1
    outer loop
      vertex -31.8678 -28.0178 2
      vertex -34.5 -30.75 2
      vertex -31.5695 -28.2725 2
    endloop
  endfacet
  facet normal 0 0 1
    outer loop
      vertex -32.1225 -27.7195 2
      vertex -34.5 -30.75 2
      vertex -31.8678 -28.0178 2
    endloop
  endfacet
  facet normal 0 0 1
    outer loop
      vertex -32.3275 -27.385 2
      vertex -34.5 -30.75 2
      vertex -32.1225 -27.7195 2
    endloop
  endfacet
  facet normal 0 0 1
    outer loop
      vertex -32.4776 -27.0225 2
      vertex -34.5 -30.75 2
      vertex -32.3275 -27.385 2
    endloop
  endfacet
  facet normal 0 0 1
    outer loop
      vertex -32.5692 -26.6411 2
      vertex -34.5 -30.75 2
      vertex -32.4776 -27.0225 2
    endloop
  endfacet
  facet normal 0 0 1
    outer loop
      vertex -32.6 -26.25 2
      vertex -34.5 -30.75 2
      vertex -32.5692 -26.6411 2
    endloop
  endfacet
  facet normal 0 0 1
    outer loop
      vertex -32.5692 -25.8589 2
      vertex -34.5 -30.75 2
      vertex -32.6 -26.25 2
    endloop
  endfacet
  facet normal 1 -0 0
    outer loop
      vertex 34.5 -30.75 2
      vertex 34.5 30.75 0
      vertex 34.5 30.75 2
    endloop
  endfacet
  facet normal 1 0 0
    outer loop
      vertex 34.5 30.75 0
      vertex 34.5 -30.75 2
      vertex 34.5 -30.75 0
    endloop
  endfacet
  facet normal 0 1 -0
    outer loop
      vertex 34.5 30.75 0
      vertex -34.5 30.75 2
      vertex 34.5 30.75 2
    endloop
  endfacet
  facet normal 0 1 0
    outer loop
      vertex -34.5 30.75 2
      vertex 34.5 30.75 0
      vertex -34.5 30.75 0
    endloop
  endfacet
  facet normal 0 0 -1
    outer loop
      vertex 34.5 -30.75 0
      vertex 26.5 -22.75 0
      vertex 34.5 30.75 0
    endloop
  endfacet
  facet normal 0 0 -1
    outer loop
      vertex 34.5 -30.75 0
      vertex -26.5 -22.75 0
      vertex 26.5 -22.75 0
    endloop
  endfacet
  facet normal -0 0 -1
    outer loop
      vertex -26.5 -22.75 0
      vertex -34.5 -30.75 0
      vertex -26.5 22.75 0
    endloop
  endfacet
  facet normal 0 0 -1
    outer loop
      vertex -34.5 -30.75 0
      vertex -26.5 -22.75 0
      vertex 34.5 -30.75 0
    endloop
  endfacet
  facet normal 0 0 -1
    outer loop
      vertex 26.5 22.75 0
      vertex 34.5 30.75 0
      vertex 26.5 -22.75 0
    endloop
  endfacet
  facet normal 0 0 -1
    outer loop
      vertex -26.5 22.75 0
      vertex 34.5 30.75 0
      vertex 26.5 22.75 0
    endloop
  endfacet
  facet normal 0 0 -1
    outer loop
      vertex -26.5 22.75 0
      vertex -34.5 30.75 0
      vertex 34.5 30.75 0
    endloop
  endfacet
  facet normal 0 0 -1
    outer loop
      vertex -34.5 30.75 0
      vertex -26.5 22.75 0
      vertex -34.5 -30.75 0
    endloop
  endfacet
  facet normal 0 -1 0
    outer loop
      vertex -34.5 -30.75 0
      vertex 34.5 -30.75 2
      vertex -34.5 -30.75 2
    endloop
  endfacet
  facet normal 0 -1 -0
    outer loop
      vertex 34.5 -30.75 2
      vertex -34.5 -30.75 0
      vertex 34.5 -30.75 0
    endloop
  endfacet
  facet normal 1 -0 0
    outer loop
      vertex -26.5 -22.75 2
      vertex -26.5 22.75 0
      vertex -26.5 22.75 2
    endloop
  endfacet
  facet normal 1 0 0
    outer loop
      vertex -26.5 22.75 0
      vertex -26.5 -22.75 2
      vertex -26.5 -22.75 0
    endloop
  endfacet
  facet normal -1 0 0
    outer loop
      vertex 26.5 -22.75 0
      vertex 26.5 22.75 2
      vertex 26.5 22.75 0
    endloop
  endfacet
  facet normal -1 -0 0
    outer loop
      vertex 26.5 22.75 2
      vertex 26.5 -22.75 0
      vertex 26.5 -22.75 2
    endloop
  endfacet
  facet normal 0 -1 0
    outer loop
      vertex -26.5 22.75 0
      vertex 26.5 22.75 2
      vertex -26.5 22.75 2
    endloop
  endfacet
  facet normal 0 -1 -0
    outer loop
      vertex 26.5 22.75 2
      vertex -26.5 22.75 0
      vertex 26.5 22.75 0
    endloop
  endfacet
  facet normal 0 1 -0
    outer loop
      vertex 26.5 -22.75 0
      vertex -26.5 -22.75 2
      vertex 26.5 -22.75 2
    endloop
  endfacet
  facet normal 0 1 0
    outer loop
      vertex -26.5 -22.75 2
      vertex 26.5 -22.75 0
      vertex -26.5 -22.75 0
    endloop
  endfacet
  facet normal 0.382923 -0.92378 0
    outer loop
      vertex -29.7446 -27.3437 6
      vertex -29.5779 -27.2746 7.6
      vertex -29.7446 -27.3437 7.6
    endloop
  endfacet
  facet normal 0.382923 -0.92378 0
    outer loop
      vertex -29.5779 -27.2746 7.6
      vertex -29.7446 -27.3437 6
      vertex -29.5779 -27.2746 6
    endloop
  endfacet
  facet normal 0 1 0
    outer loop
      vertex -30.4 -25.15 8.77919
      vertex -30.6263 -25.15 7.6
      vertex -31.1213 -25.15 7.61
    endloop
  endfacet
  facet normal 0 1 -0
    outer loop
      vertex -30.4 -25.15 6
      vertex -30.6263 -25.15 7.6
      vertex -30.4 -25.15 8.77919
    endloop
  endfacet
  facet normal 0 1 0
    outer loop
      vertex -30.6263 -25.15 7.6
      vertex -30.4 -25.15 6
      vertex -30.6263 -25.15 6
    endloop
  endfacet
  facet normal 0 1 0
    outer loop
      vertex -31.1213 -25.15 7.61
      vertex -30.6263 -25.15 7.6
      vertex -31.1213 -25.15 7.6
    endloop
  endfacet
  facet normal 0 1 0
    outer loop
      vertex -29.5737 -25.15 7.6
      vertex -29.0787 -25.15 7.61
      vertex -29.0787 -25.15 7.6
    endloop
  endfacet
  facet normal 0 1 0
    outer loop
      vertex -29.0787 -25.15 7.61
      vertex -29.5737 -25.15 7.6
      vertex -29.8 -25.15 8.77919
    endloop
  endfacet
  facet normal 0 1 0
    outer loop
      vertex -29.8 -25.15 6
      vertex -29.5737 -25.15 7.6
      vertex -29.5737 -25.15 6
    endloop
  endfacet
  facet normal 0 1 0
    outer loop
      vertex -29.5737 -25.15 7.6
      vertex -29.8 -25.15 6
      vertex -29.8 -25.15 8.77919
    endloop
  endfacet
  facet normal 0.233439 -0.972371 0
    outer loop
      vertex -29.8 -27.357 6
      vertex -29.7446 -27.3437 7.6
      vertex -29.8 -27.357 7.6
    endloop
  endfacet
  facet normal 0.233439 -0.972371 0
    outer loop
      vertex -29.7446 -27.3437 7.6
      vertex -29.8 -27.357 6
      vertex -29.7446 -27.3437 6
    endloop
  endfacet
  facet normal 0.92378 0.382923 0
    outer loop
      vertex -29.0063 -25.8946 7.6
      vertex -29.0754 -25.7279 6
      vertex -29.0754 -25.7279 7.6
    endloop
  endfacet
  facet normal 0.92378 0.382923 0
    outer loop
      vertex -29.0754 -25.7279 6
      vertex -29.0063 -25.8946 7.6
      vertex -29.0063 -25.8946 6
    endloop
  endfacet
  facet normal -0.92378 0.382923 0
    outer loop
      vertex -31.1937 -25.8946 6
      vertex -31.1246 -25.7279 7.6
      vertex -31.1246 -25.7279 6
    endloop
  endfacet
  facet normal -0.92378 0.382923 0
    outer loop
      vertex -31.1246 -25.7279 7.6
      vertex -31.1937 -25.8946 6
      vertex -31.1937 -25.8946 7.6
    endloop
  endfacet
  facet normal 0.706984 0.70723 -0
    outer loop
      vertex -29.2868 -25.4368 6
      vertex -29.5737 -25.15 7.6
      vertex -29.2868 -25.4368 7.6
    endloop
  endfacet
  facet normal 0.706984 0.70723 0
    outer loop
      vertex -29.5737 -25.15 7.6
      vertex -29.2868 -25.4368 6
      vertex -29.5737 -25.15 6
    endloop
  endfacet
  facet normal -0.760585 0.649239 0
    outer loop
      vertex -31.0304 -25.5741 6
      vertex -30.9132 -25.4368 7.6
      vertex -30.9132 -25.4368 6
    endloop
  endfacet
  facet normal -0.760585 0.649239 0
    outer loop
      vertex -30.9132 -25.4368 7.6
      vertex -31.0304 -25.5741 6
      vertex -31.0304 -25.5741 7.6
    endloop
  endfacet
  facet normal -0.706984 0.70723 0
    outer loop
      vertex -30.6263 -25.15 6
      vertex -30.9132 -25.4368 7.6
      vertex -30.6263 -25.15 7.6
    endloop
  endfacet
  facet normal -0.706984 0.70723 0
    outer loop
      vertex -30.9132 -25.4368 7.6
      vertex -30.6263 -25.15 6
      vertex -30.9132 -25.4368 6
    endloop
  endfacet
  facet normal -0.852761 0.522302 0
    outer loop
      vertex -31.1246 -25.7279 6
      vertex -31.0304 -25.5741 7.6
      vertex -31.0304 -25.5741 6
    endloop
  endfacet
  facet normal -0.852761 0.522302 0
    outer loop
      vertex -31.0304 -25.5741 7.6
      vertex -31.1246 -25.7279 6
      vertex -31.1246 -25.7279 7.6
    endloop
  endfacet
  facet normal -0.996899 0.078688 0
    outer loop
      vertex -31.25 -26.25 6
      vertex -31.2358 -26.0701 7.6
      vertex -31.2358 -26.0701 6
    endloop
  endfacet
  facet normal -0.996899 0.078688 0
    outer loop
      vertex -31.2358 -26.0701 7.6
      vertex -31.25 -26.25 6
      vertex -31.25 -26.25 7.6
    endloop
  endfacet
  facet normal 0 0 1
    outer loop
      vertex -28.95 -26.25 6
      vertex -27.6 -26.25 6
      vertex -27.6308 -25.8589 6
    endloop
  endfacet
  facet normal 0 0 1
    outer loop
      vertex -28.9642 -26.0701 6
      vertex -27.6308 -25.8589 6
      vertex -27.7224 -25.4775 6
    endloop
  endfacet
  facet normal 0 0 1
    outer loop
      vertex -27.6 -26.25 6
      vertex -28.95 -26.25 6
      vertex -27.6308 -26.6411 6
    endloop
  endfacet
  facet normal 0 0 1
    outer loop
      vertex -29.0063 -25.8946 6
      vertex -27.7224 -25.4775 6
      vertex -27.8725 -25.115 6
    endloop
  endfacet
  facet normal -0 0 1
    outer loop
      vertex -28.9642 -26.4299 6
      vertex -27.6308 -26.6411 6
      vertex -28.95 -26.25 6
    endloop
  endfacet
  facet normal 0 0 1
    outer loop
      vertex -29.0754 -25.7279 6
      vertex -27.8725 -25.115 6
      vertex -28.0775 -24.7805 6
    endloop
  endfacet
  facet normal 0 0 1
    outer loop
      vertex -27.6308 -26.6411 6
      vertex -28.9642 -26.4299 6
      vertex -27.7224 -27.0225 6
    endloop
  endfacet
  facet normal 0 0 1
    outer loop
      vertex -29.1696 -25.5741 6
      vertex -28.0775 -24.7805 6
      vertex -28.3322 -24.4822 6
    endloop
  endfacet
  facet normal -0 0 1
    outer loop
      vertex -29.0063 -26.6054 6
      vertex -27.7224 -27.0225 6
      vertex -28.9642 -26.4299 6
    endloop
  endfacet
  facet normal 0 0 1
    outer loop
      vertex -29.2868 -25.4368 6
      vertex -28.3322 -24.4822 6
      vertex -28.6305 -24.2275 6
    endloop
  endfacet
  facet normal 0 0 1
    outer loop
      vertex -27.7224 -27.0225 6
      vertex -29.0063 -26.6054 6
      vertex -27.8725 -27.385 6
    endloop
  endfacet
  facet normal -0 0 1
    outer loop
      vertex -29.0754 -26.7721 6
      vertex -27.8725 -27.385 6
      vertex -29.0063 -26.6054 6
    endloop
  endfacet
  facet normal 0 0 1
    outer loop
      vertex -27.6308 -25.8589 6
      vertex -28.9642 -26.0701 6
      vertex -28.95 -26.25 6
    endloop
  endfacet
  facet normal 0 0 1
    outer loop
      vertex -29.5737 -25.15 6
      vertex -28.6305 -24.2275 6
      vertex -28.965 -24.0225 6
    endloop
  endfacet
  facet normal 0 0 1
    outer loop
      vertex -27.7224 -25.4775 6
      vertex -29.0063 -25.8946 6
      vertex -28.9642 -26.0701 6
    endloop
  endfacet
  facet normal 0 0 1
    outer loop
      vertex -27.8725 -25.115 6
      vertex -29.0754 -25.7279 6
      vertex -29.0063 -25.8946 6
    endloop
  endfacet
  facet normal 0 0 1
    outer loop
      vertex -28.0775 -24.7805 6
      vertex -29.1696 -25.5741 6
      vertex -29.0754 -25.7279 6
    endloop
  endfacet
  facet normal 0 0 1
    outer loop
      vertex -28.3322 -24.4822 6
      vertex -29.2868 -25.4368 6
      vertex -29.1696 -25.5741 6
    endloop
  endfacet
  facet normal 0 0 1
    outer loop
      vertex -29.5737 -25.15 6
      vertex -28.965 -24.0225 6
      vertex -29.3275 -23.8724 6
    endloop
  endfacet
  facet normal 0 0 1
    outer loop
      vertex -28.6305 -24.2275 6
      vertex -29.5737 -25.15 6
      vertex -29.2868 -25.4368 6
    endloop
  endfacet
  facet normal 0 0 1
    outer loop
      vertex -29.7089 -23.7808 6
      vertex -29.5737 -25.15 6
      vertex -29.3275 -23.8724 6
    endloop
  endfacet
  facet normal 0 0 1
    outer loop
      vertex -29.8 -25.15 6
      vertex -29.7089 -23.7808 6
      vertex -29.8 -23.7736 6
    endloop
  endfacet
  facet normal 0 0 1
    outer loop
      vertex -29.7089 -23.7808 6
      vertex -29.8 -25.15 6
      vertex -29.5737 -25.15 6
    endloop
  endfacet
  facet normal 0 0 1
    outer loop
      vertex -27.8725 -27.385 6
      vertex -29.0754 -26.7721 6
      vertex -28.0775 -27.7195 6
    endloop
  endfacet
  facet normal -0 0 1
    outer loop
      vertex -29.1696 -26.9259 6
      vertex -28.0775 -27.7195 6
      vertex -29.0754 -26.7721 6
    endloop
  endfacet
  facet normal 0 0 1
    outer loop
      vertex -28.0775 -27.7195 6
      vertex -29.1696 -26.9259 6
      vertex -28.3322 -28.0178 6
    endloop
  endfacet
  facet normal -0 0 1
    outer loop
      vertex -29.2868 -27.0632 6
      vertex -28.3322 -28.0178 6
      vertex -29.1696 -26.9259 6
    endloop
  endfacet
  facet normal 0 0 1
    outer loop
      vertex -28.3322 -28.0178 6
      vertex -29.2868 -27.0632 6
      vertex -28.6305 -28.2725 6
    endloop
  endfacet
  facet normal -0 0 1
    outer loop
      vertex -29.4241 -27.1804 6
      vertex -28.6305 -28.2725 6
      vertex -29.2868 -27.0632 6
    endloop
  endfacet
  facet normal 0 0 1
    outer loop
      vertex -28.6305 -28.2725 6
      vertex -29.4241 -27.1804 6
      vertex -28.965 -28.4775 6
    endloop
  endfacet
  facet normal -0 0 1
    outer loop
      vertex -29.5779 -27.2746 6
      vertex -28.965 -28.4775 6
      vertex -29.4241 -27.1804 6
    endloop
  endfacet
  facet normal 0 0 1
    outer loop
      vertex -28.965 -28.4775 6
      vertex -29.5779 -27.2746 6
      vertex -29.3275 -28.6276 6
    endloop
  endfacet
  facet normal -0 0 1
    outer loop
      vertex -29.7446 -27.3437 6
      vertex -29.3275 -28.6276 6
      vertex -29.5779 -27.2746 6
    endloop
  endfacet
  facet normal -0 0 1
    outer loop
      vertex -29.8 -27.357 6
      vertex -29.3275 -28.6276 6
      vertex -29.7446 -27.3437 6
    endloop
  endfacet
  facet normal 0 0 1
    outer loop
      vertex -29.3275 -28.6276 6
      vertex -29.8 -27.357 6
      vertex -29.7089 -28.7192 6
    endloop
  endfacet
  facet normal 0 0 1
    outer loop
      vertex -29.7089 -28.7192 6
      vertex -29.8 -27.357 6
      vertex -29.8 -28.7264 6
    endloop
  endfacet
  facet normal -0 0 1
    outer loop
      vertex -30.4911 -23.7808 6
      vertex -30.4 -25.15 6
      vertex -30.4 -23.7736 6
    endloop
  endfacet
  facet normal 0 0 1
    outer loop
      vertex -30.4911 -23.7808 6
      vertex -30.6263 -25.15 6
      vertex -30.4 -25.15 6
    endloop
  endfacet
  facet normal -0 0 1
    outer loop
      vertex -30.8725 -23.8724 6
      vertex -30.6263 -25.15 6
      vertex -30.4911 -23.7808 6
    endloop
  endfacet
  facet normal -0 0 1
    outer loop
      vertex -31.235 -24.0225 6
      vertex -30.6263 -25.15 6
      vertex -30.8725 -23.8724 6
    endloop
  endfacet
  facet normal -0 0 1
    outer loop
      vertex -31.5695 -24.2275 6
      vertex -30.6263 -25.15 6
      vertex -31.235 -24.0225 6
    endloop
  endfacet
  facet normal 0 0 1
    outer loop
      vertex -30.6263 -25.15 6
      vertex -31.5695 -24.2275 6
      vertex -30.9132 -25.4368 6
    endloop
  endfacet
  facet normal -0 0 1
    outer loop
      vertex -31.8678 -24.4822 6
      vertex -30.9132 -25.4368 6
      vertex -31.5695 -24.2275 6
    endloop
  endfacet
  facet normal 0 0 1
    outer loop
      vertex -30.9132 -25.4368 6
      vertex -31.8678 -24.4822 6
      vertex -31.0304 -25.5741 6
    endloop
  endfacet
  facet normal -0 0 1
    outer loop
      vertex -32.1225 -24.7805 6
      vertex -31.0304 -25.5741 6
      vertex -31.8678 -24.4822 6
    endloop
  endfacet
  facet normal 0 0 1
    outer loop
      vertex -31.0304 -25.5741 6
      vertex -32.1225 -24.7805 6
      vertex -31.1246 -25.7279 6
    endloop
  endfacet
  facet normal -0 0 1
    outer loop
      vertex -32.3275 -25.115 6
      vertex -31.1246 -25.7279 6
      vertex -32.1225 -24.7805 6
    endloop
  endfacet
  facet normal 0 0 1
    outer loop
      vertex -30.8725 -28.6276 6
      vertex -30.4 -27.357 6
      vertex -30.4554 -27.3437 6
    endloop
  endfacet
  facet normal 0 0 1
    outer loop
      vertex -30.4 -27.357 6
      vertex -30.4911 -28.7192 6
      vertex -30.4 -28.7264 6
    endloop
  endfacet
  facet normal 0 0 1
    outer loop
      vertex -30.8725 -28.6276 6
      vertex -30.4554 -27.3437 6
      vertex -30.6221 -27.2746 6
    endloop
  endfacet
  facet normal 0 0 1
    outer loop
      vertex -31.235 -28.4775 6
      vertex -30.6221 -27.2746 6
      vertex -30.7759 -27.1804 6
    endloop
  endfacet
  facet normal 0 0 1
    outer loop
      vertex -30.4 -27.357 6
      vertex -30.8725 -28.6276 6
      vertex -30.4911 -28.7192 6
    endloop
  endfacet
  facet normal 0 0 1
    outer loop
      vertex -31.5695 -28.2725 6
      vertex -30.7759 -27.1804 6
      vertex -30.9132 -27.0632 6
    endloop
  endfacet
  facet normal 0 0 1
    outer loop
      vertex -31.8678 -28.0178 6
      vertex -30.9132 -27.0632 6
      vertex -31.0304 -26.9259 6
    endloop
  endfacet
  facet normal 0 0 1
    outer loop
      vertex -32.1225 -27.7195 6
      vertex -31.0304 -26.9259 6
      vertex -31.1246 -26.7721 6
    endloop
  endfacet
  facet normal 0 0 1
    outer loop
      vertex -32.3275 -27.385 6
      vertex -31.1246 -26.7721 6
      vertex -31.1937 -26.6054 6
    endloop
  endfacet
  facet normal 0 0 1
    outer loop
      vertex -30.6221 -27.2746 6
      vertex -31.235 -28.4775 6
      vertex -30.8725 -28.6276 6
    endloop
  endfacet
  facet normal 0 0 1
    outer loop
      vertex -32.4776 -27.0225 6
      vertex -31.1937 -26.6054 6
      vertex -31.2358 -26.4299 6
    endloop
  endfacet
  facet normal 0 0 1
    outer loop
      vertex -32.5692 -26.6411 6
      vertex -31.2358 -26.4299 6
      vertex -31.25 -26.25 6
    endloop
  endfacet
  facet normal 0 0 1
    outer loop
      vertex -31.1246 -25.7279 6
      vertex -32.3275 -25.115 6
      vertex -31.1937 -25.8946 6
    endloop
  endfacet
  facet normal 0 0 1
    outer loop
      vertex -30.7759 -27.1804 6
      vertex -31.5695 -28.2725 6
      vertex -31.235 -28.4775 6
    endloop
  endfacet
  facet normal -0 0 1
    outer loop
      vertex -32.4776 -25.4775 6
      vertex -31.1937 -25.8946 6
      vertex -32.3275 -25.115 6
    endloop
  endfacet
  facet normal 0 0 1
    outer loop
      vertex -30.9132 -27.0632 6
      vertex -31.8678 -28.0178 6
      vertex -31.5695 -28.2725 6
    endloop
  endfacet
  facet normal 0 0 1
    outer loop
      vertex -31.1937 -25.8946 6
      vertex -32.4776 -25.4775 6
      vertex -31.2358 -26.0701 6
    endloop
  endfacet
  facet normal 0 0 1
    outer loop
      vertex -31.0304 -26.9259 6
      vertex -32.1225 -27.7195 6
      vertex -31.8678 -28.0178 6
    endloop
  endfacet
  facet normal -0 0 1
    outer loop
      vertex -32.5692 -25.8589 6
      vertex -31.2358 -26.0701 6
      vertex -32.4776 -25.4775 6
    endloop
  endfacet
  facet normal 0 0 1
    outer loop
      vertex -31.1246 -26.7721 6
      vertex -32.3275 -27.385 6
      vertex -32.1225 -27.7195 6
    endloop
  endfacet
  facet normal 0 0 1
    outer loop
      vertex -31.2358 -26.0701 6
      vertex -32.5692 -25.8589 6
      vertex -31.25 -26.25 6
    endloop
  endfacet
  facet normal 0 0 1
    outer loop
      vertex -31.1937 -26.6054 6
      vertex -32.4776 -27.0225 6
      vertex -32.3275 -27.385 6
    endloop
  endfacet
  facet normal 0 0 1
    outer loop
      vertex -32.6 -26.25 6
      vertex -31.25 -26.25 6
      vertex -32.5692 -25.8589 6
    endloop
  endfacet
  facet normal 0 0 1
    outer loop
      vertex -31.2358 -26.4299 6
      vertex -32.5692 -26.6411 6
      vertex -32.4776 -27.0225 6
    endloop
  endfacet
  facet normal 0 0 1
    outer loop
      vertex -31.25 -26.25 6
      vertex -32.6 -26.25 6
      vertex -32.5692 -26.6411 6
    endloop
  endfacet
  facet normal -0.996899 -0.078688 0
    outer loop
      vertex -31.2358 -26.4299 6
      vertex -31.25 -26.25 7.6
      vertex -31.25 -26.25 6
    endloop
  endfacet
  facet normal -0.996899 -0.078688 0
    outer loop
      vertex -31.25 -26.25 7.6
      vertex -31.2358 -26.4299 6
      vertex -31.2358 -26.4299 7.6
    endloop
  endfacet
  facet normal -0.972412 0.233268 0
    outer loop
      vertex -31.2358 -26.0701 6
      vertex -31.1937 -25.8946 7.6
      vertex -31.1937 -25.8946 6
    endloop
  endfacet
  facet normal -0.972412 0.233268 0
    outer loop
      vertex -31.1937 -25.8946 7.6
      vertex -31.2358 -26.0701 6
      vertex -31.2358 -26.0701 7.6
    endloop
  endfacet
  facet normal -0.92378 -0.382923 0
    outer loop
      vertex -31.1246 -26.7721 6
      vertex -31.1937 -26.6054 7.6
      vertex -31.1937 -26.6054 6
    endloop
  endfacet
  facet normal -0.92378 -0.382923 0
    outer loop
      vertex -31.1937 -26.6054 7.6
      vertex -31.1246 -26.7721 6
      vertex -31.1246 -26.7721 7.6
    endloop
  endfacet
  facet normal -0.760585 -0.649239 0
    outer loop
      vertex -30.9132 -27.0632 6
      vertex -31.0304 -26.9259 7.6
      vertex -31.0304 -26.9259 6
    endloop
  endfacet
  facet normal -0.760585 -0.649239 0
    outer loop
      vertex -31.0304 -26.9259 7.6
      vertex -30.9132 -27.0632 6
      vertex -30.9132 -27.0632 7.6
    endloop
  endfacet
  facet normal -0.522302 -0.852761 0
    outer loop
      vertex -30.7759 -27.1804 6
      vertex -30.6221 -27.2746 7.6
      vertex -30.7759 -27.1804 7.6
    endloop
  endfacet
  facet normal -0.522302 -0.852761 -0
    outer loop
      vertex -30.6221 -27.2746 7.6
      vertex -30.7759 -27.1804 6
      vertex -30.6221 -27.2746 6
    endloop
  endfacet
  facet normal 0.760585 0.649239 0
    outer loop
      vertex -29.1696 -25.5741 7.6
      vertex -29.2868 -25.4368 6
      vertex -29.2868 -25.4368 7.6
    endloop
  endfacet
  facet normal 0.760585 0.649239 0
    outer loop
      vertex -29.2868 -25.4368 6
      vertex -29.1696 -25.5741 7.6
      vertex -29.1696 -25.5741 6
    endloop
  endfacet
  facet normal 0.852761 0.522302 0
    outer loop
      vertex -29.0754 -25.7279 7.6
      vertex -29.1696 -25.5741 6
      vertex -29.1696 -25.5741 7.6
    endloop
  endfacet
  facet normal 0.852761 0.522302 0
    outer loop
      vertex -29.1696 -25.5741 6
      vertex -29.0754 -25.7279 7.6
      vertex -29.0754 -25.7279 6
    endloop
  endfacet
  facet normal 0.972412 -0.233268 0
    outer loop
      vertex -29.0063 -26.6054 7.6
      vertex -28.9642 -26.4299 6
      vertex -28.9642 -26.4299 7.6
    endloop
  endfacet
  facet normal 0.972412 -0.233268 0
    outer loop
      vertex -28.9642 -26.4299 6
      vertex -29.0063 -26.6054 7.6
      vertex -29.0063 -26.6054 6
    endloop
  endfacet
  facet normal 0.760585 -0.649239 0
    outer loop
      vertex -29.2868 -27.0632 7.6
      vertex -29.1696 -26.9259 6
      vertex -29.1696 -26.9259 7.6
    endloop
  endfacet
  facet normal 0.760585 -0.649239 0
    outer loop
      vertex -29.1696 -26.9259 6
      vertex -29.2868 -27.0632 7.6
      vertex -29.2868 -27.0632 6
    endloop
  endfacet
  facet normal 0.522302 -0.852761 0
    outer loop
      vertex -29.5779 -27.2746 6
      vertex -29.4241 -27.1804 7.6
      vertex -29.5779 -27.2746 7.6
    endloop
  endfacet
  facet normal 0.522302 -0.852761 0
    outer loop
      vertex -29.4241 -27.1804 7.6
      vertex -29.5779 -27.2746 6
      vertex -29.4241 -27.1804 6
    endloop
  endfacet
  facet normal -0.972412 -0.233268 0
    outer loop
      vertex -31.1937 -26.6054 6
      vertex -31.2358 -26.4299 7.6
      vertex -31.2358 -26.4299 6
    endloop
  endfacet
  facet normal -0.972412 -0.233268 0
    outer loop
      vertex -31.2358 -26.4299 7.6
      vertex -31.1937 -26.6054 6
      vertex -31.1937 -26.6054 7.6
    endloop
  endfacet
  facet normal 0 0 -1
    outer loop
      vertex -28.95 -26.25 7.6
      vertex -28.6 -26.25 7.6
      vertex -28.6185 -26.4846 7.6
    endloop
  endfacet
  facet normal 0 0 -1
    outer loop
      vertex -28.9642 -26.4299 7.6
      vertex -28.6185 -26.4846 7.6
      vertex -28.6734 -26.7135 7.6
    endloop
  endfacet
  facet normal 0 0 -1
    outer loop
      vertex -28.6 -26.25 7.6
      vertex -28.95 -26.25 7.6
      vertex -28.6185 -26.0154 7.6
    endloop
  endfacet
  facet normal 0 0 -1
    outer loop
      vertex -29.0063 -26.6054 7.6
      vertex -28.6734 -26.7135 7.6
      vertex -28.7635 -26.931 7.6
    endloop
  endfacet
  facet normal 0 0 -1
    outer loop
      vertex -28.9642 -26.0701 7.6
      vertex -28.6185 -26.0154 7.6
      vertex -28.95 -26.25 7.6
    endloop
  endfacet
  facet normal 0 0 -1
    outer loop
      vertex -29.0754 -26.7721 7.6
      vertex -28.7635 -26.931 7.6
      vertex -28.8865 -27.1317 7.6
    endloop
  endfacet
  facet normal -0 0 -1
    outer loop
      vertex -28.6185 -26.0154 7.6
      vertex -28.9642 -26.0701 7.6
      vertex -28.6734 -25.7865 7.6
    endloop
  endfacet
  facet normal 0 0 -1
    outer loop
      vertex -29.0063 -25.8946 7.6
      vertex -28.6734 -25.7865 7.6
      vertex -28.9642 -26.0701 7.6
    endloop
  endfacet
  facet normal 0 0 -1
    outer loop
      vertex -28.6185 -26.4846 7.6
      vertex -28.9642 -26.4299 7.6
      vertex -28.95 -26.25 7.6
    endloop
  endfacet
  facet normal 0 0 -1
    outer loop
      vertex -28.6734 -26.7135 7.6
      vertex -29.0063 -26.6054 7.6
      vertex -28.9642 -26.4299 7.6
    endloop
  endfacet
  facet normal 0 0 -1
    outer loop
      vertex -29.1696 -26.9259 7.6
      vertex -28.8865 -27.1317 7.6
      vertex -29.0393 -27.3107 7.6
    endloop
  endfacet
  facet normal 0 0 -1
    outer loop
      vertex -28.7635 -26.931 7.6
      vertex -29.0754 -26.7721 7.6
      vertex -29.0063 -26.6054 7.6
    endloop
  endfacet
  facet normal 0 0 -1
    outer loop
      vertex -28.8865 -27.1317 7.6
      vertex -29.1696 -26.9259 7.6
      vertex -29.0754 -26.7721 7.6
    endloop
  endfacet
  facet normal 0 0 -1
    outer loop
      vertex -29.2868 -27.0632 7.6
      vertex -29.0393 -27.3107 7.6
      vertex -29.2183 -27.4635 7.6
    endloop
  endfacet
  facet normal 0 0 -1
    outer loop
      vertex -29.0393 -27.3107 7.6
      vertex -29.2868 -27.0632 7.6
      vertex -29.1696 -26.9259 7.6
    endloop
  endfacet
  facet normal 0 0 -1
    outer loop
      vertex -29.4241 -27.1804 7.6
      vertex -29.2183 -27.4635 7.6
      vertex -29.419 -27.5865 7.6
    endloop
  endfacet
  facet normal 0 0 -1
    outer loop
      vertex -29.2183 -27.4635 7.6
      vertex -29.4241 -27.1804 7.6
      vertex -29.2868 -27.0632 7.6
    endloop
  endfacet
  facet normal 0 0 -1
    outer loop
      vertex -29.419 -27.5865 7.6
      vertex -29.5779 -27.2746 7.6
      vertex -29.4241 -27.1804 7.6
    endloop
  endfacet
  facet normal 0 0 -1
    outer loop
      vertex -29.6365 -27.6766 7.6
      vertex -29.5779 -27.2746 7.6
      vertex -29.419 -27.5865 7.6
    endloop
  endfacet
  facet normal 0 0 -1
    outer loop
      vertex -29.6365 -27.6766 7.6
      vertex -29.7446 -27.3437 7.6
      vertex -29.5779 -27.2746 7.6
    endloop
  endfacet
  facet normal 0 0 -1
    outer loop
      vertex -29.8 -27.357 7.6
      vertex -29.6365 -27.6766 7.6
      vertex -29.8 -27.7158 7.6
    endloop
  endfacet
  facet normal 0 0 -1
    outer loop
      vertex -29.6365 -27.6766 7.6
      vertex -29.8 -27.357 7.6
      vertex -29.7446 -27.3437 7.6
    endloop
  endfacet
  facet normal -0 0 -1
    outer loop
      vertex -28.6734 -25.7865 7.6
      vertex -29.0063 -25.8946 7.6
      vertex -28.7635 -25.569 7.6
    endloop
  endfacet
  facet normal 0 0 -1
    outer loop
      vertex -29.0754 -25.7279 7.6
      vertex -28.7635 -25.569 7.6
      vertex -29.0063 -25.8946 7.6
    endloop
  endfacet
  facet normal -0 0 -1
    outer loop
      vertex -28.7635 -25.569 7.6
      vertex -29.0754 -25.7279 7.6
      vertex -28.8865 -25.3683 7.6
    endloop
  endfacet
  facet normal 0 0 -1
    outer loop
      vertex -29.1696 -25.5741 7.6
      vertex -28.8865 -25.3683 7.6
      vertex -29.0754 -25.7279 7.6
    endloop
  endfacet
  facet normal -0 0 -1
    outer loop
      vertex -28.8865 -25.3683 7.6
      vertex -29.1696 -25.5741 7.6
      vertex -29.0393 -25.1893 7.6
    endloop
  endfacet
  facet normal 0 0 -1
    outer loop
      vertex -29.2868 -25.4368 7.6
      vertex -29.0393 -25.1893 7.6
      vertex -29.1696 -25.5741 7.6
    endloop
  endfacet
  facet normal -0 0 -1
    outer loop
      vertex -29.0393 -25.1893 7.6
      vertex -29.2868 -25.4368 7.6
      vertex -29.0787 -25.15 7.6
    endloop
  endfacet
  facet normal -0 0 -1
    outer loop
      vertex -29.0787 -25.15 7.6
      vertex -29.2868 -25.4368 7.6
      vertex -29.5737 -25.15 7.6
    endloop
  endfacet
  facet normal 0 0 -1
    outer loop
      vertex -30.5635 -27.6766 7.6
      vertex -30.4 -27.357 7.6
      vertex -30.4 -27.7158 7.6
    endloop
  endfacet
  facet normal -0 0 -1
    outer loop
      vertex -30.4 -27.357 7.6
      vertex -30.5635 -27.6766 7.6
      vertex -30.4554 -27.3437 7.6
    endloop
  endfacet
  facet normal 0 0 -1
    outer loop
      vertex -30.5635 -27.6766 7.6
      vertex -30.6221 -27.2746 7.6
      vertex -30.4554 -27.3437 7.6
    endloop
  endfacet
  facet normal 0 0 -1
    outer loop
      vertex -30.781 -27.5865 7.6
      vertex -30.6221 -27.2746 7.6
      vertex -30.5635 -27.6766 7.6
    endloop
  endfacet
  facet normal -0 0 -1
    outer loop
      vertex -30.6221 -27.2746 7.6
      vertex -30.781 -27.5865 7.6
      vertex -30.7759 -27.1804 7.6
    endloop
  endfacet
  facet normal 0 0 -1
    outer loop
      vertex -30.9817 -27.4635 7.6
      vertex -30.7759 -27.1804 7.6
      vertex -30.781 -27.5865 7.6
    endloop
  endfacet
  facet normal -0 0 -1
    outer loop
      vertex -30.7759 -27.1804 7.6
      vertex -30.9817 -27.4635 7.6
      vertex -30.9132 -27.0632 7.6
    endloop
  endfacet
  facet normal 0 0 -1
    outer loop
      vertex -31.1607 -27.3107 7.6
      vertex -30.9132 -27.0632 7.6
      vertex -30.9817 -27.4635 7.6
    endloop
  endfacet
  facet normal -0 0 -1
    outer loop
      vertex -30.9132 -27.0632 7.6
      vertex -31.1607 -27.3107 7.6
      vertex -31.0304 -26.9259 7.6
    endloop
  endfacet
  facet normal 0 0 -1
    outer loop
      vertex -31.3135 -27.1317 7.6
      vertex -31.0304 -26.9259 7.6
      vertex -31.1607 -27.3107 7.6
    endloop
  endfacet
  facet normal -0 0 -1
    outer loop
      vertex -31.0304 -26.9259 7.6
      vertex -31.3135 -27.1317 7.6
      vertex -31.1246 -26.7721 7.6
    endloop
  endfacet
  facet normal 0 0 -1
    outer loop
      vertex -31.4365 -26.931 7.6
      vertex -31.1246 -26.7721 7.6
      vertex -31.3135 -27.1317 7.6
    endloop
  endfacet
  facet normal 0 0 -1
    outer loop
      vertex -31.5266 -26.7135 7.6
      vertex -31.1937 -26.6054 7.6
      vertex -31.4365 -26.931 7.6
    endloop
  endfacet
  facet normal -0 0 -1
    outer loop
      vertex -31.1246 -26.7721 7.6
      vertex -31.4365 -26.931 7.6
      vertex -31.1937 -26.6054 7.6
    endloop
  endfacet
  facet normal 0 0 -1
    outer loop
      vertex -30.9132 -25.4368 7.6
      vertex -31.1213 -25.15 7.6
      vertex -30.6263 -25.15 7.6
    endloop
  endfacet
  facet normal 0 0 -1
    outer loop
      vertex -31.1607 -25.1893 7.6
      vertex -30.9132 -25.4368 7.6
      vertex -31.0304 -25.5741 7.6
    endloop
  endfacet
  facet normal 0 0 -1
    outer loop
      vertex -31.3135 -25.3683 7.6
      vertex -31.0304 -25.5741 7.6
      vertex -31.1246 -25.7279 7.6
    endloop
  endfacet
  facet normal 0 0 -1
    outer loop
      vertex -30.9132 -25.4368 7.6
      vertex -31.1607 -25.1893 7.6
      vertex -31.1213 -25.15 7.6
    endloop
  endfacet
  facet normal 0 0 -1
    outer loop
      vertex -31.4365 -25.569 7.6
      vertex -31.1246 -25.7279 7.6
      vertex -31.1937 -25.8946 7.6
    endloop
  endfacet
  facet normal 0 0 -1
    outer loop
      vertex -31.5266 -25.7865 7.6
      vertex -31.1937 -25.8946 7.6
      vertex -31.2358 -26.0701 7.6
    endloop
  endfacet
  facet normal 0 0 -1
    outer loop
      vertex -31.0304 -25.5741 7.6
      vertex -31.3135 -25.3683 7.6
      vertex -31.1607 -25.1893 7.6
    endloop
  endfacet
  facet normal 0 0 -1
    outer loop
      vertex -31.5815 -26.0154 7.6
      vertex -31.2358 -26.0701 7.6
      vertex -31.25 -26.25 7.6
    endloop
  endfacet
  facet normal -0 0 -1
    outer loop
      vertex -31.1937 -26.6054 7.6
      vertex -31.5266 -26.7135 7.6
      vertex -31.2358 -26.4299 7.6
    endloop
  endfacet
  facet normal 0 0 -1
    outer loop
      vertex -31.5815 -26.4846 7.6
      vertex -31.2358 -26.4299 7.6
      vertex -31.5266 -26.7135 7.6
    endloop
  endfacet
  facet normal 0 0 -1
    outer loop
      vertex -31.1246 -25.7279 7.6
      vertex -31.4365 -25.569 7.6
      vertex -31.3135 -25.3683 7.6
    endloop
  endfacet
  facet normal -0 0 -1
    outer loop
      vertex -31.2358 -26.4299 7.6
      vertex -31.5815 -26.4846 7.6
      vertex -31.25 -26.25 7.6
    endloop
  endfacet
  facet normal 0 0 -1
    outer loop
      vertex -31.1937 -25.8946 7.6
      vertex -31.5266 -25.7865 7.6
      vertex -31.4365 -25.569 7.6
    endloop
  endfacet
  facet normal 0 0 -1
    outer loop
      vertex -31.6 -26.25 7.6
      vertex -31.25 -26.25 7.6
      vertex -31.5815 -26.4846 7.6
    endloop
  endfacet
  facet normal 0 0 -1
    outer loop
      vertex -31.2358 -26.0701 7.6
      vertex -31.5815 -26.0154 7.6
      vertex -31.5266 -25.7865 7.6
    endloop
  endfacet
  facet normal 0 0 -1
    outer loop
      vertex -31.25 -26.25 7.6
      vertex -31.6 -26.25 7.6
      vertex -31.5815 -26.0154 7.6
    endloop
  endfacet
  facet normal -0.852761 -0.522302 0
    outer loop
      vertex -31.0304 -26.9259 6
      vertex -31.1246 -26.7721 7.6
      vertex -31.1246 -26.7721 6
    endloop
  endfacet
  facet normal -0.852761 -0.522302 0
    outer loop
      vertex -31.1246 -26.7721 7.6
      vertex -31.0304 -26.9259 6
      vertex -31.0304 -26.9259 7.6
    endloop
  endfacet
  facet normal -0.649239 -0.760585 0
    outer loop
      vertex -30.9132 -27.0632 6
      vertex -30.7759 -27.1804 7.6
      vertex -30.9132 -27.0632 7.6
    endloop
  endfacet
  facet normal -0.649239 -0.760585 -0
    outer loop
      vertex -30.7759 -27.1804 7.6
      vertex -30.9132 -27.0632 6
      vertex -30.7759 -27.1804 6
    endloop
  endfacet
  facet normal -0.382923 -0.92378 0
    outer loop
      vertex -30.6221 -27.2746 6
      vertex -30.4554 -27.3437 7.6
      vertex -30.6221 -27.2746 7.6
    endloop
  endfacet
  facet normal -0.382923 -0.92378 -0
    outer loop
      vertex -30.4554 -27.3437 7.6
      vertex -30.6221 -27.2746 6
      vertex -30.4554 -27.3437 6
    endloop
  endfacet
  facet normal -0.233439 -0.972371 0
    outer loop
      vertex -30.4554 -27.3437 6
      vertex -30.4 -27.357 7.6
      vertex -30.4554 -27.3437 7.6
    endloop
  endfacet
  facet normal -0.233439 -0.972371 -0
    outer loop
      vertex -30.4 -27.357 7.6
      vertex -30.4554 -27.3437 6
      vertex -30.4 -27.357 6
    endloop
  endfacet
  facet normal 0.996899 -0.078688 0
    outer loop
      vertex -28.9642 -26.4299 7.6
      vertex -28.95 -26.25 6
      vertex -28.95 -26.25 7.6
    endloop
  endfacet
  facet normal 0.996899 -0.078688 0
    outer loop
      vertex -28.95 -26.25 6
      vertex -28.9642 -26.4299 7.6
      vertex -28.9642 -26.4299 6
    endloop
  endfacet
  facet normal 0.996899 0.078688 0
    outer loop
      vertex -28.95 -26.25 7.6
      vertex -28.9642 -26.0701 6
      vertex -28.9642 -26.0701 7.6
    endloop
  endfacet
  facet normal 0.996899 0.078688 0
    outer loop
      vertex -28.9642 -26.0701 6
      vertex -28.95 -26.25 7.6
      vertex -28.95 -26.25 6
    endloop
  endfacet
  facet normal 0.972412 0.233268 0
    outer loop
      vertex -28.9642 -26.0701 7.6
      vertex -29.0063 -25.8946 6
      vertex -29.0063 -25.8946 7.6
    endloop
  endfacet
  facet normal 0.972412 0.233268 0
    outer loop
      vertex -29.0063 -25.8946 6
      vertex -28.9642 -26.0701 7.6
      vertex -28.9642 -26.0701 6
    endloop
  endfacet
  facet normal 0.852761 -0.522302 0
    outer loop
      vertex -29.1696 -26.9259 7.6
      vertex -29.0754 -26.7721 6
      vertex -29.0754 -26.7721 7.6
    endloop
  endfacet
  facet normal 0.852761 -0.522302 0
    outer loop
      vertex -29.0754 -26.7721 6
      vertex -29.1696 -26.9259 7.6
      vertex -29.1696 -26.9259 6
    endloop
  endfacet
  facet normal 0.649239 -0.760585 0
    outer loop
      vertex -29.4241 -27.1804 6
      vertex -29.2868 -27.0632 7.6
      vertex -29.4241 -27.1804 7.6
    endloop
  endfacet
  facet normal 0.649239 -0.760585 0
    outer loop
      vertex -29.2868 -27.0632 7.6
      vertex -29.4241 -27.1804 6
      vertex -29.2868 -27.0632 6
    endloop
  endfacet
  facet normal 0.92378 -0.382923 0
    outer loop
      vertex -29.0754 -26.7721 7.6
      vertex -29.0063 -26.6054 6
      vertex -29.0063 -26.6054 7.6
    endloop
  endfacet
  facet normal 0.92378 -0.382923 0
    outer loop
      vertex -29.0063 -26.6054 6
      vertex -29.0754 -26.7721 7.6
      vertex -29.0754 -26.7721 6
    endloop
  endfacet
  facet normal 0.350251 -0.847509 0.398813
    outer loop
      vertex -29.8 -27.1055 8.96697
      vertex -29.7141 -27.0074 9.1
      vertex -29.8 -27.0429 9.1
    endloop
  endfacet
  facet normal 0.350312 -0.847504 0.39877
    outer loop
      vertex -29.7141 -27.0074 9.1
      vertex -29.8 -27.1055 8.96697
      vertex -29.419 -27.5865 7.61
    endloop
  endfacet
  facet normal -0.891719 0.213985 0.398808
    outer loop
      vertex -30.9084 -25.9874 9.1
      vertex -31.5815 -26.0154 7.61
      vertex -30.9395 -26.117 9.1
    endloop
  endfacet
  facet normal 0.522532 -0.85262 0
    outer loop
      vertex -29.419 -27.5865 7.6
      vertex -29.2183 -27.4635 7.61
      vertex -29.419 -27.5865 7.61
    endloop
  endfacet
  facet normal 0.522532 -0.85262 0
    outer loop
      vertex -29.2183 -27.4635 7.61
      vertex -29.419 -27.5865 7.6
      vertex -29.2183 -27.4635 7.6
    endloop
  endfacet
  facet normal 0.479184 -0.781888 0.398791
    outer loop
      vertex -29.2183 -27.4635 7.61
      vertex -29.7141 -27.0074 9.1
      vertex -29.419 -27.5865 7.61
    endloop
  endfacet
  facet normal 0.781888 -0.479184 0.398791
    outer loop
      vertex -28.7635 -26.931 7.61
      vertex -29.3426 -26.6359 9.1
      vertex -28.8865 -27.1317 7.61
    endloop
  endfacet
  facet normal 0.595926 -0.696965 0.398887
    outer loop
      vertex -29.499 -26.851 9.1
      vertex -29.6004 -26.9377 9.1
      vertex -29.0393 -27.3107 7.61
    endloop
  endfacet
  facet normal -0.847418 0.350514 0.398776
    outer loop
      vertex -30.8574 -25.8641 9.1
      vertex -31.4365 -25.569 7.61
      vertex -30.9084 -25.9874 9.1
    endloop
  endfacet
  facet normal -0.233148 -0.972441 0
    outer loop
      vertex -30.5635 -27.6766 7.6
      vertex -30.4 -27.7158 7.61
      vertex -30.5635 -27.6766 7.61
    endloop
  endfacet
  facet normal -0.233148 -0.972441 -0
    outer loop
      vertex -30.4 -27.7158 7.61
      vertex -30.5635 -27.6766 7.6
      vertex -30.4 -27.7158 7.6
    endloop
  endfacet
  facet normal 0.382714 -0.923867 0
    outer loop
      vertex -29.6365 -27.6766 7.6
      vertex -29.419 -27.5865 7.61
      vertex -29.6365 -27.6766 7.61
    endloop
  endfacet
  facet normal 0.382714 -0.923867 0
    outer loop
      vertex -29.419 -27.5865 7.61
      vertex -29.6365 -27.6766 7.6
      vertex -29.419 -27.5865 7.6
    endloop
  endfacet
  facet normal 0.350956 -0.847202 0.398847
    outer loop
      vertex -29.419 -27.5865 7.61
      vertex -29.8 -27.1733 8.82294
      vertex -29.6365 -27.6766 7.61
    endloop
  endfacet
  facet normal 0.350851 -0.847253 0.398832
    outer loop
      vertex -29.8 -27.1733 8.82294
      vertex -29.419 -27.5865 7.61
      vertex -29.8 -27.1055 8.96697
    endloop
  endfacet
  facet normal -0.350851 -0.847253 0.398832
    outer loop
      vertex -30.781 -27.5865 7.61
      vertex -30.4 -27.1733 8.82294
      vertex -30.4 -27.1055 8.96697
    endloop
  endfacet
  facet normal -0.350956 -0.847202 0.398847
    outer loop
      vertex -30.4 -27.1733 8.82294
      vertex -30.781 -27.5865 7.61
      vertex -30.5635 -27.6766 7.61
    endloop
  endfacet
  facet normal -0.89174 -0.213877 0.39882
    outer loop
      vertex -30.9084 -26.5126 9.1
      vertex -31.5815 -26.4846 7.61
      vertex -31.5266 -26.7135 7.61
    endloop
  endfacet
  facet normal 0.781888 0.479184 0.398791
    outer loop
      vertex -28.8865 -25.3683 7.61
      vertex -29.3426 -25.8641 9.1
      vertex -28.7635 -25.569 7.61
    endloop
  endfacet
  facet normal 0.706208 0.708005 0
    outer loop
      vertex -29.0393 -25.1893 7.61
      vertex -29.0787 -25.15 7.6
      vertex -29.0787 -25.15 7.61
    endloop
  endfacet
  facet normal 0.706208 0.708005 0
    outer loop
      vertex -29.0787 -25.15 7.6
      vertex -29.0393 -25.1893 7.61
      vertex -29.0393 -25.1893 7.6
    endloop
  endfacet
  facet normal 0.923867 -0.382714 0
    outer loop
      vertex -28.7635 -26.931 7.61
      vertex -28.6734 -26.7135 7.6
      vertex -28.6734 -26.7135 7.61
    endloop
  endfacet
  facet normal 0.923867 -0.382714 0
    outer loop
      vertex -28.6734 -26.7135 7.6
      vertex -28.7635 -26.931 7.61
      vertex -28.7635 -26.931 7.6
    endloop
  endfacet
  facet normal 0.648242 0.648027 0.399803
    outer loop
      vertex -29.499 -25.649 9.1
      vertex -29.8 -25.1581 8.79236
      vertex -29.8 -25.3479 9.1
    endloop
  endfacet
  facet normal 0.648161 0.648043 0.399909
    outer loop
      vertex -29.8 -25.1581 8.79236
      vertex -29.499 -25.649 9.1
      vertex -29.0393 -25.1893 7.61
    endloop
  endfacet
  facet normal -0.697472 0.595384 0.39881
    outer loop
      vertex -31.1607 -25.1893 7.61
      vertex -31.3135 -25.3683 7.61
      vertex -30.7877 -25.7504 9.1
    endloop
  endfacet
  facet normal 0.213801 -0.891747 0.398843
    outer loop
      vertex -29.8 -27.1733 8.82294
      vertex -29.8 -27.7158 7.61
      vertex -29.6365 -27.6766 7.61
    endloop
  endfacet
  facet normal -0.64925 -0.760575 0
    outer loop
      vertex -31.1607 -27.3107 7.6
      vertex -30.9817 -27.4635 7.61
      vertex -31.1607 -27.3107 7.61
    endloop
  endfacet
  facet normal -0.64925 -0.760575 -0
    outer loop
      vertex -30.9817 -27.4635 7.61
      vertex -31.1607 -27.3107 7.6
      vertex -30.9817 -27.4635 7.6
    endloop
  endfacet
  facet normal -0.350251 -0.847509 0.398813
    outer loop
      vertex -30.4859 -27.0074 9.1
      vertex -30.4 -27.1055 8.96697
      vertex -30.4 -27.0429 9.1
    endloop
  endfacet
  facet normal -0.350312 -0.847504 0.39877
    outer loop
      vertex -30.4 -27.1055 8.96697
      vertex -30.4859 -27.0074 9.1
      vertex -30.781 -27.5865 7.61
    endloop
  endfacet
  facet normal -0.595926 -0.696965 0.398887
    outer loop
      vertex -30.701 -26.851 9.1
      vertex -31.1607 -27.3107 7.61
      vertex -30.5996 -26.9377 9.1
    endloop
  endfacet
  facet normal -0.781827 -0.479273 0.398802
    outer loop
      vertex -30.8574 -26.6359 9.1
      vertex -31.3135 -27.1317 7.61
      vertex -30.7877 -26.7496 9.1
    endloop
  endfacet
  facet normal -0.697472 -0.595384 0.39881
    outer loop
      vertex -30.7877 -26.7496 9.1
      vertex -31.3135 -27.1317 7.61
      vertex -31.1607 -27.3107 7.61
    endloop
  endfacet
  facet normal -0.479184 -0.781888 0.398791
    outer loop
      vertex -30.4859 -27.0074 9.1
      vertex -30.9817 -27.4635 7.61
      vertex -30.781 -27.5865 7.61
    endloop
  endfacet
  facet normal -0.914193 -0.0720911 0.398816
    outer loop
      vertex -30.9395 -26.383 9.1
      vertex -31.6 -26.25 7.61
      vertex -31.5815 -26.4846 7.61
    endloop
  endfacet
  facet normal -0.891719 -0.213985 0.398808
    outer loop
      vertex -30.9395 -26.383 9.1
      vertex -31.5815 -26.4846 7.61
      vertex -30.9084 -26.5126 9.1
    endloop
  endfacet
  facet normal -0 0 1
    outer loop
      vertex -30.701 -25.649 9.1
      vertex -30.4 -27.0429 9.1
      vertex -30.4 -25.3479 9.1
    endloop
  endfacet
  facet normal -0 -0 1
    outer loop
      vertex -30.5996 -26.9377 9.1
      vertex -30.4 -27.0429 9.1
      vertex -30.701 -25.649 9.1
    endloop
  endfacet
  facet normal 0 0 1
    outer loop
      vertex -30.4 -27.0429 9.1
      vertex -30.5996 -26.9377 9.1
      vertex -30.4859 -27.0074 9.1
    endloop
  endfacet
  facet normal 0 0 1
    outer loop
      vertex -30.701 -25.649 9.1
      vertex -30.701 -26.851 9.1
      vertex -30.5996 -26.9377 9.1
    endloop
  endfacet
  facet normal -0 0 1
    outer loop
      vertex -30.7877 -25.7504 9.1
      vertex -30.701 -26.851 9.1
      vertex -30.701 -25.649 9.1
    endloop
  endfacet
  facet normal 0 0 1
    outer loop
      vertex -30.7877 -25.7504 9.1
      vertex -30.7877 -26.7496 9.1
      vertex -30.701 -26.851 9.1
    endloop
  endfacet
  facet normal -0 0 1
    outer loop
      vertex -30.8574 -25.8641 9.1
      vertex -30.7877 -26.7496 9.1
      vertex -30.7877 -25.7504 9.1
    endloop
  endfacet
  facet normal 0 0 1
    outer loop
      vertex -30.8574 -25.8641 9.1
      vertex -30.8574 -26.6359 9.1
      vertex -30.7877 -26.7496 9.1
    endloop
  endfacet
  facet normal -0 0 1
    outer loop
      vertex -30.9084 -25.9874 9.1
      vertex -30.8574 -26.6359 9.1
      vertex -30.8574 -25.8641 9.1
    endloop
  endfacet
  facet normal 0 0 1
    outer loop
      vertex -30.9084 -25.9874 9.1
      vertex -30.9084 -26.5126 9.1
      vertex -30.8574 -26.6359 9.1
    endloop
  endfacet
  facet normal -0 0 1
    outer loop
      vertex -30.9395 -26.117 9.1
      vertex -30.9084 -26.5126 9.1
      vertex -30.9084 -25.9874 9.1
    endloop
  endfacet
  facet normal 0 0 1
    outer loop
      vertex -30.9395 -26.117 9.1
      vertex -30.9395 -26.383 9.1
      vertex -30.9084 -26.5126 9.1
    endloop
  endfacet
  facet normal 0 -0 1
    outer loop
      vertex -30.9395 -26.383 9.1
      vertex -30.9395 -26.117 9.1
      vertex -30.95 -26.25 9.1
    endloop
  endfacet
  facet normal 0 0 1
    outer loop
      vertex -29.2605 -26.117 9.1
      vertex -29.2605 -26.383 9.1
      vertex -29.25 -26.25 9.1
    endloop
  endfacet
  facet normal 0 0 1
    outer loop
      vertex -29.2916 -25.9874 9.1
      vertex -29.2605 -26.383 9.1
      vertex -29.2605 -26.117 9.1
    endloop
  endfacet
  facet normal 0 0 1
    outer loop
      vertex -29.2916 -25.9874 9.1
      vertex -29.2916 -26.5126 9.1
      vertex -29.2605 -26.383 9.1
    endloop
  endfacet
  facet normal 0 0 1
    outer loop
      vertex -29.3426 -25.8641 9.1
      vertex -29.2916 -26.5126 9.1
      vertex -29.2916 -25.9874 9.1
    endloop
  endfacet
  facet normal 0 0 1
    outer loop
      vertex -29.3426 -25.8641 9.1
      vertex -29.3426 -26.6359 9.1
      vertex -29.2916 -26.5126 9.1
    endloop
  endfacet
  facet normal 0 0 1
    outer loop
      vertex -29.4123 -25.7504 9.1
      vertex -29.3426 -26.6359 9.1
      vertex -29.3426 -25.8641 9.1
    endloop
  endfacet
  facet normal 0 0 1
    outer loop
      vertex -29.4123 -25.7504 9.1
      vertex -29.4123 -26.7496 9.1
      vertex -29.3426 -26.6359 9.1
    endloop
  endfacet
  facet normal 0 0 1
    outer loop
      vertex -29.499 -25.649 9.1
      vertex -29.4123 -26.7496 9.1
      vertex -29.4123 -25.7504 9.1
    endloop
  endfacet
  facet normal 0 0 1
    outer loop
      vertex -29.499 -25.649 9.1
      vertex -29.499 -26.851 9.1
      vertex -29.4123 -26.7496 9.1
    endloop
  endfacet
  facet normal 0 0 1
    outer loop
      vertex -29.499 -25.649 9.1
      vertex -29.6004 -26.9377 9.1
      vertex -29.499 -26.851 9.1
    endloop
  endfacet
  facet normal 0 0 1
    outer loop
      vertex -29.8 -27.0429 9.1
      vertex -29.6004 -26.9377 9.1
      vertex -29.499 -25.649 9.1
    endloop
  endfacet
  facet normal 0 0 1
    outer loop
      vertex -29.8 -27.0429 9.1
      vertex -29.499 -25.649 9.1
      vertex -29.8 -25.3479 9.1
    endloop
  endfacet
  facet normal 0 0 1
    outer loop
      vertex -29.6004 -26.9377 9.1
      vertex -29.8 -27.0429 9.1
      vertex -29.7141 -27.0074 9.1
    endloop
  endfacet
  facet normal -0.914193 0.0720911 0.398816
    outer loop
      vertex -31.5815 -26.0154 7.61
      vertex -31.6 -26.25 7.61
      vertex -30.9395 -26.117 9.1
    endloop
  endfacet
  facet normal -0.760575 0.64925 0
    outer loop
      vertex -31.3135 -25.3683 7.6
      vertex -31.1607 -25.1893 7.61
      vertex -31.1607 -25.1893 7.6
    endloop
  endfacet
  facet normal -0.760575 0.64925 0
    outer loop
      vertex -31.1607 -25.1893 7.61
      vertex -31.3135 -25.3683 7.6
      vertex -31.3135 -25.3683 7.61
    endloop
  endfacet
  facet normal -0.64743 0.649078 0.399415
    outer loop
      vertex -31.1607 -25.1893 7.61
      vertex -30.4 -25.15 8.77919
      vertex -31.1213 -25.15 7.61
    endloop
  endfacet
  facet normal -0.647297 0.649267 0.399322
    outer loop
      vertex -30.4 -25.15 8.77919
      vertex -31.1607 -25.1893 7.61
      vertex -30.4 -25.1581 8.79236
    endloop
  endfacet
  facet normal -0.972422 0.233228 0
    outer loop
      vertex -31.5815 -26.0154 7.6
      vertex -31.5266 -25.7865 7.61
      vertex -31.5266 -25.7865 7.6
    endloop
  endfacet
  facet normal -0.972422 0.233228 0
    outer loop
      vertex -31.5266 -25.7865 7.61
      vertex -31.5815 -26.0154 7.6
      vertex -31.5815 -26.0154 7.61
    endloop
  endfacet
  facet normal -0.972422 -0.233228 0
    outer loop
      vertex -31.5266 -26.7135 7.6
      vertex -31.5815 -26.4846 7.61
      vertex -31.5815 -26.4846 7.6
    endloop
  endfacet
  facet normal -0.972422 -0.233228 0
    outer loop
      vertex -31.5815 -26.4846 7.61
      vertex -31.5266 -26.7135 7.6
      vertex -31.5266 -26.7135 7.61
    endloop
  endfacet
  facet normal 0.647297 0.649267 0.399322
    outer loop
      vertex -29.0393 -25.1893 7.61
      vertex -29.8 -25.15 8.77919
      vertex -29.8 -25.1581 8.79236
    endloop
  endfacet
  facet normal 0.64743 0.649078 0.399415
    outer loop
      vertex -29.8 -25.15 8.77919
      vertex -29.0393 -25.1893 7.61
      vertex -29.0787 -25.15 7.61
    endloop
  endfacet
  facet normal 0.760575 0.64925 0
    outer loop
      vertex -28.8865 -25.3683 7.61
      vertex -29.0393 -25.1893 7.6
      vertex -29.0393 -25.1893 7.61
    endloop
  endfacet
  facet normal 0.760575 0.64925 0
    outer loop
      vertex -29.0393 -25.1893 7.6
      vertex -28.8865 -25.3683 7.61
      vertex -28.8865 -25.3683 7.6
    endloop
  endfacet
  facet normal 0.595384 -0.697472 0.39881
    outer loop
      vertex -29.0393 -27.3107 7.61
      vertex -29.6004 -26.9377 9.1
      vertex -29.2183 -27.4635 7.61
    endloop
  endfacet
  facet normal 0.84721 0.350959 0.398827
    outer loop
      vertex -28.7635 -25.569 7.61
      vertex -29.2916 -25.9874 9.1
      vertex -28.6734 -25.7865 7.61
    endloop
  endfacet
  facet normal 0.696965 0.595926 0.398887
    outer loop
      vertex -29.0393 -25.1893 7.61
      vertex -29.499 -25.649 9.1
      vertex -29.4123 -25.7504 9.1
    endloop
  endfacet
  facet normal -0.85262 0.522532 0
    outer loop
      vertex -31.4365 -25.569 7.6
      vertex -31.3135 -25.3683 7.61
      vertex -31.3135 -25.3683 7.6
    endloop
  endfacet
  facet normal -0.85262 0.522532 0
    outer loop
      vertex -31.3135 -25.3683 7.61
      vertex -31.4365 -25.569 7.6
      vertex -31.4365 -25.569 7.61
    endloop
  endfacet
  facet normal -0.382714 -0.923867 0
    outer loop
      vertex -30.781 -27.5865 7.6
      vertex -30.5635 -27.6766 7.61
      vertex -30.781 -27.5865 7.61
    endloop
  endfacet
  facet normal -0.382714 -0.923867 -0
    outer loop
      vertex -30.5635 -27.6766 7.61
      vertex -30.781 -27.5865 7.6
      vertex -30.5635 -27.6766 7.6
    endloop
  endfacet
  facet normal -0.85262 -0.522532 0
    outer loop
      vertex -31.3135 -27.1317 7.6
      vertex -31.4365 -26.931 7.61
      vertex -31.4365 -26.931 7.6
    endloop
  endfacet
  facet normal -0.85262 -0.522532 0
    outer loop
      vertex -31.4365 -26.931 7.61
      vertex -31.3135 -27.1317 7.6
      vertex -31.3135 -27.1317 7.61
    endloop
  endfacet
  facet normal -0.781888 -0.479184 0.398791
    outer loop
      vertex -30.8574 -26.6359 9.1
      vertex -31.4365 -26.931 7.61
      vertex -31.3135 -27.1317 7.61
    endloop
  endfacet
  facet normal -0.696965 -0.595926 0.398887
    outer loop
      vertex -30.7877 -26.7496 9.1
      vertex -31.1607 -27.3107 7.61
      vertex -30.701 -26.851 9.1
    endloop
  endfacet
  facet normal -0.760575 -0.64925 0
    outer loop
      vertex -31.1607 -27.3107 7.6
      vertex -31.3135 -27.1317 7.61
      vertex -31.3135 -27.1317 7.6
    endloop
  endfacet
  facet normal -0.760575 -0.64925 0
    outer loop
      vertex -31.3135 -27.1317 7.61
      vertex -31.1607 -27.3107 7.6
      vertex -31.1607 -27.3107 7.61
    endloop
  endfacet
  facet normal -0.91419 0.0721729 0.398808
    outer loop
      vertex -30.9395 -26.117 9.1
      vertex -31.6 -26.25 7.61
      vertex -30.95 -26.25 9.1
    endloop
  endfacet
  facet normal -0.91419 -0.0721729 0.398808
    outer loop
      vertex -30.95 -26.25 9.1
      vertex -31.6 -26.25 7.61
      vertex -30.9395 -26.383 9.1
    endloop
  endfacet
  facet normal -0.84721 -0.350959 0.398827
    outer loop
      vertex -30.9084 -26.5126 9.1
      vertex -31.5266 -26.7135 7.61
      vertex -31.4365 -26.931 7.61
    endloop
  endfacet
  facet normal -0.847418 -0.350514 0.398776
    outer loop
      vertex -30.9084 -26.5126 9.1
      vertex -31.4365 -26.931 7.61
      vertex -30.8574 -26.6359 9.1
    endloop
  endfacet
  facet normal -0.84721 0.350959 0.398827
    outer loop
      vertex -31.4365 -25.569 7.61
      vertex -31.5266 -25.7865 7.61
      vertex -30.9084 -25.9874 9.1
    endloop
  endfacet
  facet normal -0.89174 0.213877 0.39882
    outer loop
      vertex -31.5266 -25.7865 7.61
      vertex -31.5815 -26.0154 7.61
      vertex -30.9084 -25.9874 9.1
    endloop
  endfacet
  facet normal -0.923867 0.382714 0
    outer loop
      vertex -31.5266 -25.7865 7.6
      vertex -31.4365 -25.569 7.61
      vertex -31.4365 -25.569 7.6
    endloop
  endfacet
  facet normal -0.923867 0.382714 0
    outer loop
      vertex -31.4365 -25.569 7.61
      vertex -31.5266 -25.7865 7.6
      vertex -31.5266 -25.7865 7.61
    endloop
  endfacet
  facet normal -0.996905 -0.0786136 0
    outer loop
      vertex -31.5815 -26.4846 7.6
      vertex -31.6 -26.25 7.61
      vertex -31.6 -26.25 7.6
    endloop
  endfacet
  facet normal -0.996905 -0.0786136 0
    outer loop
      vertex -31.6 -26.25 7.61
      vertex -31.5815 -26.4846 7.6
      vertex -31.5815 -26.4846 7.61
    endloop
  endfacet
  facet normal -0.996905 0.0786136 0
    outer loop
      vertex -31.6 -26.25 7.6
      vertex -31.5815 -26.0154 7.61
      vertex -31.5815 -26.0154 7.6
    endloop
  endfacet
  facet normal -0.996905 0.0786136 0
    outer loop
      vertex -31.5815 -26.0154 7.61
      vertex -31.6 -26.25 7.6
      vertex -31.6 -26.25 7.61
    endloop
  endfacet
  facet normal -0.923867 -0.382714 0
    outer loop
      vertex -31.4365 -26.931 7.6
      vertex -31.5266 -26.7135 7.61
      vertex -31.5266 -26.7135 7.6
    endloop
  endfacet
  facet normal -0.923867 -0.382714 0
    outer loop
      vertex -31.5266 -26.7135 7.61
      vertex -31.4365 -26.931 7.6
      vertex -31.4365 -26.931 7.61
    endloop
  endfacet
  facet normal 0.972422 -0.233228 0
    outer loop
      vertex -28.6734 -26.7135 7.61
      vertex -28.6185 -26.4846 7.6
      vertex -28.6185 -26.4846 7.61
    endloop
  endfacet
  facet normal 0.972422 -0.233228 0
    outer loop
      vertex -28.6185 -26.4846 7.6
      vertex -28.6734 -26.7135 7.61
      vertex -28.6734 -26.7135 7.6
    endloop
  endfacet
  facet normal 0.914193 -0.0720911 0.398816
    outer loop
      vertex -28.6 -26.25 7.61
      vertex -29.2605 -26.383 9.1
      vertex -28.6185 -26.4846 7.61
    endloop
  endfacet
  facet normal 0.697472 0.595384 0.39881
    outer loop
      vertex -29.0393 -25.1893 7.61
      vertex -29.4123 -25.7504 9.1
      vertex -28.8865 -25.3683 7.61
    endloop
  endfacet
  facet normal 0.891719 0.213985 0.398808
    outer loop
      vertex -28.6185 -26.0154 7.61
      vertex -29.2916 -25.9874 9.1
      vertex -29.2605 -26.117 9.1
    endloop
  endfacet
  facet normal -0.696965 0.595926 0.398887
    outer loop
      vertex -30.701 -25.649 9.1
      vertex -31.1607 -25.1893 7.61
      vertex -30.7877 -25.7504 9.1
    endloop
  endfacet
  facet normal -0.648161 0.648043 0.399909
    outer loop
      vertex -30.701 -25.649 9.1
      vertex -30.4 -25.1581 8.79236
      vertex -31.1607 -25.1893 7.61
    endloop
  endfacet
  facet normal -0.648242 0.648027 0.399803
    outer loop
      vertex -30.4 -25.1581 8.79236
      vertex -30.701 -25.649 9.1
      vertex -30.4 -25.3479 9.1
    endloop
  endfacet
  facet normal -0.706208 0.708005 0
    outer loop
      vertex -31.1607 -25.1893 7.6
      vertex -31.1213 -25.15 7.61
      vertex -31.1213 -25.15 7.6
    endloop
  endfacet
  facet normal -0.706208 0.708005 0
    outer loop
      vertex -31.1213 -25.15 7.61
      vertex -31.1607 -25.1893 7.6
      vertex -31.1607 -25.1893 7.61
    endloop
  endfacet
  facet normal -0.213801 -0.891747 0.398843
    outer loop
      vertex -30.4 -27.1733 8.82294
      vertex -30.5635 -27.6766 7.61
      vertex -30.4 -27.7158 7.61
    endloop
  endfacet
  facet normal -0.479273 -0.781827 0.398802
    outer loop
      vertex -30.5996 -26.9377 9.1
      vertex -30.9817 -27.4635 7.61
      vertex -30.4859 -27.0074 9.1
    endloop
  endfacet
  facet normal -0.595384 -0.697472 0.39881
    outer loop
      vertex -30.5996 -26.9377 9.1
      vertex -31.1607 -27.3107 7.61
      vertex -30.9817 -27.4635 7.61
    endloop
  endfacet
  facet normal -0.781827 0.479273 0.398802
    outer loop
      vertex -30.7877 -25.7504 9.1
      vertex -31.3135 -25.3683 7.61
      vertex -30.8574 -25.8641 9.1
    endloop
  endfacet
  facet normal -0.781888 0.479184 0.398791
    outer loop
      vertex -31.3135 -25.3683 7.61
      vertex -31.4365 -25.569 7.61
      vertex -30.8574 -25.8641 9.1
    endloop
  endfacet
  facet normal 0.760575 -0.64925 0
    outer loop
      vertex -29.0393 -27.3107 7.61
      vertex -28.8865 -27.1317 7.6
      vertex -28.8865 -27.1317 7.61
    endloop
  endfacet
  facet normal 0.760575 -0.64925 0
    outer loop
      vertex -28.8865 -27.1317 7.6
      vertex -29.0393 -27.3107 7.61
      vertex -29.0393 -27.3107 7.6
    endloop
  endfacet
  facet normal 0.479273 -0.781827 0.398802
    outer loop
      vertex -29.6004 -26.9377 9.1
      vertex -29.7141 -27.0074 9.1
      vertex -29.2183 -27.4635 7.61
    endloop
  endfacet
  facet normal 0.84721 -0.350959 0.398827
    outer loop
      vertex -28.6734 -26.7135 7.61
      vertex -29.2916 -26.5126 9.1
      vertex -28.7635 -26.931 7.61
    endloop
  endfacet
  facet normal 0.89174 -0.213877 0.39882
    outer loop
      vertex -28.6185 -26.4846 7.61
      vertex -29.2916 -26.5126 9.1
      vertex -28.6734 -26.7135 7.61
    endloop
  endfacet
  facet normal 0.914193 0.0720911 0.398816
    outer loop
      vertex -28.6185 -26.0154 7.61
      vertex -29.2605 -26.117 9.1
      vertex -28.6 -26.25 7.61
    endloop
  endfacet
  facet normal 0.781827 0.479273 0.398802
    outer loop
      vertex -28.8865 -25.3683 7.61
      vertex -29.4123 -25.7504 9.1
      vertex -29.3426 -25.8641 9.1
    endloop
  endfacet
  facet normal 0.847418 0.350514 0.398776
    outer loop
      vertex -28.7635 -25.569 7.61
      vertex -29.3426 -25.8641 9.1
      vertex -29.2916 -25.9874 9.1
    endloop
  endfacet
  facet normal 0.233148 -0.972441 0
    outer loop
      vertex -29.8 -27.7158 7.6
      vertex -29.6365 -27.6766 7.61
      vertex -29.8 -27.7158 7.61
    endloop
  endfacet
  facet normal 0.233148 -0.972441 0
    outer loop
      vertex -29.6365 -27.6766 7.61
      vertex -29.8 -27.7158 7.6
      vertex -29.6365 -27.6766 7.6
    endloop
  endfacet
  facet normal -0.522532 -0.85262 0
    outer loop
      vertex -30.9817 -27.4635 7.6
      vertex -30.781 -27.5865 7.61
      vertex -30.9817 -27.4635 7.61
    endloop
  endfacet
  facet normal -0.522532 -0.85262 -0
    outer loop
      vertex -30.781 -27.5865 7.61
      vertex -30.9817 -27.4635 7.6
      vertex -30.781 -27.5865 7.6
    endloop
  endfacet
  facet normal 0.64925 -0.760575 0
    outer loop
      vertex -29.2183 -27.4635 7.6
      vertex -29.0393 -27.3107 7.61
      vertex -29.2183 -27.4635 7.61
    endloop
  endfacet
  facet normal 0.64925 -0.760575 0
    outer loop
      vertex -29.0393 -27.3107 7.61
      vertex -29.2183 -27.4635 7.6
      vertex -29.0393 -27.3107 7.6
    endloop
  endfacet
  facet normal 0.781827 -0.479273 0.398802
    outer loop
      vertex -29.3426 -26.6359 9.1
      vertex -29.4123 -26.7496 9.1
      vertex -28.8865 -27.1317 7.61
    endloop
  endfacet
  facet normal 0.697472 -0.595384 0.39881
    outer loop
      vertex -28.8865 -27.1317 7.61
      vertex -29.4123 -26.7496 9.1
      vertex -29.0393 -27.3107 7.61
    endloop
  endfacet
  facet normal 0.696965 -0.595926 0.398887
    outer loop
      vertex -29.4123 -26.7496 9.1
      vertex -29.499 -26.851 9.1
      vertex -29.0393 -27.3107 7.61
    endloop
  endfacet
  facet normal 0.891719 -0.213985 0.398808
    outer loop
      vertex -29.2605 -26.383 9.1
      vertex -29.2916 -26.5126 9.1
      vertex -28.6185 -26.4846 7.61
    endloop
  endfacet
  facet normal 0.847418 -0.350514 0.398776
    outer loop
      vertex -29.2916 -26.5126 9.1
      vertex -29.3426 -26.6359 9.1
      vertex -28.7635 -26.931 7.61
    endloop
  endfacet
  facet normal 0.91419 -0.0721729 0.398808
    outer loop
      vertex -29.25 -26.25 9.1
      vertex -29.2605 -26.383 9.1
      vertex -28.6 -26.25 7.61
    endloop
  endfacet
  facet normal 0.91419 0.0721729 0.398808
    outer loop
      vertex -28.6 -26.25 7.61
      vertex -29.2605 -26.117 9.1
      vertex -29.25 -26.25 9.1
    endloop
  endfacet
  facet normal 0.996905 0.0786136 0
    outer loop
      vertex -28.6 -26.25 7.61
      vertex -28.6185 -26.0154 7.6
      vertex -28.6185 -26.0154 7.61
    endloop
  endfacet
  facet normal 0.996905 0.0786136 0
    outer loop
      vertex -28.6185 -26.0154 7.6
      vertex -28.6 -26.25 7.61
      vertex -28.6 -26.25 7.6
    endloop
  endfacet
  facet normal 0.996905 -0.0786136 0
    outer loop
      vertex -28.6185 -26.4846 7.61
      vertex -28.6 -26.25 7.6
      vertex -28.6 -26.25 7.61
    endloop
  endfacet
  facet normal 0.996905 -0.0786136 0
    outer loop
      vertex -28.6 -26.25 7.6
      vertex -28.6185 -26.4846 7.61
      vertex -28.6185 -26.4846 7.6
    endloop
  endfacet
  facet normal 0.85262 0.522532 0
    outer loop
      vertex -28.7635 -25.569 7.61
      vertex -28.8865 -25.3683 7.6
      vertex -28.8865 -25.3683 7.61
    endloop
  endfacet
  facet normal 0.85262 0.522532 0
    outer loop
      vertex -28.8865 -25.3683 7.6
      vertex -28.7635 -25.569 7.61
      vertex -28.7635 -25.569 7.6
    endloop
  endfacet
  facet normal 0.89174 0.213877 0.39882
    outer loop
      vertex -28.6734 -25.7865 7.61
      vertex -29.2916 -25.9874 9.1
      vertex -28.6185 -26.0154 7.61
    endloop
  endfacet
  facet normal 0.923867 0.382714 0
    outer loop
      vertex -28.6734 -25.7865 7.61
      vertex -28.7635 -25.569 7.6
      vertex -28.7635 -25.569 7.61
    endloop
  endfacet
  facet normal 0.923867 0.382714 0
    outer loop
      vertex -28.7635 -25.569 7.6
      vertex -28.6734 -25.7865 7.61
      vertex -28.6734 -25.7865 7.6
    endloop
  endfacet
  facet normal 0.972422 0.233228 0
    outer loop
      vertex -28.6185 -26.0154 7.61
      vertex -28.6734 -25.7865 7.6
      vertex -28.6734 -25.7865 7.61
    endloop
  endfacet
  facet normal 0.972422 0.233228 0
    outer loop
      vertex -28.6734 -25.7865 7.6
      vertex -28.6185 -26.0154 7.61
      vertex -28.6185 -26.0154 7.6
    endloop
  endfacet
  facet normal 0.85262 -0.522532 0
    outer loop
      vertex -28.8865 -27.1317 7.61
      vertex -28.7635 -26.931 7.6
      vertex -28.7635 -26.931 7.61
    endloop
  endfacet
  facet normal 0.85262 -0.522532 0
    outer loop
      vertex -28.7635 -26.931 7.6
      vertex -28.8865 -27.1317 7.61
      vertex -28.8865 -27.1317 7.6
    endloop
  endfacet
  facet normal 0.996913 0.0785092 0
    outer loop
      vertex -27.6 -26.25 6
      vertex -27.6308 -25.8589 2
      vertex -27.6308 -25.8589 6
    endloop
  endfacet
  facet normal 0.996913 0.0785092 0
    outer loop
      vertex -27.6308 -25.8589 2
      vertex -27.6 -26.25 6
      vertex -27.6 -26.25 2
    endloop
  endfacet
  facet normal -0.996913 0.0785092 0
    outer loop
      vertex -32.6 -26.25 2
      vertex -32.5692 -25.8589 6
      vertex -32.5692 -25.8589 2
    endloop
  endfacet
  facet normal -0.996913 0.0785092 0
    outer loop
      vertex -32.5692 -25.8589 6
      vertex -32.6 -26.25 2
      vertex -32.6 -26.25 6
    endloop
  endfacet
  facet normal 0.0787883 0.996891 0
    outer loop
      vertex -29.7089 -23.7808 6
      vertex -29.8 -23.7736 3
      vertex -29.8 -23.7736 6
    endloop
  endfacet
  facet normal 0.0787883 0.996891 -0
    outer loop
      vertex -29.7089 -23.7808 2
      vertex -29.8 -23.7736 3
      vertex -29.7089 -23.7808 6
    endloop
  endfacet
  facet normal 0.0785092 0.996913 -2.55919e-05
    outer loop
      vertex -30.1 -23.75 2
      vertex -29.8 -23.7736 3
      vertex -29.7089 -23.7808 2
    endloop
  endfacet
  facet normal 0.0784244 0.99692 0
    outer loop
      vertex -29.8 -23.7736 3
      vertex -30.1 -23.75 2
      vertex -30.1 -23.75 3
    endloop
  endfacet
  facet normal -0.0787883 -0.996891 0
    outer loop
      vertex -30.4911 -28.7192 6
      vertex -30.4 -28.7264 3
      vertex -30.4 -28.7264 6
    endloop
  endfacet
  facet normal -0.0787883 -0.996891 0
    outer loop
      vertex -30.4911 -28.7192 2
      vertex -30.4 -28.7264 3
      vertex -30.4911 -28.7192 6
    endloop
  endfacet
  facet normal -0.0785092 -0.996913 -2.55919e-05
    outer loop
      vertex -30.1 -28.75 2
      vertex -30.4 -28.7264 3
      vertex -30.4911 -28.7192 2
    endloop
  endfacet
  facet normal -0.0784244 -0.99692 0
    outer loop
      vertex -30.4 -28.7264 3
      vertex -30.1 -28.75 2
      vertex -30.1 -28.75 3
    endloop
  endfacet
  facet normal -0.760497 -0.649342 0
    outer loop
      vertex -31.8678 -28.0178 2
      vertex -32.1225 -27.7195 6
      vertex -32.1225 -27.7195 2
    endloop
  endfacet
  facet normal -0.760497 -0.649342 0
    outer loop
      vertex -32.1225 -27.7195 6
      vertex -31.8678 -28.0178 2
      vertex -31.8678 -28.0178 6
    endloop
  endfacet
  facet normal 0.760497 0.649342 0
    outer loop
      vertex -28.0775 -24.7805 6
      vertex -28.3322 -24.4822 2
      vertex -28.3322 -24.4822 6
    endloop
  endfacet
  facet normal 0.760497 0.649342 0
    outer loop
      vertex -28.3322 -24.4822 2
      vertex -28.0775 -24.7805 6
      vertex -28.0775 -24.7805 2
    endloop
  endfacet
  facet normal -0.649342 0.760497 0
    outer loop
      vertex -31.5695 -24.2275 2
      vertex -31.8678 -24.4822 6
      vertex -31.5695 -24.2275 6
    endloop
  endfacet
  facet normal -0.649342 0.760497 0
    outer loop
      vertex -31.8678 -24.4822 6
      vertex -31.5695 -24.2275 2
      vertex -31.8678 -24.4822 2
    endloop
  endfacet
  facet normal -0.382569 0.923927 0
    outer loop
      vertex -30.8725 -23.8724 2
      vertex -31.235 -24.0225 6
      vertex -30.8725 -23.8724 6
    endloop
  endfacet
  facet normal -0.382569 0.923927 0
    outer loop
      vertex -31.235 -24.0225 6
      vertex -30.8725 -23.8724 2
      vertex -31.235 -24.0225 2
    endloop
  endfacet
  facet normal 0.923927 0.382569 0
    outer loop
      vertex -27.7224 -25.4775 6
      vertex -27.8725 -25.115 2
      vertex -27.8725 -25.115 6
    endloop
  endfacet
  facet normal 0.923927 0.382569 0
    outer loop
      vertex -27.8725 -25.115 2
      vertex -27.7224 -25.4775 6
      vertex -27.7224 -25.4775 2
    endloop
  endfacet
  facet normal 0.97235 0.233527 0
    outer loop
      vertex -27.6308 -25.8589 6
      vertex -27.7224 -25.4775 2
      vertex -27.7224 -25.4775 6
    endloop
  endfacet
  facet normal 0.97235 0.233527 0
    outer loop
      vertex -27.7224 -25.4775 2
      vertex -27.6308 -25.8589 6
      vertex -27.6308 -25.8589 2
    endloop
  endfacet
  facet normal 0.85262 0.522532 0
    outer loop
      vertex -27.8725 -25.115 6
      vertex -28.0775 -24.7805 2
      vertex -28.0775 -24.7805 6
    endloop
  endfacet
  facet normal 0.85262 0.522532 0
    outer loop
      vertex -28.0775 -24.7805 2
      vertex -27.8725 -25.115 6
      vertex -27.8725 -25.115 2
    endloop
  endfacet
  facet normal 0.522532 0.85262 -0
    outer loop
      vertex -28.6305 -24.2275 2
      vertex -28.965 -24.0225 6
      vertex -28.6305 -24.2275 6
    endloop
  endfacet
  facet normal 0.522532 0.85262 0
    outer loop
      vertex -28.965 -24.0225 6
      vertex -28.6305 -24.2275 2
      vertex -28.965 -24.0225 2
    endloop
  endfacet
  facet normal 0.382569 0.923927 -0
    outer loop
      vertex -28.965 -24.0225 2
      vertex -29.3275 -23.8724 6
      vertex -28.965 -24.0225 6
    endloop
  endfacet
  facet normal 0.382569 0.923927 0
    outer loop
      vertex -29.3275 -23.8724 6
      vertex -28.965 -24.0225 2
      vertex -29.3275 -23.8724 2
    endloop
  endfacet
  facet normal 0.649342 0.760497 -0
    outer loop
      vertex -28.3322 -24.4822 2
      vertex -28.6305 -24.2275 6
      vertex -28.3322 -24.4822 6
    endloop
  endfacet
  facet normal 0.649342 0.760497 0
    outer loop
      vertex -28.6305 -24.2275 6
      vertex -28.3322 -24.4822 2
      vertex -28.6305 -24.2275 2
    endloop
  endfacet
  facet normal -0.85262 0.522532 0
    outer loop
      vertex -32.3275 -25.115 2
      vertex -32.1225 -24.7805 6
      vertex -32.1225 -24.7805 2
    endloop
  endfacet
  facet normal -0.85262 0.522532 0
    outer loop
      vertex -32.1225 -24.7805 6
      vertex -32.3275 -25.115 2
      vertex -32.3275 -25.115 6
    endloop
  endfacet
  facet normal -0.760497 0.649342 0
    outer loop
      vertex -32.1225 -24.7805 2
      vertex -31.8678 -24.4822 6
      vertex -31.8678 -24.4822 2
    endloop
  endfacet
  facet normal -0.760497 0.649342 0
    outer loop
      vertex -31.8678 -24.4822 6
      vertex -32.1225 -24.7805 2
      vertex -32.1225 -24.7805 6
    endloop
  endfacet
  facet normal -0.923927 0.382569 0
    outer loop
      vertex -32.4776 -25.4775 2
      vertex -32.3275 -25.115 6
      vertex -32.3275 -25.115 2
    endloop
  endfacet
  facet normal -0.923927 0.382569 0
    outer loop
      vertex -32.3275 -25.115 6
      vertex -32.4776 -25.4775 2
      vertex -32.4776 -25.4775 6
    endloop
  endfacet
  facet normal -0.522532 0.85262 0
    outer loop
      vertex -31.235 -24.0225 2
      vertex -31.5695 -24.2275 6
      vertex -31.235 -24.0225 6
    endloop
  endfacet
  facet normal -0.522532 0.85262 0
    outer loop
      vertex -31.5695 -24.2275 6
      vertex -31.235 -24.0225 2
      vertex -31.5695 -24.2275 2
    endloop
  endfacet
  facet normal -0.233527 0.97235 0
    outer loop
      vertex -30.4911 -23.7808 2
      vertex -30.8725 -23.8724 6
      vertex -30.4911 -23.7808 6
    endloop
  endfacet
  facet normal -0.233527 0.97235 0
    outer loop
      vertex -30.8725 -23.8724 6
      vertex -30.4911 -23.7808 2
      vertex -30.8725 -23.8724 2
    endloop
  endfacet
  facet normal 0.522532 -0.85262 0
    outer loop
      vertex -28.965 -28.4775 2
      vertex -28.6305 -28.2725 6
      vertex -28.965 -28.4775 6
    endloop
  endfacet
  facet normal 0.522532 -0.85262 0
    outer loop
      vertex -28.6305 -28.2725 6
      vertex -28.965 -28.4775 2
      vertex -28.6305 -28.2725 2
    endloop
  endfacet
  facet normal -0.649342 -0.760497 0
    outer loop
      vertex -31.8678 -28.0178 2
      vertex -31.5695 -28.2725 6
      vertex -31.8678 -28.0178 6
    endloop
  endfacet
  facet normal -0.649342 -0.760497 -0
    outer loop
      vertex -31.5695 -28.2725 6
      vertex -31.8678 -28.0178 2
      vertex -31.5695 -28.2725 2
    endloop
  endfacet
  facet normal -0.382569 -0.923927 0
    outer loop
      vertex -31.235 -28.4775 2
      vertex -30.8725 -28.6276 6
      vertex -31.235 -28.4775 6
    endloop
  endfacet
  facet normal -0.382569 -0.923927 -0
    outer loop
      vertex -30.8725 -28.6276 6
      vertex -31.235 -28.4775 2
      vertex -30.8725 -28.6276 2
    endloop
  endfacet
  facet normal -0.85262 -0.522532 0
    outer loop
      vertex -32.1225 -27.7195 2
      vertex -32.3275 -27.385 6
      vertex -32.3275 -27.385 2
    endloop
  endfacet
  facet normal -0.85262 -0.522532 0
    outer loop
      vertex -32.3275 -27.385 6
      vertex -32.1225 -27.7195 2
      vertex -32.1225 -27.7195 6
    endloop
  endfacet
  facet normal 0.233527 0.97235 -0
    outer loop
      vertex -29.3275 -23.8724 2
      vertex -29.7089 -23.7808 6
      vertex -29.3275 -23.8724 6
    endloop
  endfacet
  facet normal 0.233527 0.97235 0
    outer loop
      vertex -29.7089 -23.7808 6
      vertex -29.3275 -23.8724 2
      vertex -29.7089 -23.7808 2
    endloop
  endfacet
  facet normal -0.97235 0.233527 0
    outer loop
      vertex -32.5692 -25.8589 2
      vertex -32.4776 -25.4775 6
      vertex -32.4776 -25.4775 2
    endloop
  endfacet
  facet normal -0.97235 0.233527 0
    outer loop
      vertex -32.4776 -25.4775 6
      vertex -32.5692 -25.8589 2
      vertex -32.5692 -25.8589 6
    endloop
  endfacet
  facet normal -0.0784244 0.99692 0
    outer loop
      vertex -30.1 -23.75 3
      vertex -30.1 -23.75 2
      vertex -30.4 -23.7736 3
    endloop
  endfacet
  facet normal -0.0787883 0.996891 0
    outer loop
      vertex -30.4 -23.7736 3
      vertex -30.4911 -23.7808 6
      vertex -30.4 -23.7736 6
    endloop
  endfacet
  facet normal -0.0787883 0.996891 0
    outer loop
      vertex -30.4 -23.7736 3
      vertex -30.4911 -23.7808 2
      vertex -30.4911 -23.7808 6
    endloop
  endfacet
  facet normal -0.0785092 0.996913 -2.55919e-05
    outer loop
      vertex -30.4911 -23.7808 2
      vertex -30.4 -23.7736 3
      vertex -30.1 -23.75 2
    endloop
  endfacet
  facet normal 0.996913 -0.0785092 0
    outer loop
      vertex -27.6308 -26.6411 6
      vertex -27.6 -26.25 2
      vertex -27.6 -26.25 6
    endloop
  endfacet
  facet normal 0.996913 -0.0785092 0
    outer loop
      vertex -27.6 -26.25 2
      vertex -27.6308 -26.6411 6
      vertex -27.6308 -26.6411 2
    endloop
  endfacet
  facet normal 0.0784244 -0.99692 0
    outer loop
      vertex -30.1 -28.75 3
      vertex -30.1 -28.75 2
      vertex -29.8 -28.7264 3
    endloop
  endfacet
  facet normal 0.0787883 -0.996891 0
    outer loop
      vertex -29.8 -28.7264 3
      vertex -29.7089 -28.7192 6
      vertex -29.8 -28.7264 6
    endloop
  endfacet
  facet normal 0.0787883 -0.996891 0
    outer loop
      vertex -29.8 -28.7264 3
      vertex -29.7089 -28.7192 2
      vertex -29.7089 -28.7192 6
    endloop
  endfacet
  facet normal 0.0785092 -0.996913 -2.55919e-05
    outer loop
      vertex -29.7089 -28.7192 2
      vertex -29.8 -28.7264 3
      vertex -30.1 -28.75 2
    endloop
  endfacet
  facet normal 0.382569 -0.923927 0
    outer loop
      vertex -29.3275 -28.6276 2
      vertex -28.965 -28.4775 6
      vertex -29.3275 -28.6276 6
    endloop
  endfacet
  facet normal 0.382569 -0.923927 0
    outer loop
      vertex -28.965 -28.4775 6
      vertex -29.3275 -28.6276 2
      vertex -28.965 -28.4775 2
    endloop
  endfacet
  facet normal 0.649342 -0.760497 0
    outer loop
      vertex -28.6305 -28.2725 2
      vertex -28.3322 -28.0178 6
      vertex -28.6305 -28.2725 6
    endloop
  endfacet
  facet normal 0.649342 -0.760497 0
    outer loop
      vertex -28.3322 -28.0178 6
      vertex -28.6305 -28.2725 2
      vertex -28.3322 -28.0178 2
    endloop
  endfacet
  facet normal 0.923927 -0.382569 0
    outer loop
      vertex -27.8725 -27.385 6
      vertex -27.7224 -27.0225 2
      vertex -27.7224 -27.0225 6
    endloop
  endfacet
  facet normal 0.923927 -0.382569 0
    outer loop
      vertex -27.7224 -27.0225 2
      vertex -27.8725 -27.385 6
      vertex -27.8725 -27.385 2
    endloop
  endfacet
  facet normal 0.760497 -0.649342 0
    outer loop
      vertex -28.3322 -28.0178 6
      vertex -28.0775 -27.7195 2
      vertex -28.0775 -27.7195 6
    endloop
  endfacet
  facet normal 0.760497 -0.649342 0
    outer loop
      vertex -28.0775 -27.7195 2
      vertex -28.3322 -28.0178 6
      vertex -28.3322 -28.0178 2
    endloop
  endfacet
  facet normal -0.522532 -0.85262 0
    outer loop
      vertex -31.5695 -28.2725 2
      vertex -31.235 -28.4775 6
      vertex -31.5695 -28.2725 6
    endloop
  endfacet
  facet normal -0.522532 -0.85262 -0
    outer loop
      vertex -31.235 -28.4775 6
      vertex -31.5695 -28.2725 2
      vertex -31.235 -28.4775 2
    endloop
  endfacet
  facet normal -0.233527 -0.97235 0
    outer loop
      vertex -30.8725 -28.6276 2
      vertex -30.4911 -28.7192 6
      vertex -30.8725 -28.6276 6
    endloop
  endfacet
  facet normal -0.233527 -0.97235 -0
    outer loop
      vertex -30.4911 -28.7192 6
      vertex -30.8725 -28.6276 2
      vertex -30.4911 -28.7192 2
    endloop
  endfacet
  facet normal -0.923927 -0.382569 0
    outer loop
      vertex -32.3275 -27.385 2
      vertex -32.4776 -27.0225 6
      vertex -32.4776 -27.0225 2
    endloop
  endfacet
  facet normal -0.923927 -0.382569 0
    outer loop
      vertex -32.4776 -27.0225 6
      vertex -32.3275 -27.385 2
      vertex -32.3275 -27.385 6
    endloop
  endfacet
  facet normal -0.996913 -0.0785092 0
    outer loop
      vertex -32.5692 -26.6411 2
      vertex -32.6 -26.25 6
      vertex -32.6 -26.25 2
    endloop
  endfacet
  facet normal -0.996913 -0.0785092 0
    outer loop
      vertex -32.6 -26.25 6
      vertex -32.5692 -26.6411 2
      vertex -32.5692 -26.6411 6
    endloop
  endfacet
  facet normal 0.233527 -0.97235 0
    outer loop
      vertex -29.7089 -28.7192 2
      vertex -29.3275 -28.6276 6
      vertex -29.7089 -28.7192 6
    endloop
  endfacet
  facet normal 0.233527 -0.97235 0
    outer loop
      vertex -29.3275 -28.6276 6
      vertex -29.7089 -28.7192 2
      vertex -29.3275 -28.6276 2
    endloop
  endfacet
  facet normal 0.97235 -0.233527 0
    outer loop
      vertex -27.7224 -27.0225 6
      vertex -27.6308 -26.6411 2
      vertex -27.6308 -26.6411 6
    endloop
  endfacet
  facet normal 0.97235 -0.233527 0
    outer loop
      vertex -27.6308 -26.6411 2
      vertex -27.7224 -27.0225 6
      vertex -27.7224 -27.0225 2
    endloop
  endfacet
  facet normal 0.85262 -0.522532 0
    outer loop
      vertex -28.0775 -27.7195 6
      vertex -27.8725 -27.385 2
      vertex -27.8725 -27.385 6
    endloop
  endfacet
  facet normal 0.85262 -0.522532 0
    outer loop
      vertex -27.8725 -27.385 2
      vertex -28.0775 -27.7195 6
      vertex -28.0775 -27.7195 2
    endloop
  endfacet
  facet normal -0.97235 -0.233527 0
    outer loop
      vertex -32.4776 -27.0225 2
      vertex -32.5692 -26.6411 6
      vertex -32.5692 -26.6411 2
    endloop
  endfacet
  facet normal -0.97235 -0.233527 0
    outer loop
      vertex -32.5692 -26.6411 6
      vertex -32.4776 -27.0225 2
      vertex -32.4776 -27.0225 6
    endloop
  endfacet
  facet normal 1 0 0
    outer loop
      vertex -30.4 -27.1733 8.82294
      vertex -30.4 -25.15 8.77919
      vertex -30.4 -25.1581 8.79236
    endloop
  endfacet
  facet normal 1 -0 0
    outer loop
      vertex -30.4 -25.15 6
      vertex -30.4 -23.7736 3
      vertex -30.4 -23.7736 6
    endloop
  endfacet
  facet normal 1 -0 0
    outer loop
      vertex -30.4 -27.1733 8.82294
      vertex -30.4 -25.1581 8.79236
      vertex -30.4 -25.3479 9.1
    endloop
  endfacet
  facet normal 1 0 0
    outer loop
      vertex -30.4 -27.1055 8.96697
      vertex -30.4 -25.3479 9.1
      vertex -30.4 -27.0429 9.1
    endloop
  endfacet
  facet normal 1 0 0
    outer loop
      vertex -30.4 -27.1733 8.82294
      vertex -30.4 -25.3479 9.1
      vertex -30.4 -27.1055 8.96697
    endloop
  endfacet
  facet normal 1 0 0
    outer loop
      vertex -30.4 -25.15 8.77919
      vertex -30.4 -27.1733 8.82294
      vertex -30.4 -27.357 7.6
    endloop
  endfacet
  facet normal 1 0 0
    outer loop
      vertex -30.4 -25.15 8.77919
      vertex -30.4 -27.357 7.6
      vertex -30.4 -25.15 6
    endloop
  endfacet
  facet normal 1 0 0
    outer loop
      vertex -30.4 -27.357 6
      vertex -30.4 -25.15 6
      vertex -30.4 -27.357 7.6
    endloop
  endfacet
  facet normal 1 0 0
    outer loop
      vertex -30.4 -25.15 6
      vertex -30.4 -27.357 6
      vertex -30.4 -23.7736 3
    endloop
  endfacet
  facet normal 1 0 0
    outer loop
      vertex -30.4 -28.7264 3
      vertex -30.4 -27.357 6
      vertex -30.4 -28.7264 6
    endloop
  endfacet
  facet normal 1 0 0
    outer loop
      vertex -30.4 -27.357 6
      vertex -30.4 -28.7264 3
      vertex -30.4 -23.7736 3
    endloop
  endfacet
  facet normal 1 -0 0
    outer loop
      vertex -30.4 -27.7158 7.61
      vertex -30.4 -27.357 7.6
      vertex -30.4 -27.1733 8.82294
    endloop
  endfacet
  facet normal 1 0 0
    outer loop
      vertex -30.4 -27.357 7.6
      vertex -30.4 -27.7158 7.61
      vertex -30.4 -27.7158 7.6
    endloop
  endfacet
  facet normal -1 0 0
    outer loop
      vertex -29.8 -23.7736 3
      vertex -29.8 -25.15 6
      vertex -29.8 -23.7736 6
    endloop
  endfacet
  facet normal -1 0 0
    outer loop
      vertex -29.8 -27.357 7.6
      vertex -29.8 -25.15 8.77919
      vertex -29.8 -25.15 6
    endloop
  endfacet
  facet normal -1 0 -0
    outer loop
      vertex -29.8 -27.1733 8.82294
      vertex -29.8 -25.15 8.77919
      vertex -29.8 -27.357 7.6
    endloop
  endfacet
  facet normal -1 0 0
    outer loop
      vertex -29.8 -25.15 8.77919
      vertex -29.8 -27.1733 8.82294
      vertex -29.8 -25.1581 8.79236
    endloop
  endfacet
  facet normal -1 0 0
    outer loop
      vertex -29.8 -27.357 6
      vertex -29.8 -25.15 6
      vertex -29.8 -23.7736 3
    endloop
  endfacet
  facet normal -1 0 0
    outer loop
      vertex -29.8 -25.1581 8.79236
      vertex -29.8 -27.1733 8.82294
      vertex -29.8 -25.3479 9.1
    endloop
  endfacet
  facet normal -1 -0 0
    outer loop
      vertex -29.8 -25.3479 9.1
      vertex -29.8 -27.1055 8.96697
      vertex -29.8 -27.0429 9.1
    endloop
  endfacet
  facet normal -1 0 0
    outer loop
      vertex -29.8 -25.15 6
      vertex -29.8 -27.357 6
      vertex -29.8 -27.357 7.6
    endloop
  endfacet
  facet normal -1 0 0
    outer loop
      vertex -29.8 -28.7264 3
      vertex -29.8 -27.357 6
      vertex -29.8 -23.7736 3
    endloop
  endfacet
  facet normal -1 -0 0
    outer loop
      vertex -29.8 -27.357 6
      vertex -29.8 -28.7264 3
      vertex -29.8 -28.7264 6
    endloop
  endfacet
  facet normal -1 0 0
    outer loop
      vertex -29.8 -25.3479 9.1
      vertex -29.8 -27.1733 8.82294
      vertex -29.8 -27.1055 8.96697
    endloop
  endfacet
  facet normal -1 0 0
    outer loop
      vertex -29.8 -27.7158 7.61
      vertex -29.8 -27.357 7.6
      vertex -29.8 -27.7158 7.6
    endloop
  endfacet
  facet normal -1 0 0
    outer loop
      vertex -29.8 -27.357 7.6
      vertex -29.8 -27.7158 7.61
      vertex -29.8 -27.1733 8.82294
    endloop
  endfacet
  facet normal 0 0 1
    outer loop
      vertex -30.4 -23.7736 3
      vertex -29.8 -23.7736 3
      vertex -30.1 -23.75 3
    endloop
  endfacet
  facet normal 0 0 1
    outer loop
      vertex -29.8 -23.7736 3
      vertex -30.4 -23.7736 3
      vertex -29.8 -28.7264 3
    endloop
  endfacet
  facet normal 0 0 1
    outer loop
      vertex -30.4 -28.7264 3
      vertex -29.8 -28.7264 3
      vertex -30.4 -23.7736 3
    endloop
  endfacet
  facet normal 0 0 1
    outer loop
      vertex -29.8 -28.7264 3
      vertex -30.4 -28.7264 3
      vertex -30.1 -28.75 3
    endloop
  endfacet
  facet normal 0.382923 -0.92378 0
    outer loop
      vertex -29.7446 25.1563 6
      vertex -29.5779 25.2254 7.6
      vertex -29.7446 25.1563 7.6
    endloop
  endfacet
  facet normal 0.382923 -0.92378 0
    outer loop
      vertex -29.5779 25.2254 7.6
      vertex -29.7446 25.1563 6
      vertex -29.5779 25.2254 6
    endloop
  endfacet
  facet normal 0 1 0
    outer loop
      vertex -30.4 27.35 8.77919
      vertex -30.6263 27.35 7.6
      vertex -31.1213 27.35 7.61
    endloop
  endfacet
  facet normal 0 1 -0
    outer loop
      vertex -30.4 27.35 6
      vertex -30.6263 27.35 7.6
      vertex -30.4 27.35 8.77919
    endloop
  endfacet
  facet normal 0 1 0
    outer loop
      vertex -30.6263 27.35 7.6
      vertex -30.4 27.35 6
      vertex -30.6263 27.35 6
    endloop
  endfacet
  facet normal 0 1 0
    outer loop
      vertex -31.1213 27.35 7.61
      vertex -30.6263 27.35 7.6
      vertex -31.1213 27.35 7.6
    endloop
  endfacet
  facet normal 0 1 0
    outer loop
      vertex -29.5737 27.35 7.6
      vertex -29.0787 27.35 7.61
      vertex -29.0787 27.35 7.6
    endloop
  endfacet
  facet normal 0 1 0
    outer loop
      vertex -29.0787 27.35 7.61
      vertex -29.5737 27.35 7.6
      vertex -29.8 27.35 8.77919
    endloop
  endfacet
  facet normal 0 1 0
    outer loop
      vertex -29.8 27.35 6
      vertex -29.5737 27.35 7.6
      vertex -29.5737 27.35 6
    endloop
  endfacet
  facet normal 0 1 0
    outer loop
      vertex -29.5737 27.35 7.6
      vertex -29.8 27.35 6
      vertex -29.8 27.35 8.77919
    endloop
  endfacet
  facet normal 0.233439 -0.972371 0
    outer loop
      vertex -29.8 25.143 6
      vertex -29.7446 25.1563 7.6
      vertex -29.8 25.143 7.6
    endloop
  endfacet
  facet normal 0.233439 -0.972371 0
    outer loop
      vertex -29.7446 25.1563 7.6
      vertex -29.8 25.143 6
      vertex -29.7446 25.1563 6
    endloop
  endfacet
  facet normal 0.92378 0.382923 0
    outer loop
      vertex -29.0063 26.6054 7.6
      vertex -29.0754 26.7721 6
      vertex -29.0754 26.7721 7.6
    endloop
  endfacet
  facet normal 0.92378 0.382923 0
    outer loop
      vertex -29.0754 26.7721 6
      vertex -29.0063 26.6054 7.6
      vertex -29.0063 26.6054 6
    endloop
  endfacet
  facet normal -0.92378 0.382923 0
    outer loop
      vertex -31.1937 26.6054 6
      vertex -31.1246 26.7721 7.6
      vertex -31.1246 26.7721 6
    endloop
  endfacet
  facet normal -0.92378 0.382923 0
    outer loop
      vertex -31.1246 26.7721 7.6
      vertex -31.1937 26.6054 6
      vertex -31.1937 26.6054 7.6
    endloop
  endfacet
  facet normal 0.706984 0.70723 -0
    outer loop
      vertex -29.2868 27.0632 6
      vertex -29.5737 27.35 7.6
      vertex -29.2868 27.0632 7.6
    endloop
  endfacet
  facet normal 0.706984 0.70723 0
    outer loop
      vertex -29.5737 27.35 7.6
      vertex -29.2868 27.0632 6
      vertex -29.5737 27.35 6
    endloop
  endfacet
  facet normal -0.760585 0.649239 0
    outer loop
      vertex -31.0304 26.9259 6
      vertex -30.9132 27.0632 7.6
      vertex -30.9132 27.0632 6
    endloop
  endfacet
  facet normal -0.760585 0.649239 0
    outer loop
      vertex -30.9132 27.0632 7.6
      vertex -31.0304 26.9259 6
      vertex -31.0304 26.9259 7.6
    endloop
  endfacet
  facet normal -0.706984 0.70723 0
    outer loop
      vertex -30.6263 27.35 6
      vertex -30.9132 27.0632 7.6
      vertex -30.6263 27.35 7.6
    endloop
  endfacet
  facet normal -0.706984 0.70723 0
    outer loop
      vertex -30.9132 27.0632 7.6
      vertex -30.6263 27.35 6
      vertex -30.9132 27.0632 6
    endloop
  endfacet
  facet normal -0.852761 0.522302 0
    outer loop
      vertex -31.1246 26.7721 6
      vertex -31.0304 26.9259 7.6
      vertex -31.0304 26.9259 6
    endloop
  endfacet
  facet normal -0.852761 0.522302 0
    outer loop
      vertex -31.0304 26.9259 7.6
      vertex -31.1246 26.7721 6
      vertex -31.1246 26.7721 7.6
    endloop
  endfacet
  facet normal -0.996899 0.078688 0
    outer loop
      vertex -31.25 26.25 6
      vertex -31.2358 26.4299 7.6
      vertex -31.2358 26.4299 6
    endloop
  endfacet
  facet normal -0.996899 0.078688 0
    outer loop
      vertex -31.2358 26.4299 7.6
      vertex -31.25 26.25 6
      vertex -31.25 26.25 7.6
    endloop
  endfacet
  facet normal 0 0 1
    outer loop
      vertex -28.95 26.25 6
      vertex -27.6 26.25 6
      vertex -27.6308 26.6411 6
    endloop
  endfacet
  facet normal 0 0 1
    outer loop
      vertex -28.9642 26.4299 6
      vertex -27.6308 26.6411 6
      vertex -27.7224 27.0225 6
    endloop
  endfacet
  facet normal 0 0 1
    outer loop
      vertex -27.6 26.25 6
      vertex -28.95 26.25 6
      vertex -27.6308 25.8589 6
    endloop
  endfacet
  facet normal 0 0 1
    outer loop
      vertex -29.0063 26.6054 6
      vertex -27.7224 27.0225 6
      vertex -27.8725 27.385 6
    endloop
  endfacet
  facet normal -0 0 1
    outer loop
      vertex -28.9642 26.0701 6
      vertex -27.6308 25.8589 6
      vertex -28.95 26.25 6
    endloop
  endfacet
  facet normal 0 0 1
    outer loop
      vertex -29.0754 26.7721 6
      vertex -27.8725 27.385 6
      vertex -28.0775 27.7195 6
    endloop
  endfacet
  facet normal 0 0 1
    outer loop
      vertex -27.6308 25.8589 6
      vertex -28.9642 26.0701 6
      vertex -27.7224 25.4775 6
    endloop
  endfacet
  facet normal 0 0 1
    outer loop
      vertex -29.1696 26.9259 6
      vertex -28.0775 27.7195 6
      vertex -28.3322 28.0178 6
    endloop
  endfacet
  facet normal -0 0 1
    outer loop
      vertex -29.0063 25.8946 6
      vertex -27.7224 25.4775 6
      vertex -28.9642 26.0701 6
    endloop
  endfacet
  facet normal 0 0 1
    outer loop
      vertex -29.2868 27.0632 6
      vertex -28.3322 28.0178 6
      vertex -28.6305 28.2725 6
    endloop
  endfacet
  facet normal 0 0 1
    outer loop
      vertex -27.7224 25.4775 6
      vertex -29.0063 25.8946 6
      vertex -27.8725 25.115 6
    endloop
  endfacet
  facet normal -0 0 1
    outer loop
      vertex -29.0754 25.7279 6
      vertex -27.8725 25.115 6
      vertex -29.0063 25.8946 6
    endloop
  endfacet
  facet normal 0 0 1
    outer loop
      vertex -27.6308 26.6411 6
      vertex -28.9642 26.4299 6
      vertex -28.95 26.25 6
    endloop
  endfacet
  facet normal 0 0 1
    outer loop
      vertex -29.5737 27.35 6
      vertex -28.6305 28.2725 6
      vertex -28.965 28.4775 6
    endloop
  endfacet
  facet normal 0 0 1
    outer loop
      vertex -27.7224 27.0225 6
      vertex -29.0063 26.6054 6
      vertex -28.9642 26.4299 6
    endloop
  endfacet
  facet normal 0 0 1
    outer loop
      vertex -27.8725 27.385 6
      vertex -29.0754 26.7721 6
      vertex -29.0063 26.6054 6
    endloop
  endfacet
  facet normal 0 0 1
    outer loop
      vertex -28.0775 27.7195 6
      vertex -29.1696 26.9259 6
      vertex -29.0754 26.7721 6
    endloop
  endfacet
  facet normal 0 0 1
    outer loop
      vertex -28.3322 28.0178 6
      vertex -29.2868 27.0632 6
      vertex -29.1696 26.9259 6
    endloop
  endfacet
  facet normal 0 0 1
    outer loop
      vertex -29.5737 27.35 6
      vertex -28.965 28.4775 6
      vertex -29.3275 28.6276 6
    endloop
  endfacet
  facet normal 0 0 1
    outer loop
      vertex -28.6305 28.2725 6
      vertex -29.5737 27.35 6
      vertex -29.2868 27.0632 6
    endloop
  endfacet
  facet normal 0 0 1
    outer loop
      vertex -29.7089 28.7192 6
      vertex -29.5737 27.35 6
      vertex -29.3275 28.6276 6
    endloop
  endfacet
  facet normal 0 0 1
    outer loop
      vertex -29.8 27.35 6
      vertex -29.7089 28.7192 6
      vertex -29.8 28.7264 6
    endloop
  endfacet
  facet normal 0 0 1
    outer loop
      vertex -29.7089 28.7192 6
      vertex -29.8 27.35 6
      vertex -29.5737 27.35 6
    endloop
  endfacet
  facet normal 0 0 1
    outer loop
      vertex -27.8725 25.115 6
      vertex -29.0754 25.7279 6
      vertex -28.0775 24.7805 6
    endloop
  endfacet
  facet normal -0 0 1
    outer loop
      vertex -29.1696 25.5741 6
      vertex -28.0775 24.7805 6
      vertex -29.0754 25.7279 6
    endloop
  endfacet
  facet normal 0 0 1
    outer loop
      vertex -28.0775 24.7805 6
      vertex -29.1696 25.5741 6
      vertex -28.3322 24.4822 6
    endloop
  endfacet
  facet normal -0 0 1
    outer loop
      vertex -29.2868 25.4368 6
      vertex -28.3322 24.4822 6
      vertex -29.1696 25.5741 6
    endloop
  endfacet
  facet normal 0 0 1
    outer loop
      vertex -28.3322 24.4822 6
      vertex -29.2868 25.4368 6
      vertex -28.6305 24.2275 6
    endloop
  endfacet
  facet normal -0 0 1
    outer loop
      vertex -29.4241 25.3196 6
      vertex -28.6305 24.2275 6
      vertex -29.2868 25.4368 6
    endloop
  endfacet
  facet normal 0 0 1
    outer loop
      vertex -28.6305 24.2275 6
      vertex -29.4241 25.3196 6
      vertex -28.965 24.0225 6
    endloop
  endfacet
  facet normal -0 0 1
    outer loop
      vertex -29.5779 25.2254 6
      vertex -28.965 24.0225 6
      vertex -29.4241 25.3196 6
    endloop
  endfacet
  facet normal 0 0 1
    outer loop
      vertex -28.965 24.0225 6
      vertex -29.5779 25.2254 6
      vertex -29.3275 23.8724 6
    endloop
  endfacet
  facet normal -0 0 1
    outer loop
      vertex -29.7446 25.1563 6
      vertex -29.3275 23.8724 6
      vertex -29.5779 25.2254 6
    endloop
  endfacet
  facet normal -0 0 1
    outer loop
      vertex -29.8 25.143 6
      vertex -29.3275 23.8724 6
      vertex -29.7446 25.1563 6
    endloop
  endfacet
  facet normal 0 0 1
    outer loop
      vertex -29.3275 23.8724 6
      vertex -29.8 25.143 6
      vertex -29.7089 23.7808 6
    endloop
  endfacet
  facet normal 0 0 1
    outer loop
      vertex -29.7089 23.7808 6
      vertex -29.8 25.143 6
      vertex -29.8 23.7736 6
    endloop
  endfacet
  facet normal -0 0 1
    outer loop
      vertex -30.4911 28.7192 6
      vertex -30.4 27.35 6
      vertex -30.4 28.7264 6
    endloop
  endfacet
  facet normal 0 0 1
    outer loop
      vertex -30.4911 28.7192 6
      vertex -30.6263 27.35 6
      vertex -30.4 27.35 6
    endloop
  endfacet
  facet normal -0 0 1
    outer loop
      vertex -30.8725 28.6276 6
      vertex -30.6263 27.35 6
      vertex -30.4911 28.7192 6
    endloop
  endfacet
  facet normal -0 0 1
    outer loop
      vertex -31.235 28.4775 6
      vertex -30.6263 27.35 6
      vertex -30.8725 28.6276 6
    endloop
  endfacet
  facet normal -0 0 1
    outer loop
      vertex -31.5695 28.2725 6
      vertex -30.6263 27.35 6
      vertex -31.235 28.4775 6
    endloop
  endfacet
  facet normal 0 0 1
    outer loop
      vertex -30.6263 27.35 6
      vertex -31.5695 28.2725 6
      vertex -30.9132 27.0632 6
    endloop
  endfacet
  facet normal -0 0 1
    outer loop
      vertex -31.8678 28.0178 6
      vertex -30.9132 27.0632 6
      vertex -31.5695 28.2725 6
    endloop
  endfacet
  facet normal 0 0 1
    outer loop
      vertex -30.9132 27.0632 6
      vertex -31.8678 28.0178 6
      vertex -31.0304 26.9259 6
    endloop
  endfacet
  facet normal -0 0 1
    outer loop
      vertex -32.1225 27.7195 6
      vertex -31.0304 26.9259 6
      vertex -31.8678 28.0178 6
    endloop
  endfacet
  facet normal 0 0 1
    outer loop
      vertex -31.0304 26.9259 6
      vertex -32.1225 27.7195 6
      vertex -31.1246 26.7721 6
    endloop
  endfacet
  facet normal -0 0 1
    outer loop
      vertex -32.3275 27.385 6
      vertex -31.1246 26.7721 6
      vertex -32.1225 27.7195 6
    endloop
  endfacet
  facet normal 0 0 1
    outer loop
      vertex -30.8725 23.8724 6
      vertex -30.4 25.143 6
      vertex -30.4554 25.1563 6
    endloop
  endfacet
  facet normal 0 0 1
    outer loop
      vertex -30.4 25.143 6
      vertex -30.4911 23.7808 6
      vertex -30.4 23.7736 6
    endloop
  endfacet
  facet normal 0 0 1
    outer loop
      vertex -30.8725 23.8724 6
      vertex -30.4554 25.1563 6
      vertex -30.6221 25.2254 6
    endloop
  endfacet
  facet normal 0 0 1
    outer loop
      vertex -31.235 24.0225 6
      vertex -30.6221 25.2254 6
      vertex -30.7759 25.3196 6
    endloop
  endfacet
  facet normal 0 0 1
    outer loop
      vertex -30.4 25.143 6
      vertex -30.8725 23.8724 6
      vertex -30.4911 23.7808 6
    endloop
  endfacet
  facet normal 0 0 1
    outer loop
      vertex -31.5695 24.2275 6
      vertex -30.7759 25.3196 6
      vertex -30.9132 25.4368 6
    endloop
  endfacet
  facet normal 0 0 1
    outer loop
      vertex -31.8678 24.4822 6
      vertex -30.9132 25.4368 6
      vertex -31.0304 25.5741 6
    endloop
  endfacet
  facet normal 0 0 1
    outer loop
      vertex -32.1225 24.7805 6
      vertex -31.0304 25.5741 6
      vertex -31.1246 25.7279 6
    endloop
  endfacet
  facet normal 0 0 1
    outer loop
      vertex -32.3275 25.115 6
      vertex -31.1246 25.7279 6
      vertex -31.1937 25.8946 6
    endloop
  endfacet
  facet normal 0 0 1
    outer loop
      vertex -30.6221 25.2254 6
      vertex -31.235 24.0225 6
      vertex -30.8725 23.8724 6
    endloop
  endfacet
  facet normal 0 0 1
    outer loop
      vertex -32.4776 25.4775 6
      vertex -31.1937 25.8946 6
      vertex -31.2358 26.0701 6
    endloop
  endfacet
  facet normal 0 0 1
    outer loop
      vertex -32.5692 25.8589 6
      vertex -31.2358 26.0701 6
      vertex -31.25 26.25 6
    endloop
  endfacet
  facet normal 0 0 1
    outer loop
      vertex -31.1246 26.7721 6
      vertex -32.3275 27.385 6
      vertex -31.1937 26.6054 6
    endloop
  endfacet
  facet normal 0 0 1
    outer loop
      vertex -30.7759 25.3196 6
      vertex -31.5695 24.2275 6
      vertex -31.235 24.0225 6
    endloop
  endfacet
  facet normal -0 0 1
    outer loop
      vertex -32.4776 27.0225 6
      vertex -31.1937 26.6054 6
      vertex -32.3275 27.385 6
    endloop
  endfacet
  facet normal 0 0 1
    outer loop
      vertex -30.9132 25.4368 6
      vertex -31.8678 24.4822 6
      vertex -31.5695 24.2275 6
    endloop
  endfacet
  facet normal 0 0 1
    outer loop
      vertex -31.1937 26.6054 6
      vertex -32.4776 27.0225 6
      vertex -31.2358 26.4299 6
    endloop
  endfacet
  facet normal 0 0 1
    outer loop
      vertex -31.0304 25.5741 6
      vertex -32.1225 24.7805 6
      vertex -31.8678 24.4822 6
    endloop
  endfacet
  facet normal -0 0 1
    outer loop
      vertex -32.5692 26.6411 6
      vertex -31.2358 26.4299 6
      vertex -32.4776 27.0225 6
    endloop
  endfacet
  facet normal 0 0 1
    outer loop
      vertex -31.1246 25.7279 6
      vertex -32.3275 25.115 6
      vertex -32.1225 24.7805 6
    endloop
  endfacet
  facet normal 0 0 1
    outer loop
      vertex -31.2358 26.4299 6
      vertex -32.5692 26.6411 6
      vertex -31.25 26.25 6
    endloop
  endfacet
  facet normal 0 0 1
    outer loop
      vertex -31.1937 25.8946 6
      vertex -32.4776 25.4775 6
      vertex -32.3275 25.115 6
    endloop
  endfacet
  facet normal 0 0 1
    outer loop
      vertex -32.6 26.25 6
      vertex -31.25 26.25 6
      vertex -32.5692 26.6411 6
    endloop
  endfacet
  facet normal 0 0 1
    outer loop
      vertex -31.2358 26.0701 6
      vertex -32.5692 25.8589 6
      vertex -32.4776 25.4775 6
    endloop
  endfacet
  facet normal 0 0 1
    outer loop
      vertex -31.25 26.25 6
      vertex -32.6 26.25 6
      vertex -32.5692 25.8589 6
    endloop
  endfacet
  facet normal -0.996899 -0.078688 0
    outer loop
      vertex -31.2358 26.0701 6
      vertex -31.25 26.25 7.6
      vertex -31.25 26.25 6
    endloop
  endfacet
  facet normal -0.996899 -0.078688 0
    outer loop
      vertex -31.25 26.25 7.6
      vertex -31.2358 26.0701 6
      vertex -31.2358 26.0701 7.6
    endloop
  endfacet
  facet normal -0.972412 0.233268 0
    outer loop
      vertex -31.2358 26.4299 6
      vertex -31.1937 26.6054 7.6
      vertex -31.1937 26.6054 6
    endloop
  endfacet
  facet normal -0.972412 0.233268 0
    outer loop
      vertex -31.1937 26.6054 7.6
      vertex -31.2358 26.4299 6
      vertex -31.2358 26.4299 7.6
    endloop
  endfacet
  facet normal -0.92378 -0.382923 0
    outer loop
      vertex -31.1246 25.7279 6
      vertex -31.1937 25.8946 7.6
      vertex -31.1937 25.8946 6
    endloop
  endfacet
  facet normal -0.92378 -0.382923 0
    outer loop
      vertex -31.1937 25.8946 7.6
      vertex -31.1246 25.7279 6
      vertex -31.1246 25.7279 7.6
    endloop
  endfacet
  facet normal -0.760585 -0.649239 0
    outer loop
      vertex -30.9132 25.4368 6
      vertex -31.0304 25.5741 7.6
      vertex -31.0304 25.5741 6
    endloop
  endfacet
  facet normal -0.760585 -0.649239 0
    outer loop
      vertex -31.0304 25.5741 7.6
      vertex -30.9132 25.4368 6
      vertex -30.9132 25.4368 7.6
    endloop
  endfacet
  facet normal -0.522302 -0.852761 0
    outer loop
      vertex -30.7759 25.3196 6
      vertex -30.6221 25.2254 7.6
      vertex -30.7759 25.3196 7.6
    endloop
  endfacet
  facet normal -0.522302 -0.852761 -0
    outer loop
      vertex -30.6221 25.2254 7.6
      vertex -30.7759 25.3196 6
      vertex -30.6221 25.2254 6
    endloop
  endfacet
  facet normal 0.760585 0.649239 0
    outer loop
      vertex -29.1696 26.9259 7.6
      vertex -29.2868 27.0632 6
      vertex -29.2868 27.0632 7.6
    endloop
  endfacet
  facet normal 0.760585 0.649239 0
    outer loop
      vertex -29.2868 27.0632 6
      vertex -29.1696 26.9259 7.6
      vertex -29.1696 26.9259 6
    endloop
  endfacet
  facet normal 0.852761 0.522302 0
    outer loop
      vertex -29.0754 26.7721 7.6
      vertex -29.1696 26.9259 6
      vertex -29.1696 26.9259 7.6
    endloop
  endfacet
  facet normal 0.852761 0.522302 0
    outer loop
      vertex -29.1696 26.9259 6
      vertex -29.0754 26.7721 7.6
      vertex -29.0754 26.7721 6
    endloop
  endfacet
  facet normal 0.972412 -0.233268 0
    outer loop
      vertex -29.0063 25.8946 7.6
      vertex -28.9642 26.0701 6
      vertex -28.9642 26.0701 7.6
    endloop
  endfacet
  facet normal 0.972412 -0.233268 0
    outer loop
      vertex -28.9642 26.0701 6
      vertex -29.0063 25.8946 7.6
      vertex -29.0063 25.8946 6
    endloop
  endfacet
  facet normal 0.760585 -0.649239 0
    outer loop
      vertex -29.2868 25.4368 7.6
      vertex -29.1696 25.5741 6
      vertex -29.1696 25.5741 7.6
    endloop
  endfacet
  facet normal 0.760585 -0.649239 0
    outer loop
      vertex -29.1696 25.5741 6
      vertex -29.2868 25.4368 7.6
      vertex -29.2868 25.4368 6
    endloop
  endfacet
  facet normal 0.522302 -0.852761 0
    outer loop
      vertex -29.5779 25.2254 6
      vertex -29.4241 25.3196 7.6
      vertex -29.5779 25.2254 7.6
    endloop
  endfacet
  facet normal 0.522302 -0.852761 0
    outer loop
      vertex -29.4241 25.3196 7.6
      vertex -29.5779 25.2254 6
      vertex -29.4241 25.3196 6
    endloop
  endfacet
  facet normal -0.972412 -0.233268 0
    outer loop
      vertex -31.1937 25.8946 6
      vertex -31.2358 26.0701 7.6
      vertex -31.2358 26.0701 6
    endloop
  endfacet
  facet normal -0.972412 -0.233268 0
    outer loop
      vertex -31.2358 26.0701 7.6
      vertex -31.1937 25.8946 6
      vertex -31.1937 25.8946 7.6
    endloop
  endfacet
  facet normal 0 0 -1
    outer loop
      vertex -28.95 26.25 7.6
      vertex -28.6 26.25 7.6
      vertex -28.6185 26.0154 7.6
    endloop
  endfacet
  facet normal 0 0 -1
    outer loop
      vertex -28.9642 26.0701 7.6
      vertex -28.6185 26.0154 7.6
      vertex -28.6734 25.7865 7.6
    endloop
  endfacet
  facet normal 0 0 -1
    outer loop
      vertex -28.6 26.25 7.6
      vertex -28.95 26.25 7.6
      vertex -28.6185 26.4846 7.6
    endloop
  endfacet
  facet normal 0 0 -1
    outer loop
      vertex -29.0063 25.8946 7.6
      vertex -28.6734 25.7865 7.6
      vertex -28.7635 25.569 7.6
    endloop
  endfacet
  facet normal 0 0 -1
    outer loop
      vertex -28.9642 26.4299 7.6
      vertex -28.6185 26.4846 7.6
      vertex -28.95 26.25 7.6
    endloop
  endfacet
  facet normal 0 0 -1
    outer loop
      vertex -29.0754 25.7279 7.6
      vertex -28.7635 25.569 7.6
      vertex -28.8865 25.3683 7.6
    endloop
  endfacet
  facet normal -0 0 -1
    outer loop
      vertex -28.6185 26.4846 7.6
      vertex -28.9642 26.4299 7.6
      vertex -28.6734 26.7135 7.6
    endloop
  endfacet
  facet normal 0 0 -1
    outer loop
      vertex -29.0063 26.6054 7.6
      vertex -28.6734 26.7135 7.6
      vertex -28.9642 26.4299 7.6
    endloop
  endfacet
  facet normal 0 0 -1
    outer loop
      vertex -28.6185 26.0154 7.6
      vertex -28.9642 26.0701 7.6
      vertex -28.95 26.25 7.6
    endloop
  endfacet
  facet normal 0 0 -1
    outer loop
      vertex -28.6734 25.7865 7.6
      vertex -29.0063 25.8946 7.6
      vertex -28.9642 26.0701 7.6
    endloop
  endfacet
  facet normal 0 0 -1
    outer loop
      vertex -29.1696 25.5741 7.6
      vertex -28.8865 25.3683 7.6
      vertex -29.0393 25.1893 7.6
    endloop
  endfacet
  facet normal 0 0 -1
    outer loop
      vertex -28.7635 25.569 7.6
      vertex -29.0754 25.7279 7.6
      vertex -29.0063 25.8946 7.6
    endloop
  endfacet
  facet normal 0 0 -1
    outer loop
      vertex -28.8865 25.3683 7.6
      vertex -29.1696 25.5741 7.6
      vertex -29.0754 25.7279 7.6
    endloop
  endfacet
  facet normal 0 0 -1
    outer loop
      vertex -29.2868 25.4368 7.6
      vertex -29.0393 25.1893 7.6
      vertex -29.2183 25.0365 7.6
    endloop
  endfacet
  facet normal 0 0 -1
    outer loop
      vertex -29.0393 25.1893 7.6
      vertex -29.2868 25.4368 7.6
      vertex -29.1696 25.5741 7.6
    endloop
  endfacet
  facet normal 0 0 -1
    outer loop
      vertex -29.4241 25.3196 7.6
      vertex -29.2183 25.0365 7.6
      vertex -29.419 24.9135 7.6
    endloop
  endfacet
  facet normal 0 0 -1
    outer loop
      vertex -29.2183 25.0365 7.6
      vertex -29.4241 25.3196 7.6
      vertex -29.2868 25.4368 7.6
    endloop
  endfacet
  facet normal 0 0 -1
    outer loop
      vertex -29.419 24.9135 7.6
      vertex -29.5779 25.2254 7.6
      vertex -29.4241 25.3196 7.6
    endloop
  endfacet
  facet normal 0 0 -1
    outer loop
      vertex -29.6365 24.8234 7.6
      vertex -29.5779 25.2254 7.6
      vertex -29.419 24.9135 7.6
    endloop
  endfacet
  facet normal 0 0 -1
    outer loop
      vertex -29.6365 24.8234 7.6
      vertex -29.7446 25.1563 7.6
      vertex -29.5779 25.2254 7.6
    endloop
  endfacet
  facet normal 0 0 -1
    outer loop
      vertex -29.8 25.143 7.6
      vertex -29.6365 24.8234 7.6
      vertex -29.8 24.7842 7.6
    endloop
  endfacet
  facet normal 0 0 -1
    outer loop
      vertex -29.6365 24.8234 7.6
      vertex -29.8 25.143 7.6
      vertex -29.7446 25.1563 7.6
    endloop
  endfacet
  facet normal -0 0 -1
    outer loop
      vertex -28.6734 26.7135 7.6
      vertex -29.0063 26.6054 7.6
      vertex -28.7635 26.931 7.6
    endloop
  endfacet
  facet normal 0 0 -1
    outer loop
      vertex -29.0754 26.7721 7.6
      vertex -28.7635 26.931 7.6
      vertex -29.0063 26.6054 7.6
    endloop
  endfacet
  facet normal -0 0 -1
    outer loop
      vertex -28.7635 26.931 7.6
      vertex -29.0754 26.7721 7.6
      vertex -28.8865 27.1317 7.6
    endloop
  endfacet
  facet normal 0 0 -1
    outer loop
      vertex -29.1696 26.9259 7.6
      vertex -28.8865 27.1317 7.6
      vertex -29.0754 26.7721 7.6
    endloop
  endfacet
  facet normal -0 0 -1
    outer loop
      vertex -28.8865 27.1317 7.6
      vertex -29.1696 26.9259 7.6
      vertex -29.0393 27.3107 7.6
    endloop
  endfacet
  facet normal 0 0 -1
    outer loop
      vertex -29.2868 27.0632 7.6
      vertex -29.0393 27.3107 7.6
      vertex -29.1696 26.9259 7.6
    endloop
  endfacet
  facet normal -0 0 -1
    outer loop
      vertex -29.0393 27.3107 7.6
      vertex -29.2868 27.0632 7.6
      vertex -29.0787 27.35 7.6
    endloop
  endfacet
  facet normal -0 0 -1
    outer loop
      vertex -29.0787 27.35 7.6
      vertex -29.2868 27.0632 7.6
      vertex -29.5737 27.35 7.6
    endloop
  endfacet
  facet normal 0 0 -1
    outer loop
      vertex -30.5635 24.8234 7.6
      vertex -30.4 25.143 7.6
      vertex -30.4 24.7842 7.6
    endloop
  endfacet
  facet normal -0 0 -1
    outer loop
      vertex -30.4 25.143 7.6
      vertex -30.5635 24.8234 7.6
      vertex -30.4554 25.1563 7.6
    endloop
  endfacet
  facet normal 0 0 -1
    outer loop
      vertex -30.5635 24.8234 7.6
      vertex -30.6221 25.2254 7.6
      vertex -30.4554 25.1563 7.6
    endloop
  endfacet
  facet normal 0 0 -1
    outer loop
      vertex -30.781 24.9135 7.6
      vertex -30.6221 25.2254 7.6
      vertex -30.5635 24.8234 7.6
    endloop
  endfacet
  facet normal -0 0 -1
    outer loop
      vertex -30.6221 25.2254 7.6
      vertex -30.781 24.9135 7.6
      vertex -30.7759 25.3196 7.6
    endloop
  endfacet
  facet normal 0 0 -1
    outer loop
      vertex -30.9817 25.0365 7.6
      vertex -30.7759 25.3196 7.6
      vertex -30.781 24.9135 7.6
    endloop
  endfacet
  facet normal -0 0 -1
    outer loop
      vertex -30.7759 25.3196 7.6
      vertex -30.9817 25.0365 7.6
      vertex -30.9132 25.4368 7.6
    endloop
  endfacet
  facet normal 0 0 -1
    outer loop
      vertex -31.1607 25.1893 7.6
      vertex -30.9132 25.4368 7.6
      vertex -30.9817 25.0365 7.6
    endloop
  endfacet
  facet normal -0 0 -1
    outer loop
      vertex -30.9132 25.4368 7.6
      vertex -31.1607 25.1893 7.6
      vertex -31.0304 25.5741 7.6
    endloop
  endfacet
  facet normal 0 0 -1
    outer loop
      vertex -31.3135 25.3683 7.6
      vertex -31.0304 25.5741 7.6
      vertex -31.1607 25.1893 7.6
    endloop
  endfacet
  facet normal -0 0 -1
    outer loop
      vertex -31.0304 25.5741 7.6
      vertex -31.3135 25.3683 7.6
      vertex -31.1246 25.7279 7.6
    endloop
  endfacet
  facet normal 0 0 -1
    outer loop
      vertex -31.4365 25.569 7.6
      vertex -31.1246 25.7279 7.6
      vertex -31.3135 25.3683 7.6
    endloop
  endfacet
  facet normal 0 0 -1
    outer loop
      vertex -31.5266 25.7865 7.6
      vertex -31.1937 25.8946 7.6
      vertex -31.4365 25.569 7.6
    endloop
  endfacet
  facet normal -0 0 -1
    outer loop
      vertex -31.1246 25.7279 7.6
      vertex -31.4365 25.569 7.6
      vertex -31.1937 25.8946 7.6
    endloop
  endfacet
  facet normal 0 0 -1
    outer loop
      vertex -30.9132 27.0632 7.6
      vertex -31.1213 27.35 7.6
      vertex -30.6263 27.35 7.6
    endloop
  endfacet
  facet normal 0 0 -1
    outer loop
      vertex -31.1607 27.3107 7.6
      vertex -30.9132 27.0632 7.6
      vertex -31.0304 26.9259 7.6
    endloop
  endfacet
  facet normal 0 0 -1
    outer loop
      vertex -31.3135 27.1317 7.6
      vertex -31.0304 26.9259 7.6
      vertex -31.1246 26.7721 7.6
    endloop
  endfacet
  facet normal 0 0 -1
    outer loop
      vertex -30.9132 27.0632 7.6
      vertex -31.1607 27.3107 7.6
      vertex -31.1213 27.35 7.6
    endloop
  endfacet
  facet normal 0 0 -1
    outer loop
      vertex -31.4365 26.931 7.6
      vertex -31.1246 26.7721 7.6
      vertex -31.1937 26.6054 7.6
    endloop
  endfacet
  facet normal 0 0 -1
    outer loop
      vertex -31.5266 26.7135 7.6
      vertex -31.1937 26.6054 7.6
      vertex -31.2358 26.4299 7.6
    endloop
  endfacet
  facet normal 0 0 -1
    outer loop
      vertex -31.0304 26.9259 7.6
      vertex -31.3135 27.1317 7.6
      vertex -31.1607 27.3107 7.6
    endloop
  endfacet
  facet normal 0 0 -1
    outer loop
      vertex -31.5815 26.4846 7.6
      vertex -31.2358 26.4299 7.6
      vertex -31.25 26.25 7.6
    endloop
  endfacet
  facet normal -0 0 -1
    outer loop
      vertex -31.1937 25.8946 7.6
      vertex -31.5266 25.7865 7.6
      vertex -31.2358 26.0701 7.6
    endloop
  endfacet
  facet normal 0 0 -1
    outer loop
      vertex -31.5815 26.0154 7.6
      vertex -31.2358 26.0701 7.6
      vertex -31.5266 25.7865 7.6
    endloop
  endfacet
  facet normal 0 0 -1
    outer loop
      vertex -31.1246 26.7721 7.6
      vertex -31.4365 26.931 7.6
      vertex -31.3135 27.1317 7.6
    endloop
  endfacet
  facet normal -0 0 -1
    outer loop
      vertex -31.2358 26.0701 7.6
      vertex -31.5815 26.0154 7.6
      vertex -31.25 26.25 7.6
    endloop
  endfacet
  facet normal 0 0 -1
    outer loop
      vertex -31.1937 26.6054 7.6
      vertex -31.5266 26.7135 7.6
      vertex -31.4365 26.931 7.6
    endloop
  endfacet
  facet normal 0 0 -1
    outer loop
      vertex -31.6 26.25 7.6
      vertex -31.25 26.25 7.6
      vertex -31.5815 26.0154 7.6
    endloop
  endfacet
  facet normal 0 0 -1
    outer loop
      vertex -31.2358 26.4299 7.6
      vertex -31.5815 26.4846 7.6
      vertex -31.5266 26.7135 7.6
    endloop
  endfacet
  facet normal 0 0 -1
    outer loop
      vertex -31.25 26.25 7.6
      vertex -31.6 26.25 7.6
      vertex -31.5815 26.4846 7.6
    endloop
  endfacet
  facet normal -0.852761 -0.522302 0
    outer loop
      vertex -31.0304 25.5741 6
      vertex -31.1246 25.7279 7.6
      vertex -31.1246 25.7279 6
    endloop
  endfacet
  facet normal -0.852761 -0.522302 0
    outer loop
      vertex -31.1246 25.7279 7.6
      vertex -31.0304 25.5741 6
      vertex -31.0304 25.5741 7.6
    endloop
  endfacet
  facet normal -0.649239 -0.760585 0
    outer loop
      vertex -30.9132 25.4368 6
      vertex -30.7759 25.3196 7.6
      vertex -30.9132 25.4368 7.6
    endloop
  endfacet
  facet normal -0.649239 -0.760585 -0
    outer loop
      vertex -30.7759 25.3196 7.6
      vertex -30.9132 25.4368 6
      vertex -30.7759 25.3196 6
    endloop
  endfacet
  facet normal -0.382923 -0.92378 0
    outer loop
      vertex -30.6221 25.2254 6
      vertex -30.4554 25.1563 7.6
      vertex -30.6221 25.2254 7.6
    endloop
  endfacet
  facet normal -0.382923 -0.92378 -0
    outer loop
      vertex -30.4554 25.1563 7.6
      vertex -30.6221 25.2254 6
      vertex -30.4554 25.1563 6
    endloop
  endfacet
  facet normal -0.233439 -0.972371 0
    outer loop
      vertex -30.4554 25.1563 6
      vertex -30.4 25.143 7.6
      vertex -30.4554 25.1563 7.6
    endloop
  endfacet
  facet normal -0.233439 -0.972371 -0
    outer loop
      vertex -30.4 25.143 7.6
      vertex -30.4554 25.1563 6
      vertex -30.4 25.143 6
    endloop
  endfacet
  facet normal 0.996899 -0.078688 0
    outer loop
      vertex -28.9642 26.0701 7.6
      vertex -28.95 26.25 6
      vertex -28.95 26.25 7.6
    endloop
  endfacet
  facet normal 0.996899 -0.078688 0
    outer loop
      vertex -28.95 26.25 6
      vertex -28.9642 26.0701 7.6
      vertex -28.9642 26.0701 6
    endloop
  endfacet
  facet normal 0.996899 0.078688 0
    outer loop
      vertex -28.95 26.25 7.6
      vertex -28.9642 26.4299 6
      vertex -28.9642 26.4299 7.6
    endloop
  endfacet
  facet normal 0.996899 0.078688 0
    outer loop
      vertex -28.9642 26.4299 6
      vertex -28.95 26.25 7.6
      vertex -28.95 26.25 6
    endloop
  endfacet
  facet normal 0.972412 0.233268 0
    outer loop
      vertex -28.9642 26.4299 7.6
      vertex -29.0063 26.6054 6
      vertex -29.0063 26.6054 7.6
    endloop
  endfacet
  facet normal 0.972412 0.233268 0
    outer loop
      vertex -29.0063 26.6054 6
      vertex -28.9642 26.4299 7.6
      vertex -28.9642 26.4299 6
    endloop
  endfacet
  facet normal 0.852761 -0.522302 0
    outer loop
      vertex -29.1696 25.5741 7.6
      vertex -29.0754 25.7279 6
      vertex -29.0754 25.7279 7.6
    endloop
  endfacet
  facet normal 0.852761 -0.522302 0
    outer loop
      vertex -29.0754 25.7279 6
      vertex -29.1696 25.5741 7.6
      vertex -29.1696 25.5741 6
    endloop
  endfacet
  facet normal 0.649239 -0.760585 0
    outer loop
      vertex -29.4241 25.3196 6
      vertex -29.2868 25.4368 7.6
      vertex -29.4241 25.3196 7.6
    endloop
  endfacet
  facet normal 0.649239 -0.760585 0
    outer loop
      vertex -29.2868 25.4368 7.6
      vertex -29.4241 25.3196 6
      vertex -29.2868 25.4368 6
    endloop
  endfacet
  facet normal 0.92378 -0.382923 0
    outer loop
      vertex -29.0754 25.7279 7.6
      vertex -29.0063 25.8946 6
      vertex -29.0063 25.8946 7.6
    endloop
  endfacet
  facet normal 0.92378 -0.382923 0
    outer loop
      vertex -29.0063 25.8946 6
      vertex -29.0754 25.7279 7.6
      vertex -29.0754 25.7279 6
    endloop
  endfacet
  facet normal 0.350251 -0.847509 0.398813
    outer loop
      vertex -29.8 25.3945 8.96697
      vertex -29.7141 25.4926 9.1
      vertex -29.8 25.4571 9.1
    endloop
  endfacet
  facet normal 0.350312 -0.847504 0.39877
    outer loop
      vertex -29.7141 25.4926 9.1
      vertex -29.8 25.3945 8.96697
      vertex -29.419 24.9135 7.61
    endloop
  endfacet
  facet normal -0.891719 0.213985 0.398808
    outer loop
      vertex -30.9084 26.5126 9.1
      vertex -31.5815 26.4846 7.61
      vertex -30.9395 26.383 9.1
    endloop
  endfacet
  facet normal 0.522532 -0.85262 0
    outer loop
      vertex -29.419 24.9135 7.6
      vertex -29.2183 25.0365 7.61
      vertex -29.419 24.9135 7.61
    endloop
  endfacet
  facet normal 0.522532 -0.85262 0
    outer loop
      vertex -29.2183 25.0365 7.61
      vertex -29.419 24.9135 7.6
      vertex -29.2183 25.0365 7.6
    endloop
  endfacet
  facet normal 0.479184 -0.781888 0.398791
    outer loop
      vertex -29.2183 25.0365 7.61
      vertex -29.7141 25.4926 9.1
      vertex -29.419 24.9135 7.61
    endloop
  endfacet
  facet normal 0.781888 -0.479184 0.398791
    outer loop
      vertex -28.7635 25.569 7.61
      vertex -29.3426 25.8641 9.1
      vertex -28.8865 25.3683 7.61
    endloop
  endfacet
  facet normal 0.595926 -0.696965 0.398887
    outer loop
      vertex -29.499 25.649 9.1
      vertex -29.6004 25.5623 9.1
      vertex -29.0393 25.1893 7.61
    endloop
  endfacet
  facet normal -0.847418 0.350514 0.398776
    outer loop
      vertex -30.8574 26.6359 9.1
      vertex -31.4365 26.931 7.61
      vertex -30.9084 26.5126 9.1
    endloop
  endfacet
  facet normal -0.233148 -0.972441 0
    outer loop
      vertex -30.5635 24.8234 7.6
      vertex -30.4 24.7842 7.61
      vertex -30.5635 24.8234 7.61
    endloop
  endfacet
  facet normal -0.233148 -0.972441 -0
    outer loop
      vertex -30.4 24.7842 7.61
      vertex -30.5635 24.8234 7.6
      vertex -30.4 24.7842 7.6
    endloop
  endfacet
  facet normal 0.382714 -0.923867 0
    outer loop
      vertex -29.6365 24.8234 7.6
      vertex -29.419 24.9135 7.61
      vertex -29.6365 24.8234 7.61
    endloop
  endfacet
  facet normal 0.382714 -0.923867 0
    outer loop
      vertex -29.419 24.9135 7.61
      vertex -29.6365 24.8234 7.6
      vertex -29.419 24.9135 7.6
    endloop
  endfacet
  facet normal 0.350956 -0.847202 0.398847
    outer loop
      vertex -29.419 24.9135 7.61
      vertex -29.8 25.3267 8.82294
      vertex -29.6365 24.8234 7.61
    endloop
  endfacet
  facet normal 0.350851 -0.847253 0.398832
    outer loop
      vertex -29.8 25.3267 8.82294
      vertex -29.419 24.9135 7.61
      vertex -29.8 25.3945 8.96697
    endloop
  endfacet
  facet normal -0.350851 -0.847253 0.398832
    outer loop
      vertex -30.781 24.9135 7.61
      vertex -30.4 25.3267 8.82294
      vertex -30.4 25.3945 8.96697
    endloop
  endfacet
  facet normal -0.350956 -0.847202 0.398847
    outer loop
      vertex -30.4 25.3267 8.82294
      vertex -30.781 24.9135 7.61
      vertex -30.5635 24.8234 7.61
    endloop
  endfacet
  facet normal -0.89174 -0.213877 0.39882
    outer loop
      vertex -30.9084 25.9874 9.1
      vertex -31.5815 26.0154 7.61
      vertex -31.5266 25.7865 7.61
    endloop
  endfacet
  facet normal 0.781888 0.479184 0.398791
    outer loop
      vertex -28.8865 27.1317 7.61
      vertex -29.3426 26.6359 9.1
      vertex -28.7635 26.931 7.61
    endloop
  endfacet
  facet normal 0.706208 0.708005 0
    outer loop
      vertex -29.0393 27.3107 7.61
      vertex -29.0787 27.35 7.6
      vertex -29.0787 27.35 7.61
    endloop
  endfacet
  facet normal 0.706208 0.708005 0
    outer loop
      vertex -29.0787 27.35 7.6
      vertex -29.0393 27.3107 7.61
      vertex -29.0393 27.3107 7.6
    endloop
  endfacet
  facet normal 0.923867 -0.382714 0
    outer loop
      vertex -28.7635 25.569 7.61
      vertex -28.6734 25.7865 7.6
      vertex -28.6734 25.7865 7.61
    endloop
  endfacet
  facet normal 0.923867 -0.382714 0
    outer loop
      vertex -28.6734 25.7865 7.6
      vertex -28.7635 25.569 7.61
      vertex -28.7635 25.569 7.6
    endloop
  endfacet
  facet normal 0.648242 0.648027 0.399803
    outer loop
      vertex -29.499 26.851 9.1
      vertex -29.8 27.3419 8.79236
      vertex -29.8 27.1521 9.1
    endloop
  endfacet
  facet normal 0.648161 0.648043 0.399909
    outer loop
      vertex -29.8 27.3419 8.79236
      vertex -29.499 26.851 9.1
      vertex -29.0393 27.3107 7.61
    endloop
  endfacet
  facet normal -0.697472 0.595384 0.39881
    outer loop
      vertex -31.1607 27.3107 7.61
      vertex -31.3135 27.1317 7.61
      vertex -30.7877 26.7496 9.1
    endloop
  endfacet
  facet normal 0.213801 -0.891747 0.398843
    outer loop
      vertex -29.8 25.3267 8.82294
      vertex -29.8 24.7842 7.61
      vertex -29.6365 24.8234 7.61
    endloop
  endfacet
  facet normal -0.64925 -0.760575 0
    outer loop
      vertex -31.1607 25.1893 7.6
      vertex -30.9817 25.0365 7.61
      vertex -31.1607 25.1893 7.61
    endloop
  endfacet
  facet normal -0.64925 -0.760575 -0
    outer loop
      vertex -30.9817 25.0365 7.61
      vertex -31.1607 25.1893 7.6
      vertex -30.9817 25.0365 7.6
    endloop
  endfacet
  facet normal -0.350251 -0.847509 0.398813
    outer loop
      vertex -30.4859 25.4926 9.1
      vertex -30.4 25.3945 8.96697
      vertex -30.4 25.4571 9.1
    endloop
  endfacet
  facet normal -0.350312 -0.847504 0.39877
    outer loop
      vertex -30.4 25.3945 8.96697
      vertex -30.4859 25.4926 9.1
      vertex -30.781 24.9135 7.61
    endloop
  endfacet
  facet normal -0.595926 -0.696965 0.398887
    outer loop
      vertex -30.701 25.649 9.1
      vertex -31.1607 25.1893 7.61
      vertex -30.5996 25.5623 9.1
    endloop
  endfacet
  facet normal -0.781827 -0.479273 0.398802
    outer loop
      vertex -30.8574 25.8641 9.1
      vertex -31.3135 25.3683 7.61
      vertex -30.7877 25.7504 9.1
    endloop
  endfacet
  facet normal -0.697472 -0.595384 0.39881
    outer loop
      vertex -30.7877 25.7504 9.1
      vertex -31.3135 25.3683 7.61
      vertex -31.1607 25.1893 7.61
    endloop
  endfacet
  facet normal -0.479184 -0.781888 0.398791
    outer loop
      vertex -30.4859 25.4926 9.1
      vertex -30.9817 25.0365 7.61
      vertex -30.781 24.9135 7.61
    endloop
  endfacet
  facet normal -0.914193 -0.0720911 0.398816
    outer loop
      vertex -30.9395 26.117 9.1
      vertex -31.6 26.25 7.61
      vertex -31.5815 26.0154 7.61
    endloop
  endfacet
  facet normal -0.891719 -0.213985 0.398808
    outer loop
      vertex -30.9395 26.117 9.1
      vertex -31.5815 26.0154 7.61
      vertex -30.9084 25.9874 9.1
    endloop
  endfacet
  facet normal -0 0 1
    outer loop
      vertex -30.701 26.851 9.1
      vertex -30.4 25.4571 9.1
      vertex -30.4 27.1521 9.1
    endloop
  endfacet
  facet normal -0 -0 1
    outer loop
      vertex -30.5996 25.5623 9.1
      vertex -30.4 25.4571 9.1
      vertex -30.701 26.851 9.1
    endloop
  endfacet
  facet normal 0 0 1
    outer loop
      vertex -30.4 25.4571 9.1
      vertex -30.5996 25.5623 9.1
      vertex -30.4859 25.4926 9.1
    endloop
  endfacet
  facet normal 0 0 1
    outer loop
      vertex -30.701 26.851 9.1
      vertex -30.701 25.649 9.1
      vertex -30.5996 25.5623 9.1
    endloop
  endfacet
  facet normal -0 0 1
    outer loop
      vertex -30.7877 26.7496 9.1
      vertex -30.701 25.649 9.1
      vertex -30.701 26.851 9.1
    endloop
  endfacet
  facet normal 0 0 1
    outer loop
      vertex -30.7877 26.7496 9.1
      vertex -30.7877 25.7504 9.1
      vertex -30.701 25.649 9.1
    endloop
  endfacet
  facet normal -0 0 1
    outer loop
      vertex -30.8574 26.6359 9.1
      vertex -30.7877 25.7504 9.1
      vertex -30.7877 26.7496 9.1
    endloop
  endfacet
  facet normal 0 0 1
    outer loop
      vertex -30.8574 26.6359 9.1
      vertex -30.8574 25.8641 9.1
      vertex -30.7877 25.7504 9.1
    endloop
  endfacet
  facet normal -0 0 1
    outer loop
      vertex -30.9084 26.5126 9.1
      vertex -30.8574 25.8641 9.1
      vertex -30.8574 26.6359 9.1
    endloop
  endfacet
  facet normal 0 0 1
    outer loop
      vertex -30.9084 26.5126 9.1
      vertex -30.9084 25.9874 9.1
      vertex -30.8574 25.8641 9.1
    endloop
  endfacet
  facet normal -0 0 1
    outer loop
      vertex -30.9395 26.383 9.1
      vertex -30.9084 25.9874 9.1
      vertex -30.9084 26.5126 9.1
    endloop
  endfacet
  facet normal 0 0 1
    outer loop
      vertex -30.9395 26.383 9.1
      vertex -30.9395 26.117 9.1
      vertex -30.9084 25.9874 9.1
    endloop
  endfacet
  facet normal 0 -0 1
    outer loop
      vertex -30.9395 26.117 9.1
      vertex -30.9395 26.383 9.1
      vertex -30.95 26.25 9.1
    endloop
  endfacet
  facet normal 0 0 1
    outer loop
      vertex -29.2605 26.383 9.1
      vertex -29.2605 26.117 9.1
      vertex -29.25 26.25 9.1
    endloop
  endfacet
  facet normal 0 0 1
    outer loop
      vertex -29.2916 26.5126 9.1
      vertex -29.2605 26.117 9.1
      vertex -29.2605 26.383 9.1
    endloop
  endfacet
  facet normal 0 0 1
    outer loop
      vertex -29.2916 26.5126 9.1
      vertex -29.2916 25.9874 9.1
      vertex -29.2605 26.117 9.1
    endloop
  endfacet
  facet normal 0 0 1
    outer loop
      vertex -29.3426 26.6359 9.1
      vertex -29.2916 25.9874 9.1
      vertex -29.2916 26.5126 9.1
    endloop
  endfacet
  facet normal 0 0 1
    outer loop
      vertex -29.3426 26.6359 9.1
      vertex -29.3426 25.8641 9.1
      vertex -29.2916 25.9874 9.1
    endloop
  endfacet
  facet normal 0 0 1
    outer loop
      vertex -29.4123 26.7496 9.1
      vertex -29.3426 25.8641 9.1
      vertex -29.3426 26.6359 9.1
    endloop
  endfacet
  facet normal 0 0 1
    outer loop
      vertex -29.4123 26.7496 9.1
      vertex -29.4123 25.7504 9.1
      vertex -29.3426 25.8641 9.1
    endloop
  endfacet
  facet normal 0 0 1
    outer loop
      vertex -29.499 26.851 9.1
      vertex -29.4123 25.7504 9.1
      vertex -29.4123 26.7496 9.1
    endloop
  endfacet
  facet normal 0 0 1
    outer loop
      vertex -29.499 26.851 9.1
      vertex -29.499 25.649 9.1
      vertex -29.4123 25.7504 9.1
    endloop
  endfacet
  facet normal 0 0 1
    outer loop
      vertex -29.499 26.851 9.1
      vertex -29.6004 25.5623 9.1
      vertex -29.499 25.649 9.1
    endloop
  endfacet
  facet normal 0 0 1
    outer loop
      vertex -29.8 25.4571 9.1
      vertex -29.6004 25.5623 9.1
      vertex -29.499 26.851 9.1
    endloop
  endfacet
  facet normal 0 0 1
    outer loop
      vertex -29.8 25.4571 9.1
      vertex -29.499 26.851 9.1
      vertex -29.8 27.1521 9.1
    endloop
  endfacet
  facet normal 0 0 1
    outer loop
      vertex -29.6004 25.5623 9.1
      vertex -29.8 25.4571 9.1
      vertex -29.7141 25.4926 9.1
    endloop
  endfacet
  facet normal -0.914193 0.0720911 0.398816
    outer loop
      vertex -31.5815 26.4846 7.61
      vertex -31.6 26.25 7.61
      vertex -30.9395 26.383 9.1
    endloop
  endfacet
  facet normal -0.760575 0.64925 0
    outer loop
      vertex -31.3135 27.1317 7.6
      vertex -31.1607 27.3107 7.61
      vertex -31.1607 27.3107 7.6
    endloop
  endfacet
  facet normal -0.760575 0.64925 0
    outer loop
      vertex -31.1607 27.3107 7.61
      vertex -31.3135 27.1317 7.6
      vertex -31.3135 27.1317 7.61
    endloop
  endfacet
  facet normal -0.64743 0.649078 0.399415
    outer loop
      vertex -31.1607 27.3107 7.61
      vertex -30.4 27.35 8.77919
      vertex -31.1213 27.35 7.61
    endloop
  endfacet
  facet normal -0.647297 0.649267 0.399322
    outer loop
      vertex -30.4 27.35 8.77919
      vertex -31.1607 27.3107 7.61
      vertex -30.4 27.3419 8.79236
    endloop
  endfacet
  facet normal -0.972422 0.233228 0
    outer loop
      vertex -31.5815 26.4846 7.6
      vertex -31.5266 26.7135 7.61
      vertex -31.5266 26.7135 7.6
    endloop
  endfacet
  facet normal -0.972422 0.233228 0
    outer loop
      vertex -31.5266 26.7135 7.61
      vertex -31.5815 26.4846 7.6
      vertex -31.5815 26.4846 7.61
    endloop
  endfacet
  facet normal -0.972422 -0.233228 0
    outer loop
      vertex -31.5266 25.7865 7.6
      vertex -31.5815 26.0154 7.61
      vertex -31.5815 26.0154 7.6
    endloop
  endfacet
  facet normal -0.972422 -0.233228 0
    outer loop
      vertex -31.5815 26.0154 7.61
      vertex -31.5266 25.7865 7.6
      vertex -31.5266 25.7865 7.61
    endloop
  endfacet
  facet normal 0.647297 0.649267 0.399322
    outer loop
      vertex -29.0393 27.3107 7.61
      vertex -29.8 27.35 8.77919
      vertex -29.8 27.3419 8.79236
    endloop
  endfacet
  facet normal 0.64743 0.649078 0.399415
    outer loop
      vertex -29.8 27.35 8.77919
      vertex -29.0393 27.3107 7.61
      vertex -29.0787 27.35 7.61
    endloop
  endfacet
  facet normal 0.760575 0.64925 0
    outer loop
      vertex -28.8865 27.1317 7.61
      vertex -29.0393 27.3107 7.6
      vertex -29.0393 27.3107 7.61
    endloop
  endfacet
  facet normal 0.760575 0.64925 0
    outer loop
      vertex -29.0393 27.3107 7.6
      vertex -28.8865 27.1317 7.61
      vertex -28.8865 27.1317 7.6
    endloop
  endfacet
  facet normal 0.595384 -0.697472 0.39881
    outer loop
      vertex -29.0393 25.1893 7.61
      vertex -29.6004 25.5623 9.1
      vertex -29.2183 25.0365 7.61
    endloop
  endfacet
  facet normal 0.84721 0.350959 0.398827
    outer loop
      vertex -28.7635 26.931 7.61
      vertex -29.2916 26.5126 9.1
      vertex -28.6734 26.7135 7.61
    endloop
  endfacet
  facet normal 0.696965 0.595926 0.398887
    outer loop
      vertex -29.0393 27.3107 7.61
      vertex -29.499 26.851 9.1
      vertex -29.4123 26.7496 9.1
    endloop
  endfacet
  facet normal -0.85262 0.522532 0
    outer loop
      vertex -31.4365 26.931 7.6
      vertex -31.3135 27.1317 7.61
      vertex -31.3135 27.1317 7.6
    endloop
  endfacet
  facet normal -0.85262 0.522532 0
    outer loop
      vertex -31.3135 27.1317 7.61
      vertex -31.4365 26.931 7.6
      vertex -31.4365 26.931 7.61
    endloop
  endfacet
  facet normal -0.382714 -0.923867 0
    outer loop
      vertex -30.781 24.9135 7.6
      vertex -30.5635 24.8234 7.61
      vertex -30.781 24.9135 7.61
    endloop
  endfacet
  facet normal -0.382714 -0.923867 -0
    outer loop
      vertex -30.5635 24.8234 7.61
      vertex -30.781 24.9135 7.6
      vertex -30.5635 24.8234 7.6
    endloop
  endfacet
  facet normal -0.85262 -0.522532 0
    outer loop
      vertex -31.3135 25.3683 7.6
      vertex -31.4365 25.569 7.61
      vertex -31.4365 25.569 7.6
    endloop
  endfacet
  facet normal -0.85262 -0.522532 0
    outer loop
      vertex -31.4365 25.569 7.61
      vertex -31.3135 25.3683 7.6
      vertex -31.3135 25.3683 7.61
    endloop
  endfacet
  facet normal -0.781888 -0.479184 0.398791
    outer loop
      vertex -30.8574 25.8641 9.1
      vertex -31.4365 25.569 7.61
      vertex -31.3135 25.3683 7.61
    endloop
  endfacet
  facet normal -0.696965 -0.595926 0.398887
    outer loop
      vertex -30.7877 25.7504 9.1
      vertex -31.1607 25.1893 7.61
      vertex -30.701 25.649 9.1
    endloop
  endfacet
  facet normal -0.760575 -0.64925 0
    outer loop
      vertex -31.1607 25.1893 7.6
      vertex -31.3135 25.3683 7.61
      vertex -31.3135 25.3683 7.6
    endloop
  endfacet
  facet normal -0.760575 -0.64925 0
    outer loop
      vertex -31.3135 25.3683 7.61
      vertex -31.1607 25.1893 7.6
      vertex -31.1607 25.1893 7.61
    endloop
  endfacet
  facet normal -0.91419 0.0721729 0.398808
    outer loop
      vertex -30.9395 26.383 9.1
      vertex -31.6 26.25 7.61
      vertex -30.95 26.25 9.1
    endloop
  endfacet
  facet normal -0.91419 -0.0721729 0.398808
    outer loop
      vertex -30.95 26.25 9.1
      vertex -31.6 26.25 7.61
      vertex -30.9395 26.117 9.1
    endloop
  endfacet
  facet normal -0.84721 -0.350959 0.398827
    outer loop
      vertex -30.9084 25.9874 9.1
      vertex -31.5266 25.7865 7.61
      vertex -31.4365 25.569 7.61
    endloop
  endfacet
  facet normal -0.847418 -0.350514 0.398776
    outer loop
      vertex -30.9084 25.9874 9.1
      vertex -31.4365 25.569 7.61
      vertex -30.8574 25.8641 9.1
    endloop
  endfacet
  facet normal -0.84721 0.350959 0.398827
    outer loop
      vertex -31.4365 26.931 7.61
      vertex -31.5266 26.7135 7.61
      vertex -30.9084 26.5126 9.1
    endloop
  endfacet
  facet normal -0.89174 0.213877 0.39882
    outer loop
      vertex -31.5266 26.7135 7.61
      vertex -31.5815 26.4846 7.61
      vertex -30.9084 26.5126 9.1
    endloop
  endfacet
  facet normal -0.923867 0.382714 0
    outer loop
      vertex -31.5266 26.7135 7.6
      vertex -31.4365 26.931 7.61
      vertex -31.4365 26.931 7.6
    endloop
  endfacet
  facet normal -0.923867 0.382714 0
    outer loop
      vertex -31.4365 26.931 7.61
      vertex -31.5266 26.7135 7.6
      vertex -31.5266 26.7135 7.61
    endloop
  endfacet
  facet normal -0.996905 -0.0786136 0
    outer loop
      vertex -31.5815 26.0154 7.6
      vertex -31.6 26.25 7.61
      vertex -31.6 26.25 7.6
    endloop
  endfacet
  facet normal -0.996905 -0.0786136 0
    outer loop
      vertex -31.6 26.25 7.61
      vertex -31.5815 26.0154 7.6
      vertex -31.5815 26.0154 7.61
    endloop
  endfacet
  facet normal -0.996905 0.0786136 0
    outer loop
      vertex -31.6 26.25 7.6
      vertex -31.5815 26.4846 7.61
      vertex -31.5815 26.4846 7.6
    endloop
  endfacet
  facet normal -0.996905 0.0786136 0
    outer loop
      vertex -31.5815 26.4846 7.61
      vertex -31.6 26.25 7.6
      vertex -31.6 26.25 7.61
    endloop
  endfacet
  facet normal -0.923867 -0.382714 0
    outer loop
      vertex -31.4365 25.569 7.6
      vertex -31.5266 25.7865 7.61
      vertex -31.5266 25.7865 7.6
    endloop
  endfacet
  facet normal -0.923867 -0.382714 0
    outer loop
      vertex -31.5266 25.7865 7.61
      vertex -31.4365 25.569 7.6
      vertex -31.4365 25.569 7.61
    endloop
  endfacet
  facet normal 0.972422 -0.233228 0
    outer loop
      vertex -28.6734 25.7865 7.61
      vertex -28.6185 26.0154 7.6
      vertex -28.6185 26.0154 7.61
    endloop
  endfacet
  facet normal 0.972422 -0.233228 0
    outer loop
      vertex -28.6185 26.0154 7.6
      vertex -28.6734 25.7865 7.61
      vertex -28.6734 25.7865 7.6
    endloop
  endfacet
  facet normal 0.914193 -0.0720911 0.398816
    outer loop
      vertex -28.6 26.25 7.61
      vertex -29.2605 26.117 9.1
      vertex -28.6185 26.0154 7.61
    endloop
  endfacet
  facet normal 0.697472 0.595384 0.39881
    outer loop
      vertex -29.0393 27.3107 7.61
      vertex -29.4123 26.7496 9.1
      vertex -28.8865 27.1317 7.61
    endloop
  endfacet
  facet normal 0.891719 0.213985 0.398808
    outer loop
      vertex -28.6185 26.4846 7.61
      vertex -29.2916 26.5126 9.1
      vertex -29.2605 26.383 9.1
    endloop
  endfacet
  facet normal -0.696965 0.595926 0.398887
    outer loop
      vertex -30.701 26.851 9.1
      vertex -31.1607 27.3107 7.61
      vertex -30.7877 26.7496 9.1
    endloop
  endfacet
  facet normal -0.648161 0.648043 0.399909
    outer loop
      vertex -30.701 26.851 9.1
      vertex -30.4 27.3419 8.79236
      vertex -31.1607 27.3107 7.61
    endloop
  endfacet
  facet normal -0.648242 0.648027 0.399803
    outer loop
      vertex -30.4 27.3419 8.79236
      vertex -30.701 26.851 9.1
      vertex -30.4 27.1521 9.1
    endloop
  endfacet
  facet normal -0.706208 0.708005 0
    outer loop
      vertex -31.1607 27.3107 7.6
      vertex -31.1213 27.35 7.61
      vertex -31.1213 27.35 7.6
    endloop
  endfacet
  facet normal -0.706208 0.708005 0
    outer loop
      vertex -31.1213 27.35 7.61
      vertex -31.1607 27.3107 7.6
      vertex -31.1607 27.3107 7.61
    endloop
  endfacet
  facet normal -0.213801 -0.891747 0.398843
    outer loop
      vertex -30.4 25.3267 8.82294
      vertex -30.5635 24.8234 7.61
      vertex -30.4 24.7842 7.61
    endloop
  endfacet
  facet normal -0.479273 -0.781827 0.398802
    outer loop
      vertex -30.5996 25.5623 9.1
      vertex -30.9817 25.0365 7.61
      vertex -30.4859 25.4926 9.1
    endloop
  endfacet
  facet normal -0.595384 -0.697472 0.39881
    outer loop
      vertex -30.5996 25.5623 9.1
      vertex -31.1607 25.1893 7.61
      vertex -30.9817 25.0365 7.61
    endloop
  endfacet
  facet normal -0.781827 0.479273 0.398802
    outer loop
      vertex -30.7877 26.7496 9.1
      vertex -31.3135 27.1317 7.61
      vertex -30.8574 26.6359 9.1
    endloop
  endfacet
  facet normal -0.781888 0.479184 0.398791
    outer loop
      vertex -31.3135 27.1317 7.61
      vertex -31.4365 26.931 7.61
      vertex -30.8574 26.6359 9.1
    endloop
  endfacet
  facet normal 0.760575 -0.64925 0
    outer loop
      vertex -29.0393 25.1893 7.61
      vertex -28.8865 25.3683 7.6
      vertex -28.8865 25.3683 7.61
    endloop
  endfacet
  facet normal 0.760575 -0.64925 0
    outer loop
      vertex -28.8865 25.3683 7.6
      vertex -29.0393 25.1893 7.61
      vertex -29.0393 25.1893 7.6
    endloop
  endfacet
  facet normal 0.479273 -0.781827 0.398802
    outer loop
      vertex -29.6004 25.5623 9.1
      vertex -29.7141 25.4926 9.1
      vertex -29.2183 25.0365 7.61
    endloop
  endfacet
  facet normal 0.84721 -0.350959 0.398827
    outer loop
      vertex -28.6734 25.7865 7.61
      vertex -29.2916 25.9874 9.1
      vertex -28.7635 25.569 7.61
    endloop
  endfacet
  facet normal 0.89174 -0.213877 0.39882
    outer loop
      vertex -28.6185 26.0154 7.61
      vertex -29.2916 25.9874 9.1
      vertex -28.6734 25.7865 7.61
    endloop
  endfacet
  facet normal 0.914193 0.0720911 0.398816
    outer loop
      vertex -28.6185 26.4846 7.61
      vertex -29.2605 26.383 9.1
      vertex -28.6 26.25 7.61
    endloop
  endfacet
  facet normal 0.781827 0.479273 0.398802
    outer loop
      vertex -28.8865 27.1317 7.61
      vertex -29.4123 26.7496 9.1
      vertex -29.3426 26.6359 9.1
    endloop
  endfacet
  facet normal 0.847418 0.350514 0.398776
    outer loop
      vertex -28.7635 26.931 7.61
      vertex -29.3426 26.6359 9.1
      vertex -29.2916 26.5126 9.1
    endloop
  endfacet
  facet normal 0.233148 -0.972441 0
    outer loop
      vertex -29.8 24.7842 7.6
      vertex -29.6365 24.8234 7.61
      vertex -29.8 24.7842 7.61
    endloop
  endfacet
  facet normal 0.233148 -0.972441 0
    outer loop
      vertex -29.6365 24.8234 7.61
      vertex -29.8 24.7842 7.6
      vertex -29.6365 24.8234 7.6
    endloop
  endfacet
  facet normal -0.522532 -0.85262 0
    outer loop
      vertex -30.9817 25.0365 7.6
      vertex -30.781 24.9135 7.61
      vertex -30.9817 25.0365 7.61
    endloop
  endfacet
  facet normal -0.522532 -0.85262 -0
    outer loop
      vertex -30.781 24.9135 7.61
      vertex -30.9817 25.0365 7.6
      vertex -30.781 24.9135 7.6
    endloop
  endfacet
  facet normal 0.64925 -0.760575 0
    outer loop
      vertex -29.2183 25.0365 7.6
      vertex -29.0393 25.1893 7.61
      vertex -29.2183 25.0365 7.61
    endloop
  endfacet
  facet normal 0.64925 -0.760575 0
    outer loop
      vertex -29.0393 25.1893 7.61
      vertex -29.2183 25.0365 7.6
      vertex -29.0393 25.1893 7.6
    endloop
  endfacet
  facet normal 0.781827 -0.479273 0.398802
    outer loop
      vertex -29.3426 25.8641 9.1
      vertex -29.4123 25.7504 9.1
      vertex -28.8865 25.3683 7.61
    endloop
  endfacet
  facet normal 0.697472 -0.595384 0.39881
    outer loop
      vertex -28.8865 25.3683 7.61
      vertex -29.4123 25.7504 9.1
      vertex -29.0393 25.1893 7.61
    endloop
  endfacet
  facet normal 0.696965 -0.595926 0.398887
    outer loop
      vertex -29.4123 25.7504 9.1
      vertex -29.499 25.649 9.1
      vertex -29.0393 25.1893 7.61
    endloop
  endfacet
  facet normal 0.891719 -0.213985 0.398808
    outer loop
      vertex -29.2605 26.117 9.1
      vertex -29.2916 25.9874 9.1
      vertex -28.6185 26.0154 7.61
    endloop
  endfacet
  facet normal 0.847418 -0.350514 0.398776
    outer loop
      vertex -29.2916 25.9874 9.1
      vertex -29.3426 25.8641 9.1
      vertex -28.7635 25.569 7.61
    endloop
  endfacet
  facet normal 0.91419 -0.0721729 0.398808
    outer loop
      vertex -29.25 26.25 9.1
      vertex -29.2605 26.117 9.1
      vertex -28.6 26.25 7.61
    endloop
  endfacet
  facet normal 0.91419 0.0721729 0.398808
    outer loop
      vertex -28.6 26.25 7.61
      vertex -29.2605 26.383 9.1
      vertex -29.25 26.25 9.1
    endloop
  endfacet
  facet normal 0.996905 0.0786136 0
    outer loop
      vertex -28.6 26.25 7.61
      vertex -28.6185 26.4846 7.6
      vertex -28.6185 26.4846 7.61
    endloop
  endfacet
  facet normal 0.996905 0.0786136 0
    outer loop
      vertex -28.6185 26.4846 7.6
      vertex -28.6 26.25 7.61
      vertex -28.6 26.25 7.6
    endloop
  endfacet
  facet normal 0.996905 -0.0786136 0
    outer loop
      vertex -28.6185 26.0154 7.61
      vertex -28.6 26.25 7.6
      vertex -28.6 26.25 7.61
    endloop
  endfacet
  facet normal 0.996905 -0.0786136 0
    outer loop
      vertex -28.6 26.25 7.6
      vertex -28.6185 26.0154 7.61
      vertex -28.6185 26.0154 7.6
    endloop
  endfacet
  facet normal 0.85262 0.522532 0
    outer loop
      vertex -28.7635 26.931 7.61
      vertex -28.8865 27.1317 7.6
      vertex -28.8865 27.1317 7.61
    endloop
  endfacet
  facet normal 0.85262 0.522532 0
    outer loop
      vertex -28.8865 27.1317 7.6
      vertex -28.7635 26.931 7.61
      vertex -28.7635 26.931 7.6
    endloop
  endfacet
  facet normal 0.89174 0.213877 0.39882
    outer loop
      vertex -28.6734 26.7135 7.61
      vertex -29.2916 26.5126 9.1
      vertex -28.6185 26.4846 7.61
    endloop
  endfacet
  facet normal 0.923867 0.382714 0
    outer loop
      vertex -28.6734 26.7135 7.61
      vertex -28.7635 26.931 7.6
      vertex -28.7635 26.931 7.61
    endloop
  endfacet
  facet normal 0.923867 0.382714 0
    outer loop
      vertex -28.7635 26.931 7.6
      vertex -28.6734 26.7135 7.61
      vertex -28.6734 26.7135 7.6
    endloop
  endfacet
  facet normal 0.972422 0.233228 0
    outer loop
      vertex -28.6185 26.4846 7.61
      vertex -28.6734 26.7135 7.6
      vertex -28.6734 26.7135 7.61
    endloop
  endfacet
  facet normal 0.972422 0.233228 0
    outer loop
      vertex -28.6734 26.7135 7.6
      vertex -28.6185 26.4846 7.61
      vertex -28.6185 26.4846 7.6
    endloop
  endfacet
  facet normal 0.85262 -0.522532 0
    outer loop
      vertex -28.8865 25.3683 7.61
      vertex -28.7635 25.569 7.6
      vertex -28.7635 25.569 7.61
    endloop
  endfacet
  facet normal 0.85262 -0.522532 0
    outer loop
      vertex -28.7635 25.569 7.6
      vertex -28.8865 25.3683 7.61
      vertex -28.8865 25.3683 7.6
    endloop
  endfacet
  facet normal 0.996913 0.0785092 0
    outer loop
      vertex -27.6 26.25 6
      vertex -27.6308 26.6411 2
      vertex -27.6308 26.6411 6
    endloop
  endfacet
  facet normal 0.996913 0.0785092 0
    outer loop
      vertex -27.6308 26.6411 2
      vertex -27.6 26.25 6
      vertex -27.6 26.25 2
    endloop
  endfacet
  facet normal -0.996913 0.0785092 0
    outer loop
      vertex -32.6 26.25 2
      vertex -32.5692 26.6411 6
      vertex -32.5692 26.6411 2
    endloop
  endfacet
  facet normal -0.996913 0.0785092 0
    outer loop
      vertex -32.5692 26.6411 6
      vertex -32.6 26.25 2
      vertex -32.6 26.25 6
    endloop
  endfacet
  facet normal 0.0787883 0.996891 0
    outer loop
      vertex -29.7089 28.7192 6
      vertex -29.8 28.7264 3
      vertex -29.8 28.7264 6
    endloop
  endfacet
  facet normal 0.0787883 0.996891 -0
    outer loop
      vertex -29.7089 28.7192 2
      vertex -29.8 28.7264 3
      vertex -29.7089 28.7192 6
    endloop
  endfacet
  facet normal 0.0785092 0.996913 -2.55919e-05
    outer loop
      vertex -30.1 28.75 2
      vertex -29.8 28.7264 3
      vertex -29.7089 28.7192 2
    endloop
  endfacet
  facet normal 0.0784244 0.99692 0
    outer loop
      vertex -29.8 28.7264 3
      vertex -30.1 28.75 2
      vertex -30.1 28.75 3
    endloop
  endfacet
  facet normal -0.0787883 -0.996891 0
    outer loop
      vertex -30.4911 23.7808 6
      vertex -30.4 23.7736 3
      vertex -30.4 23.7736 6
    endloop
  endfacet
  facet normal -0.0787883 -0.996891 0
    outer loop
      vertex -30.4911 23.7808 2
      vertex -30.4 23.7736 3
      vertex -30.4911 23.7808 6
    endloop
  endfacet
  facet normal -0.0785092 -0.996913 -2.55919e-05
    outer loop
      vertex -30.1 23.75 2
      vertex -30.4 23.7736 3
      vertex -30.4911 23.7808 2
    endloop
  endfacet
  facet normal -0.0784244 -0.99692 0
    outer loop
      vertex -30.4 23.7736 3
      vertex -30.1 23.75 2
      vertex -30.1 23.75 3
    endloop
  endfacet
  facet normal -0.760497 -0.649342 0
    outer loop
      vertex -31.8678 24.4822 2
      vertex -32.1225 24.7805 6
      vertex -32.1225 24.7805 2
    endloop
  endfacet
  facet normal -0.760497 -0.649342 0
    outer loop
      vertex -32.1225 24.7805 6
      vertex -31.8678 24.4822 2
      vertex -31.8678 24.4822 6
    endloop
  endfacet
  facet normal 0.760497 0.649342 0
    outer loop
      vertex -28.0775 27.7195 6
      vertex -28.3322 28.0178 2
      vertex -28.3322 28.0178 6
    endloop
  endfacet
  facet normal 0.760497 0.649342 0
    outer loop
      vertex -28.3322 28.0178 2
      vertex -28.0775 27.7195 6
      vertex -28.0775 27.7195 2
    endloop
  endfacet
  facet normal -0.649342 0.760497 0
    outer loop
      vertex -31.5695 28.2725 2
      vertex -31.8678 28.0178 6
      vertex -31.5695 28.2725 6
    endloop
  endfacet
  facet normal -0.649342 0.760497 0
    outer loop
      vertex -31.8678 28.0178 6
      vertex -31.5695 28.2725 2
      vertex -31.8678 28.0178 2
    endloop
  endfacet
  facet normal -0.382569 0.923927 0
    outer loop
      vertex -30.8725 28.6276 2
      vertex -31.235 28.4775 6
      vertex -30.8725 28.6276 6
    endloop
  endfacet
  facet normal -0.382569 0.923927 0
    outer loop
      vertex -31.235 28.4775 6
      vertex -30.8725 28.6276 2
      vertex -31.235 28.4775 2
    endloop
  endfacet
  facet normal 0.923927 0.382569 0
    outer loop
      vertex -27.7224 27.0225 6
      vertex -27.8725 27.385 2
      vertex -27.8725 27.385 6
    endloop
  endfacet
  facet normal 0.923927 0.382569 0
    outer loop
      vertex -27.8725 27.385 2
      vertex -27.7224 27.0225 6
      vertex -27.7224 27.0225 2
    endloop
  endfacet
  facet normal 0.97235 0.233527 0
    outer loop
      vertex -27.6308 26.6411 6
      vertex -27.7224 27.0225 2
      vertex -27.7224 27.0225 6
    endloop
  endfacet
  facet normal 0.97235 0.233527 0
    outer loop
      vertex -27.7224 27.0225 2
      vertex -27.6308 26.6411 6
      vertex -27.6308 26.6411 2
    endloop
  endfacet
  facet normal 0.85262 0.522532 0
    outer loop
      vertex -27.8725 27.385 6
      vertex -28.0775 27.7195 2
      vertex -28.0775 27.7195 6
    endloop
  endfacet
  facet normal 0.85262 0.522532 0
    outer loop
      vertex -28.0775 27.7195 2
      vertex -27.8725 27.385 6
      vertex -27.8725 27.385 2
    endloop
  endfacet
  facet normal 0.522532 0.85262 -0
    outer loop
      vertex -28.6305 28.2725 2
      vertex -28.965 28.4775 6
      vertex -28.6305 28.2725 6
    endloop
  endfacet
  facet normal 0.522532 0.85262 0
    outer loop
      vertex -28.965 28.4775 6
      vertex -28.6305 28.2725 2
      vertex -28.965 28.4775 2
    endloop
  endfacet
  facet normal 0.382569 0.923927 -0
    outer loop
      vertex -28.965 28.4775 2
      vertex -29.3275 28.6276 6
      vertex -28.965 28.4775 6
    endloop
  endfacet
  facet normal 0.382569 0.923927 0
    outer loop
      vertex -29.3275 28.6276 6
      vertex -28.965 28.4775 2
      vertex -29.3275 28.6276 2
    endloop
  endfacet
  facet normal 0.649342 0.760497 -0
    outer loop
      vertex -28.3322 28.0178 2
      vertex -28.6305 28.2725 6
      vertex -28.3322 28.0178 6
    endloop
  endfacet
  facet normal 0.649342 0.760497 0
    outer loop
      vertex -28.6305 28.2725 6
      vertex -28.3322 28.0178 2
      vertex -28.6305 28.2725 2
    endloop
  endfacet
  facet normal -0.85262 0.522532 0
    outer loop
      vertex -32.3275 27.385 2
      vertex -32.1225 27.7195 6
      vertex -32.1225 27.7195 2
    endloop
  endfacet
  facet normal -0.85262 0.522532 0
    outer loop
      vertex -32.1225 27.7195 6
      vertex -32.3275 27.385 2
      vertex -32.3275 27.385 6
    endloop
  endfacet
  facet normal -0.760497 0.649342 0
    outer loop
      vertex -32.1225 27.7195 2
      vertex -31.8678 28.0178 6
      vertex -31.8678 28.0178 2
    endloop
  endfacet
  facet normal -0.760497 0.649342 0
    outer loop
      vertex -31.8678 28.0178 6
      vertex -32.1225 27.7195 2
      vertex -32.1225 27.7195 6
    endloop
  endfacet
  facet normal -0.923927 0.382569 0
    outer loop
      vertex -32.4776 27.0225 2
      vertex -32.3275 27.385 6
      vertex -32.3275 27.385 2
    endloop
  endfacet
  facet normal -0.923927 0.382569 0
    outer loop
      vertex -32.3275 27.385 6
      vertex -32.4776 27.0225 2
      vertex -32.4776 27.0225 6
    endloop
  endfacet
  facet normal -0.522532 0.85262 0
    outer loop
      vertex -31.235 28.4775 2
      vertex -31.5695 28.2725 6
      vertex -31.235 28.4775 6
    endloop
  endfacet
  facet normal -0.522532 0.85262 0
    outer loop
      vertex -31.5695 28.2725 6
      vertex -31.235 28.4775 2
      vertex -31.5695 28.2725 2
    endloop
  endfacet
  facet normal -0.233527 0.97235 0
    outer loop
      vertex -30.4911 28.7192 2
      vertex -30.8725 28.6276 6
      vertex -30.4911 28.7192 6
    endloop
  endfacet
  facet normal -0.233527 0.97235 0
    outer loop
      vertex -30.8725 28.6276 6
      vertex -30.4911 28.7192 2
      vertex -30.8725 28.6276 2
    endloop
  endfacet
  facet normal 0.522532 -0.85262 0
    outer loop
      vertex -28.965 24.0225 2
      vertex -28.6305 24.2275 6
      vertex -28.965 24.0225 6
    endloop
  endfacet
  facet normal 0.522532 -0.85262 0
    outer loop
      vertex -28.6305 24.2275 6
      vertex -28.965 24.0225 2
      vertex -28.6305 24.2275 2
    endloop
  endfacet
  facet normal -0.649342 -0.760497 0
    outer loop
      vertex -31.8678 24.4822 2
      vertex -31.5695 24.2275 6
      vertex -31.8678 24.4822 6
    endloop
  endfacet
  facet normal -0.649342 -0.760497 -0
    outer loop
      vertex -31.5695 24.2275 6
      vertex -31.8678 24.4822 2
      vertex -31.5695 24.2275 2
    endloop
  endfacet
  facet normal -0.382569 -0.923927 0
    outer loop
      vertex -31.235 24.0225 2
      vertex -30.8725 23.8724 6
      vertex -31.235 24.0225 6
    endloop
  endfacet
  facet normal -0.382569 -0.923927 -0
    outer loop
      vertex -30.8725 23.8724 6
      vertex -31.235 24.0225 2
      vertex -30.8725 23.8724 2
    endloop
  endfacet
  facet normal -0.85262 -0.522532 0
    outer loop
      vertex -32.1225 24.7805 2
      vertex -32.3275 25.115 6
      vertex -32.3275 25.115 2
    endloop
  endfacet
  facet normal -0.85262 -0.522532 0
    outer loop
      vertex -32.3275 25.115 6
      vertex -32.1225 24.7805 2
      vertex -32.1225 24.7805 6
    endloop
  endfacet
  facet normal 0.233527 0.97235 -0
    outer loop
      vertex -29.3275 28.6276 2
      vertex -29.7089 28.7192 6
      vertex -29.3275 28.6276 6
    endloop
  endfacet
  facet normal 0.233527 0.97235 0
    outer loop
      vertex -29.7089 28.7192 6
      vertex -29.3275 28.6276 2
      vertex -29.7089 28.7192 2
    endloop
  endfacet
  facet normal -0.97235 0.233527 0
    outer loop
      vertex -32.5692 26.6411 2
      vertex -32.4776 27.0225 6
      vertex -32.4776 27.0225 2
    endloop
  endfacet
  facet normal -0.97235 0.233527 0
    outer loop
      vertex -32.4776 27.0225 6
      vertex -32.5692 26.6411 2
      vertex -32.5692 26.6411 6
    endloop
  endfacet
  facet normal -0.0784244 0.99692 0
    outer loop
      vertex -30.1 28.75 3
      vertex -30.1 28.75 2
      vertex -30.4 28.7264 3
    endloop
  endfacet
  facet normal -0.0787883 0.996891 0
    outer loop
      vertex -30.4 28.7264 3
      vertex -30.4911 28.7192 6
      vertex -30.4 28.7264 6
    endloop
  endfacet
  facet normal -0.0787883 0.996891 0
    outer loop
      vertex -30.4 28.7264 3
      vertex -30.4911 28.7192 2
      vertex -30.4911 28.7192 6
    endloop
  endfacet
  facet normal -0.0785092 0.996913 -2.55919e-05
    outer loop
      vertex -30.4911 28.7192 2
      vertex -30.4 28.7264 3
      vertex -30.1 28.75 2
    endloop
  endfacet
  facet normal 0.996913 -0.0785092 0
    outer loop
      vertex -27.6308 25.8589 6
      vertex -27.6 26.25 2
      vertex -27.6 26.25 6
    endloop
  endfacet
  facet normal 0.996913 -0.0785092 0
    outer loop
      vertex -27.6 26.25 2
      vertex -27.6308 25.8589 6
      vertex -27.6308 25.8589 2
    endloop
  endfacet
  facet normal 0.0784244 -0.99692 0
    outer loop
      vertex -30.1 23.75 3
      vertex -30.1 23.75 2
      vertex -29.8 23.7736 3
    endloop
  endfacet
  facet normal 0.0787883 -0.996891 0
    outer loop
      vertex -29.8 23.7736 3
      vertex -29.7089 23.7808 6
      vertex -29.8 23.7736 6
    endloop
  endfacet
  facet normal 0.0787883 -0.996891 0
    outer loop
      vertex -29.8 23.7736 3
      vertex -29.7089 23.7808 2
      vertex -29.7089 23.7808 6
    endloop
  endfacet
  facet normal 0.0785092 -0.996913 -2.55919e-05
    outer loop
      vertex -29.7089 23.7808 2
      vertex -29.8 23.7736 3
      vertex -30.1 23.75 2
    endloop
  endfacet
  facet normal 0.382569 -0.923927 0
    outer loop
      vertex -29.3275 23.8724 2
      vertex -28.965 24.0225 6
      vertex -29.3275 23.8724 6
    endloop
  endfacet
  facet normal 0.382569 -0.923927 0
    outer loop
      vertex -28.965 24.0225 6
      vertex -29.3275 23.8724 2
      vertex -28.965 24.0225 2
    endloop
  endfacet
  facet normal 0.649342 -0.760497 0
    outer loop
      vertex -28.6305 24.2275 2
      vertex -28.3322 24.4822 6
      vertex -28.6305 24.2275 6
    endloop
  endfacet
  facet normal 0.649342 -0.760497 0
    outer loop
      vertex -28.3322 24.4822 6
      vertex -28.6305 24.2275 2
      vertex -28.3322 24.4822 2
    endloop
  endfacet
  facet normal 0.923927 -0.382569 0
    outer loop
      vertex -27.8725 25.115 6
      vertex -27.7224 25.4775 2
      vertex -27.7224 25.4775 6
    endloop
  endfacet
  facet normal 0.923927 -0.382569 0
    outer loop
      vertex -27.7224 25.4775 2
      vertex -27.8725 25.115 6
      vertex -27.8725 25.115 2
    endloop
  endfacet
  facet normal 0.760497 -0.649342 0
    outer loop
      vertex -28.3322 24.4822 6
      vertex -28.0775 24.7805 2
      vertex -28.0775 24.7805 6
    endloop
  endfacet
  facet normal 0.760497 -0.649342 0
    outer loop
      vertex -28.0775 24.7805 2
      vertex -28.3322 24.4822 6
      vertex -28.3322 24.4822 2
    endloop
  endfacet
  facet normal -0.522532 -0.85262 0
    outer loop
      vertex -31.5695 24.2275 2
      vertex -31.235 24.0225 6
      vertex -31.5695 24.2275 6
    endloop
  endfacet
  facet normal -0.522532 -0.85262 -0
    outer loop
      vertex -31.235 24.0225 6
      vertex -31.5695 24.2275 2
      vertex -31.235 24.0225 2
    endloop
  endfacet
  facet normal -0.233527 -0.97235 0
    outer loop
      vertex -30.8725 23.8724 2
      vertex -30.4911 23.7808 6
      vertex -30.8725 23.8724 6
    endloop
  endfacet
  facet normal -0.233527 -0.97235 -0
    outer loop
      vertex -30.4911 23.7808 6
      vertex -30.8725 23.8724 2
      vertex -30.4911 23.7808 2
    endloop
  endfacet
  facet normal -0.923927 -0.382569 0
    outer loop
      vertex -32.3275 25.115 2
      vertex -32.4776 25.4775 6
      vertex -32.4776 25.4775 2
    endloop
  endfacet
  facet normal -0.923927 -0.382569 0
    outer loop
      vertex -32.4776 25.4775 6
      vertex -32.3275 25.115 2
      vertex -32.3275 25.115 6
    endloop
  endfacet
  facet normal -0.996913 -0.0785092 0
    outer loop
      vertex -32.5692 25.8589 2
      vertex -32.6 26.25 6
      vertex -32.6 26.25 2
    endloop
  endfacet
  facet normal -0.996913 -0.0785092 0
    outer loop
      vertex -32.6 26.25 6
      vertex -32.5692 25.8589 2
      vertex -32.5692 25.8589 6
    endloop
  endfacet
  facet normal 0.233527 -0.97235 0
    outer loop
      vertex -29.7089 23.7808 2
      vertex -29.3275 23.8724 6
      vertex -29.7089 23.7808 6
    endloop
  endfacet
  facet normal 0.233527 -0.97235 0
    outer loop
      vertex -29.3275 23.8724 6
      vertex -29.7089 23.7808 2
      vertex -29.3275 23.8724 2
    endloop
  endfacet
  facet normal 0.97235 -0.233527 0
    outer loop
      vertex -27.7224 25.4775 6
      vertex -27.6308 25.8589 2
      vertex -27.6308 25.8589 6
    endloop
  endfacet
  facet normal 0.97235 -0.233527 0
    outer loop
      vertex -27.6308 25.8589 2
      vertex -27.7224 25.4775 6
      vertex -27.7224 25.4775 2
    endloop
  endfacet
  facet normal 0.85262 -0.522532 0
    outer loop
      vertex -28.0775 24.7805 6
      vertex -27.8725 25.115 2
      vertex -27.8725 25.115 6
    endloop
  endfacet
  facet normal 0.85262 -0.522532 0
    outer loop
      vertex -27.8725 25.115 2
      vertex -28.0775 24.7805 6
      vertex -28.0775 24.7805 2
    endloop
  endfacet
  facet normal -0.97235 -0.233527 0
    outer loop
      vertex -32.4776 25.4775 2
      vertex -32.5692 25.8589 6
      vertex -32.5692 25.8589 2
    endloop
  endfacet
  facet normal -0.97235 -0.233527 0
    outer loop
      vertex -32.5692 25.8589 6
      vertex -32.4776 25.4775 2
      vertex -32.4776 25.4775 6
    endloop
  endfacet
  facet normal 1 0 0
    outer loop
      vertex -30.4 25.3267 8.82294
      vertex -30.4 27.35 8.77919
      vertex -30.4 27.3419 8.79236
    endloop
  endfacet
  facet normal 1 -0 0
    outer loop
      vertex -30.4 27.35 6
      vertex -30.4 28.7264 3
      vertex -30.4 28.7264 6
    endloop
  endfacet
  facet normal 1 -0 0
    outer loop
      vertex -30.4 25.3267 8.82294
      vertex -30.4 27.3419 8.79236
      vertex -30.4 27.1521 9.1
    endloop
  endfacet
  facet normal 1 0 0
    outer loop
      vertex -30.4 25.3945 8.96697
      vertex -30.4 27.1521 9.1
      vertex -30.4 25.4571 9.1
    endloop
  endfacet
  facet normal 1 0 0
    outer loop
      vertex -30.4 25.3267 8.82294
      vertex -30.4 27.1521 9.1
      vertex -30.4 25.3945 8.96697
    endloop
  endfacet
  facet normal 1 0 0
    outer loop
      vertex -30.4 27.35 8.77919
      vertex -30.4 25.3267 8.82294
      vertex -30.4 25.143 7.6
    endloop
  endfacet
  facet normal 1 0 0
    outer loop
      vertex -30.4 27.35 8.77919
      vertex -30.4 25.143 7.6
      vertex -30.4 27.35 6
    endloop
  endfacet
  facet normal 1 0 0
    outer loop
      vertex -30.4 25.143 6
      vertex -30.4 27.35 6
      vertex -30.4 25.143 7.6
    endloop
  endfacet
  facet normal 1 0 0
    outer loop
      vertex -30.4 27.35 6
      vertex -30.4 25.143 6
      vertex -30.4 28.7264 3
    endloop
  endfacet
  facet normal 1 0 0
    outer loop
      vertex -30.4 23.7736 3
      vertex -30.4 25.143 6
      vertex -30.4 23.7736 6
    endloop
  endfacet
  facet normal 1 0 0
    outer loop
      vertex -30.4 25.143 6
      vertex -30.4 23.7736 3
      vertex -30.4 28.7264 3
    endloop
  endfacet
  facet normal 1 -0 0
    outer loop
      vertex -30.4 24.7842 7.61
      vertex -30.4 25.143 7.6
      vertex -30.4 25.3267 8.82294
    endloop
  endfacet
  facet normal 1 0 0
    outer loop
      vertex -30.4 25.143 7.6
      vertex -30.4 24.7842 7.61
      vertex -30.4 24.7842 7.6
    endloop
  endfacet
  facet normal -1 0 0
    outer loop
      vertex -29.8 28.7264 3
      vertex -29.8 27.35 6
      vertex -29.8 28.7264 6
    endloop
  endfacet
  facet normal -1 0 0
    outer loop
      vertex -29.8 25.143 7.6
      vertex -29.8 27.35 8.77919
      vertex -29.8 27.35 6
    endloop
  endfacet
  facet normal -1 0 -0
    outer loop
      vertex -29.8 25.3267 8.82294
      vertex -29.8 27.35 8.77919
      vertex -29.8 25.143 7.6
    endloop
  endfacet
  facet normal -1 0 0
    outer loop
      vertex -29.8 27.35 8.77919
      vertex -29.8 25.3267 8.82294
      vertex -29.8 27.3419 8.79236
    endloop
  endfacet
  facet normal -1 0 0
    outer loop
      vertex -29.8 25.143 6
      vertex -29.8 27.35 6
      vertex -29.8 28.7264 3
    endloop
  endfacet
  facet normal -1 0 0
    outer loop
      vertex -29.8 27.3419 8.79236
      vertex -29.8 25.3267 8.82294
      vertex -29.8 27.1521 9.1
    endloop
  endfacet
  facet normal -1 -0 0
    outer loop
      vertex -29.8 27.1521 9.1
      vertex -29.8 25.3945 8.96697
      vertex -29.8 25.4571 9.1
    endloop
  endfacet
  facet normal -1 0 0
    outer loop
      vertex -29.8 27.35 6
      vertex -29.8 25.143 6
      vertex -29.8 25.143 7.6
    endloop
  endfacet
  facet normal -1 0 0
    outer loop
      vertex -29.8 23.7736 3
      vertex -29.8 25.143 6
      vertex -29.8 28.7264 3
    endloop
  endfacet
  facet normal -1 -0 0
    outer loop
      vertex -29.8 25.143 6
      vertex -29.8 23.7736 3
      vertex -29.8 23.7736 6
    endloop
  endfacet
  facet normal -1 0 0
    outer loop
      vertex -29.8 27.1521 9.1
      vertex -29.8 25.3267 8.82294
      vertex -29.8 25.3945 8.96697
    endloop
  endfacet
  facet normal -1 0 0
    outer loop
      vertex -29.8 24.7842 7.61
      vertex -29.8 25.143 7.6
      vertex -29.8 24.7842 7.6
    endloop
  endfacet
  facet normal -1 0 0
    outer loop
      vertex -29.8 25.143 7.6
      vertex -29.8 24.7842 7.61
      vertex -29.8 25.3267 8.82294
    endloop
  endfacet
  facet normal 0 0 1
    outer loop
      vertex -30.4 28.7264 3
      vertex -29.8 28.7264 3
      vertex -30.1 28.75 3
    endloop
  endfacet
  facet normal 0 0 1
    outer loop
      vertex -29.8 28.7264 3
      vertex -30.4 28.7264 3
      vertex -29.8 23.7736 3
    endloop
  endfacet
  facet normal 0 0 1
    outer loop
      vertex -30.4 23.7736 3
      vertex -29.8 23.7736 3
      vertex -30.4 28.7264 3
    endloop
  endfacet
  facet normal 0 0 1
    outer loop
      vertex -29.8 23.7736 3
      vertex -30.4 23.7736 3
      vertex -30.1 23.75 3
    endloop
  endfacet
  facet normal 0.382923 -0.92378 0
    outer loop
      vertex 30.4554 -27.3437 6
      vertex 30.6221 -27.2746 7.6
      vertex 30.4554 -27.3437 7.6
    endloop
  endfacet
  facet normal 0.382923 -0.92378 0
    outer loop
      vertex 30.6221 -27.2746 7.6
      vertex 30.4554 -27.3437 6
      vertex 30.6221 -27.2746 6
    endloop
  endfacet
  facet normal 0 1 0
    outer loop
      vertex 29.8 -25.15 8.77919
      vertex 29.5737 -25.15 7.6
      vertex 29.0787 -25.15 7.61
    endloop
  endfacet
  facet normal 0 1 -0
    outer loop
      vertex 29.8 -25.15 6
      vertex 29.5737 -25.15 7.6
      vertex 29.8 -25.15 8.77919
    endloop
  endfacet
  facet normal 0 1 0
    outer loop
      vertex 29.5737 -25.15 7.6
      vertex 29.8 -25.15 6
      vertex 29.5737 -25.15 6
    endloop
  endfacet
  facet normal 0 1 0
    outer loop
      vertex 29.0787 -25.15 7.61
      vertex 29.5737 -25.15 7.6
      vertex 29.0787 -25.15 7.6
    endloop
  endfacet
  facet normal 0 1 0
    outer loop
      vertex 30.6263 -25.15 7.6
      vertex 31.1213 -25.15 7.61
      vertex 31.1213 -25.15 7.6
    endloop
  endfacet
  facet normal 0 1 0
    outer loop
      vertex 31.1213 -25.15 7.61
      vertex 30.6263 -25.15 7.6
      vertex 30.4 -25.15 8.77919
    endloop
  endfacet
  facet normal 0 1 0
    outer loop
      vertex 30.4 -25.15 6
      vertex 30.6263 -25.15 7.6
      vertex 30.6263 -25.15 6
    endloop
  endfacet
  facet normal 0 1 0
    outer loop
      vertex 30.6263 -25.15 7.6
      vertex 30.4 -25.15 6
      vertex 30.4 -25.15 8.77919
    endloop
  endfacet
  facet normal 0.233439 -0.972371 0
    outer loop
      vertex 30.4 -27.357 6
      vertex 30.4554 -27.3437 7.6
      vertex 30.4 -27.357 7.6
    endloop
  endfacet
  facet normal 0.233439 -0.972371 0
    outer loop
      vertex 30.4554 -27.3437 7.6
      vertex 30.4 -27.357 6
      vertex 30.4554 -27.3437 6
    endloop
  endfacet
  facet normal 0.92378 0.382923 0
    outer loop
      vertex 31.1937 -25.8946 7.6
      vertex 31.1246 -25.7279 6
      vertex 31.1246 -25.7279 7.6
    endloop
  endfacet
  facet normal 0.92378 0.382923 0
    outer loop
      vertex 31.1246 -25.7279 6
      vertex 31.1937 -25.8946 7.6
      vertex 31.1937 -25.8946 6
    endloop
  endfacet
  facet normal -0.92378 0.382923 0
    outer loop
      vertex 29.0063 -25.8946 6
      vertex 29.0754 -25.7279 7.6
      vertex 29.0754 -25.7279 6
    endloop
  endfacet
  facet normal -0.92378 0.382923 0
    outer loop
      vertex 29.0754 -25.7279 7.6
      vertex 29.0063 -25.8946 6
      vertex 29.0063 -25.8946 7.6
    endloop
  endfacet
  facet normal 0.706984 0.70723 -0
    outer loop
      vertex 30.9132 -25.4368 6
      vertex 30.6263 -25.15 7.6
      vertex 30.9132 -25.4368 7.6
    endloop
  endfacet
  facet normal 0.706984 0.70723 0
    outer loop
      vertex 30.6263 -25.15 7.6
      vertex 30.9132 -25.4368 6
      vertex 30.6263 -25.15 6
    endloop
  endfacet
  facet normal -0.760585 0.649239 0
    outer loop
      vertex 29.1696 -25.5741 6
      vertex 29.2868 -25.4368 7.6
      vertex 29.2868 -25.4368 6
    endloop
  endfacet
  facet normal -0.760585 0.649239 0
    outer loop
      vertex 29.2868 -25.4368 7.6
      vertex 29.1696 -25.5741 6
      vertex 29.1696 -25.5741 7.6
    endloop
  endfacet
  facet normal -0.706984 0.70723 0
    outer loop
      vertex 29.5737 -25.15 6
      vertex 29.2868 -25.4368 7.6
      vertex 29.5737 -25.15 7.6
    endloop
  endfacet
  facet normal -0.706984 0.70723 0
    outer loop
      vertex 29.2868 -25.4368 7.6
      vertex 29.5737 -25.15 6
      vertex 29.2868 -25.4368 6
    endloop
  endfacet
  facet normal -0.852761 0.522302 0
    outer loop
      vertex 29.0754 -25.7279 6
      vertex 29.1696 -25.5741 7.6
      vertex 29.1696 -25.5741 6
    endloop
  endfacet
  facet normal -0.852761 0.522302 0
    outer loop
      vertex 29.1696 -25.5741 7.6
      vertex 29.0754 -25.7279 6
      vertex 29.0754 -25.7279 7.6
    endloop
  endfacet
  facet normal -0.996899 0.078688 0
    outer loop
      vertex 28.95 -26.25 6
      vertex 28.9642 -26.0701 7.6
      vertex 28.9642 -26.0701 6
    endloop
  endfacet
  facet normal -0.996899 0.078688 0
    outer loop
      vertex 28.9642 -26.0701 7.6
      vertex 28.95 -26.25 6
      vertex 28.95 -26.25 7.6
    endloop
  endfacet
  facet normal 0 0 1
    outer loop
      vertex 31.25 -26.25 6
      vertex 32.6 -26.25 6
      vertex 32.5692 -25.8589 6
    endloop
  endfacet
  facet normal 0 0 1
    outer loop
      vertex 31.2358 -26.0701 6
      vertex 32.5692 -25.8589 6
      vertex 32.4776 -25.4775 6
    endloop
  endfacet
  facet normal 0 0 1
    outer loop
      vertex 32.6 -26.25 6
      vertex 31.25 -26.25 6
      vertex 32.5692 -26.6411 6
    endloop
  endfacet
  facet normal 0 0 1
    outer loop
      vertex 31.1937 -25.8946 6
      vertex 32.4776 -25.4775 6
      vertex 32.3275 -25.115 6
    endloop
  endfacet
  facet normal -0 0 1
    outer loop
      vertex 31.2358 -26.4299 6
      vertex 32.5692 -26.6411 6
      vertex 31.25 -26.25 6
    endloop
  endfacet
  facet normal 0 0 1
    outer loop
      vertex 31.1246 -25.7279 6
      vertex 32.3275 -25.115 6
      vertex 32.1225 -24.7805 6
    endloop
  endfacet
  facet normal 0 0 1
    outer loop
      vertex 32.5692 -26.6411 6
      vertex 31.2358 -26.4299 6
      vertex 32.4776 -27.0225 6
    endloop
  endfacet
  facet normal 0 0 1
    outer loop
      vertex 31.0304 -25.5741 6
      vertex 32.1225 -24.7805 6
      vertex 31.8678 -24.4822 6
    endloop
  endfacet
  facet normal -0 0 1
    outer loop
      vertex 31.1937 -26.6054 6
      vertex 32.4776 -27.0225 6
      vertex 31.2358 -26.4299 6
    endloop
  endfacet
  facet normal 0 0 1
    outer loop
      vertex 30.9132 -25.4368 6
      vertex 31.8678 -24.4822 6
      vertex 31.5695 -24.2275 6
    endloop
  endfacet
  facet normal 0 0 1
    outer loop
      vertex 32.4776 -27.0225 6
      vertex 31.1937 -26.6054 6
      vertex 32.3275 -27.385 6
    endloop
  endfacet
  facet normal -0 0 1
    outer loop
      vertex 31.1246 -26.7721 6
      vertex 32.3275 -27.385 6
      vertex 31.1937 -26.6054 6
    endloop
  endfacet
  facet normal 0 0 1
    outer loop
      vertex 32.5692 -25.8589 6
      vertex 31.2358 -26.0701 6
      vertex 31.25 -26.25 6
    endloop
  endfacet
  facet normal 0 0 1
    outer loop
      vertex 30.6263 -25.15 6
      vertex 31.5695 -24.2275 6
      vertex 31.235 -24.0225 6
    endloop
  endfacet
  facet normal 0 0 1
    outer loop
      vertex 32.4776 -25.4775 6
      vertex 31.1937 -25.8946 6
      vertex 31.2358 -26.0701 6
    endloop
  endfacet
  facet normal 0 0 1
    outer loop
      vertex 32.3275 -25.115 6
      vertex 31.1246 -25.7279 6
      vertex 31.1937 -25.8946 6
    endloop
  endfacet
  facet normal 0 0 1
    outer loop
      vertex 32.1225 -24.7805 6
      vertex 31.0304 -25.5741 6
      vertex 31.1246 -25.7279 6
    endloop
  endfacet
  facet normal 0 0 1
    outer loop
      vertex 31.8678 -24.4822 6
      vertex 30.9132 -25.4368 6
      vertex 31.0304 -25.5741 6
    endloop
  endfacet
  facet normal 0 0 1
    outer loop
      vertex 30.6263 -25.15 6
      vertex 31.235 -24.0225 6
      vertex 30.8725 -23.8724 6
    endloop
  endfacet
  facet normal 0 0 1
    outer loop
      vertex 31.5695 -24.2275 6
      vertex 30.6263 -25.15 6
      vertex 30.9132 -25.4368 6
    endloop
  endfacet
  facet normal 0 0 1
    outer loop
      vertex 30.4911 -23.7808 6
      vertex 30.6263 -25.15 6
      vertex 30.8725 -23.8724 6
    endloop
  endfacet
  facet normal 0 0 1
    outer loop
      vertex 30.4 -25.15 6
      vertex 30.4911 -23.7808 6
      vertex 30.4 -23.7736 6
    endloop
  endfacet
  facet normal 0 0 1
    outer loop
      vertex 30.4911 -23.7808 6
      vertex 30.4 -25.15 6
      vertex 30.6263 -25.15 6
    endloop
  endfacet
  facet normal 0 0 1
    outer loop
      vertex 32.3275 -27.385 6
      vertex 31.1246 -26.7721 6
      vertex 32.1225 -27.7195 6
    endloop
  endfacet
  facet normal -0 0 1
    outer loop
      vertex 31.0304 -26.9259 6
      vertex 32.1225 -27.7195 6
      vertex 31.1246 -26.7721 6
    endloop
  endfacet
  facet normal 0 0 1
    outer loop
      vertex 32.1225 -27.7195 6
      vertex 31.0304 -26.9259 6
      vertex 31.8678 -28.0178 6
    endloop
  endfacet
  facet normal -0 0 1
    outer loop
      vertex 30.9132 -27.0632 6
      vertex 31.8678 -28.0178 6
      vertex 31.0304 -26.9259 6
    endloop
  endfacet
  facet normal 0 0 1
    outer loop
      vertex 31.8678 -28.0178 6
      vertex 30.9132 -27.0632 6
      vertex 31.5695 -28.2725 6
    endloop
  endfacet
  facet normal -0 0 1
    outer loop
      vertex 30.7759 -27.1804 6
      vertex 31.5695 -28.2725 6
      vertex 30.9132 -27.0632 6
    endloop
  endfacet
  facet normal 0 0 1
    outer loop
      vertex 31.5695 -28.2725 6
      vertex 30.7759 -27.1804 6
      vertex 31.235 -28.4775 6
    endloop
  endfacet
  facet normal -0 0 1
    outer loop
      vertex 30.6221 -27.2746 6
      vertex 31.235 -28.4775 6
      vertex 30.7759 -27.1804 6
    endloop
  endfacet
  facet normal 0 0 1
    outer loop
      vertex 31.235 -28.4775 6
      vertex 30.6221 -27.2746 6
      vertex 30.8725 -28.6276 6
    endloop
  endfacet
  facet normal -0 0 1
    outer loop
      vertex 30.4554 -27.3437 6
      vertex 30.8725 -28.6276 6
      vertex 30.6221 -27.2746 6
    endloop
  endfacet
  facet normal -0 0 1
    outer loop
      vertex 30.4 -27.357 6
      vertex 30.8725 -28.6276 6
      vertex 30.4554 -27.3437 6
    endloop
  endfacet
  facet normal 0 0 1
    outer loop
      vertex 30.8725 -28.6276 6
      vertex 30.4 -27.357 6
      vertex 30.4911 -28.7192 6
    endloop
  endfacet
  facet normal 0 0 1
    outer loop
      vertex 30.4911 -28.7192 6
      vertex 30.4 -27.357 6
      vertex 30.4 -28.7264 6
    endloop
  endfacet
  facet normal -0 0 1
    outer loop
      vertex 29.7089 -23.7808 6
      vertex 29.8 -25.15 6
      vertex 29.8 -23.7736 6
    endloop
  endfacet
  facet normal 0 0 1
    outer loop
      vertex 29.7089 -23.7808 6
      vertex 29.5737 -25.15 6
      vertex 29.8 -25.15 6
    endloop
  endfacet
  facet normal -0 0 1
    outer loop
      vertex 29.3275 -23.8724 6
      vertex 29.5737 -25.15 6
      vertex 29.7089 -23.7808 6
    endloop
  endfacet
  facet normal -0 0 1
    outer loop
      vertex 28.965 -24.0225 6
      vertex 29.5737 -25.15 6
      vertex 29.3275 -23.8724 6
    endloop
  endfacet
  facet normal -0 0 1
    outer loop
      vertex 28.6305 -24.2275 6
      vertex 29.5737 -25.15 6
      vertex 28.965 -24.0225 6
    endloop
  endfacet
  facet normal 0 0 1
    outer loop
      vertex 29.5737 -25.15 6
      vertex 28.6305 -24.2275 6
      vertex 29.2868 -25.4368 6
    endloop
  endfacet
  facet normal -0 0 1
    outer loop
      vertex 28.3322 -24.4822 6
      vertex 29.2868 -25.4368 6
      vertex 28.6305 -24.2275 6
    endloop
  endfacet
  facet normal 0 0 1
    outer loop
      vertex 29.2868 -25.4368 6
      vertex 28.3322 -24.4822 6
      vertex 29.1696 -25.5741 6
    endloop
  endfacet
  facet normal -0 0 1
    outer loop
      vertex 28.0775 -24.7805 6
      vertex 29.1696 -25.5741 6
      vertex 28.3322 -24.4822 6
    endloop
  endfacet
  facet normal 0 0 1
    outer loop
      vertex 29.1696 -25.5741 6
      vertex 28.0775 -24.7805 6
      vertex 29.0754 -25.7279 6
    endloop
  endfacet
  facet normal -0 0 1
    outer loop
      vertex 27.8725 -25.115 6
      vertex 29.0754 -25.7279 6
      vertex 28.0775 -24.7805 6
    endloop
  endfacet
  facet normal 0 0 1
    outer loop
      vertex 29.3275 -28.6276 6
      vertex 29.8 -27.357 6
      vertex 29.7446 -27.3437 6
    endloop
  endfacet
  facet normal 0 0 1
    outer loop
      vertex 29.8 -27.357 6
      vertex 29.7089 -28.7192 6
      vertex 29.8 -28.7264 6
    endloop
  endfacet
  facet normal 0 0 1
    outer loop
      vertex 29.3275 -28.6276 6
      vertex 29.7446 -27.3437 6
      vertex 29.5779 -27.2746 6
    endloop
  endfacet
  facet normal 0 0 1
    outer loop
      vertex 28.965 -28.4775 6
      vertex 29.5779 -27.2746 6
      vertex 29.4241 -27.1804 6
    endloop
  endfacet
  facet normal 0 0 1
    outer loop
      vertex 29.8 -27.357 6
      vertex 29.3275 -28.6276 6
      vertex 29.7089 -28.7192 6
    endloop
  endfacet
  facet normal 0 0 1
    outer loop
      vertex 28.6305 -28.2725 6
      vertex 29.4241 -27.1804 6
      vertex 29.2868 -27.0632 6
    endloop
  endfacet
  facet normal 0 0 1
    outer loop
      vertex 28.3322 -28.0178 6
      vertex 29.2868 -27.0632 6
      vertex 29.1696 -26.9259 6
    endloop
  endfacet
  facet normal 0 0 1
    outer loop
      vertex 28.0775 -27.7195 6
      vertex 29.1696 -26.9259 6
      vertex 29.0754 -26.7721 6
    endloop
  endfacet
  facet normal 0 0 1
    outer loop
      vertex 27.8725 -27.385 6
      vertex 29.0754 -26.7721 6
      vertex 29.0063 -26.6054 6
    endloop
  endfacet
  facet normal 0 0 1
    outer loop
      vertex 29.5779 -27.2746 6
      vertex 28.965 -28.4775 6
      vertex 29.3275 -28.6276 6
    endloop
  endfacet
  facet normal 0 0 1
    outer loop
      vertex 27.7224 -27.0225 6
      vertex 29.0063 -26.6054 6
      vertex 28.9642 -26.4299 6
    endloop
  endfacet
  facet normal 0 0 1
    outer loop
      vertex 27.6308 -26.6411 6
      vertex 28.9642 -26.4299 6
      vertex 28.95 -26.25 6
    endloop
  endfacet
  facet normal 0 0 1
    outer loop
      vertex 29.0754 -25.7279 6
      vertex 27.8725 -25.115 6
      vertex 29.0063 -25.8946 6
    endloop
  endfacet
  facet normal 0 0 1
    outer loop
      vertex 29.4241 -27.1804 6
      vertex 28.6305 -28.2725 6
      vertex 28.965 -28.4775 6
    endloop
  endfacet
  facet normal -0 0 1
    outer loop
      vertex 27.7224 -25.4775 6
      vertex 29.0063 -25.8946 6
      vertex 27.8725 -25.115 6
    endloop
  endfacet
  facet normal 0 0 1
    outer loop
      vertex 29.2868 -27.0632 6
      vertex 28.3322 -28.0178 6
      vertex 28.6305 -28.2725 6
    endloop
  endfacet
  facet normal 0 0 1
    outer loop
      vertex 29.0063 -25.8946 6
      vertex 27.7224 -25.4775 6
      vertex 28.9642 -26.0701 6
    endloop
  endfacet
  facet normal 0 0 1
    outer loop
      vertex 29.1696 -26.9259 6
      vertex 28.0775 -27.7195 6
      vertex 28.3322 -28.0178 6
    endloop
  endfacet
  facet normal -0 0 1
    outer loop
      vertex 27.6308 -25.8589 6
      vertex 28.9642 -26.0701 6
      vertex 27.7224 -25.4775 6
    endloop
  endfacet
  facet normal 0 0 1
    outer loop
      vertex 29.0754 -26.7721 6
      vertex 27.8725 -27.385 6
      vertex 28.0775 -27.7195 6
    endloop
  endfacet
  facet normal 0 0 1
    outer loop
      vertex 28.9642 -26.0701 6
      vertex 27.6308 -25.8589 6
      vertex 28.95 -26.25 6
    endloop
  endfacet
  facet normal 0 0 1
    outer loop
      vertex 29.0063 -26.6054 6
      vertex 27.7224 -27.0225 6
      vertex 27.8725 -27.385 6
    endloop
  endfacet
  facet normal 0 0 1
    outer loop
      vertex 27.6 -26.25 6
      vertex 28.95 -26.25 6
      vertex 27.6308 -25.8589 6
    endloop
  endfacet
  facet normal 0 0 1
    outer loop
      vertex 28.9642 -26.4299 6
      vertex 27.6308 -26.6411 6
      vertex 27.7224 -27.0225 6
    endloop
  endfacet
  facet normal 0 0 1
    outer loop
      vertex 28.95 -26.25 6
      vertex 27.6 -26.25 6
      vertex 27.6308 -26.6411 6
    endloop
  endfacet
  facet normal -0.996899 -0.078688 0
    outer loop
      vertex 28.9642 -26.4299 6
      vertex 28.95 -26.25 7.6
      vertex 28.95 -26.25 6
    endloop
  endfacet
  facet normal -0.996899 -0.078688 0
    outer loop
      vertex 28.95 -26.25 7.6
      vertex 28.9642 -26.4299 6
      vertex 28.9642 -26.4299 7.6
    endloop
  endfacet
  facet normal -0.972412 0.233268 0
    outer loop
      vertex 28.9642 -26.0701 6
      vertex 29.0063 -25.8946 7.6
      vertex 29.0063 -25.8946 6
    endloop
  endfacet
  facet normal -0.972412 0.233268 0
    outer loop
      vertex 29.0063 -25.8946 7.6
      vertex 28.9642 -26.0701 6
      vertex 28.9642 -26.0701 7.6
    endloop
  endfacet
  facet normal -0.92378 -0.382923 0
    outer loop
      vertex 29.0754 -26.7721 6
      vertex 29.0063 -26.6054 7.6
      vertex 29.0063 -26.6054 6
    endloop
  endfacet
  facet normal -0.92378 -0.382923 0
    outer loop
      vertex 29.0063 -26.6054 7.6
      vertex 29.0754 -26.7721 6
      vertex 29.0754 -26.7721 7.6
    endloop
  endfacet
  facet normal -0.760585 -0.649239 0
    outer loop
      vertex 29.2868 -27.0632 6
      vertex 29.1696 -26.9259 7.6
      vertex 29.1696 -26.9259 6
    endloop
  endfacet
  facet normal -0.760585 -0.649239 0
    outer loop
      vertex 29.1696 -26.9259 7.6
      vertex 29.2868 -27.0632 6
      vertex 29.2868 -27.0632 7.6
    endloop
  endfacet
  facet normal -0.522302 -0.852761 0
    outer loop
      vertex 29.4241 -27.1804 6
      vertex 29.5779 -27.2746 7.6
      vertex 29.4241 -27.1804 7.6
    endloop
  endfacet
  facet normal -0.522302 -0.852761 -0
    outer loop
      vertex 29.5779 -27.2746 7.6
      vertex 29.4241 -27.1804 6
      vertex 29.5779 -27.2746 6
    endloop
  endfacet
  facet normal 0.760585 0.649239 0
    outer loop
      vertex 31.0304 -25.5741 7.6
      vertex 30.9132 -25.4368 6
      vertex 30.9132 -25.4368 7.6
    endloop
  endfacet
  facet normal 0.760585 0.649239 0
    outer loop
      vertex 30.9132 -25.4368 6
      vertex 31.0304 -25.5741 7.6
      vertex 31.0304 -25.5741 6
    endloop
  endfacet
  facet normal 0.852761 0.522302 0
    outer loop
      vertex 31.1246 -25.7279 7.6
      vertex 31.0304 -25.5741 6
      vertex 31.0304 -25.5741 7.6
    endloop
  endfacet
  facet normal 0.852761 0.522302 0
    outer loop
      vertex 31.0304 -25.5741 6
      vertex 31.1246 -25.7279 7.6
      vertex 31.1246 -25.7279 6
    endloop
  endfacet
  facet normal 0.972412 -0.233268 0
    outer loop
      vertex 31.1937 -26.6054 7.6
      vertex 31.2358 -26.4299 6
      vertex 31.2358 -26.4299 7.6
    endloop
  endfacet
  facet normal 0.972412 -0.233268 0
    outer loop
      vertex 31.2358 -26.4299 6
      vertex 31.1937 -26.6054 7.6
      vertex 31.1937 -26.6054 6
    endloop
  endfacet
  facet normal 0.760585 -0.649239 0
    outer loop
      vertex 30.9132 -27.0632 7.6
      vertex 31.0304 -26.9259 6
      vertex 31.0304 -26.9259 7.6
    endloop
  endfacet
  facet normal 0.760585 -0.649239 0
    outer loop
      vertex 31.0304 -26.9259 6
      vertex 30.9132 -27.0632 7.6
      vertex 30.9132 -27.0632 6
    endloop
  endfacet
  facet normal 0.522302 -0.852761 0
    outer loop
      vertex 30.6221 -27.2746 6
      vertex 30.7759 -27.1804 7.6
      vertex 30.6221 -27.2746 7.6
    endloop
  endfacet
  facet normal 0.522302 -0.852761 0
    outer loop
      vertex 30.7759 -27.1804 7.6
      vertex 30.6221 -27.2746 6
      vertex 30.7759 -27.1804 6
    endloop
  endfacet
  facet normal -0.972412 -0.233268 0
    outer loop
      vertex 29.0063 -26.6054 6
      vertex 28.9642 -26.4299 7.6
      vertex 28.9642 -26.4299 6
    endloop
  endfacet
  facet normal -0.972412 -0.233268 0
    outer loop
      vertex 28.9642 -26.4299 7.6
      vertex 29.0063 -26.6054 6
      vertex 29.0063 -26.6054 7.6
    endloop
  endfacet
  facet normal 0 0 -1
    outer loop
      vertex 31.25 -26.25 7.6
      vertex 31.6 -26.25 7.6
      vertex 31.5815 -26.4846 7.6
    endloop
  endfacet
  facet normal 0 0 -1
    outer loop
      vertex 31.2358 -26.4299 7.6
      vertex 31.5815 -26.4846 7.6
      vertex 31.5266 -26.7135 7.6
    endloop
  endfacet
  facet normal 0 0 -1
    outer loop
      vertex 31.6 -26.25 7.6
      vertex 31.25 -26.25 7.6
      vertex 31.5815 -26.0154 7.6
    endloop
  endfacet
  facet normal 0 0 -1
    outer loop
      vertex 31.1937 -26.6054 7.6
      vertex 31.5266 -26.7135 7.6
      vertex 31.4365 -26.931 7.6
    endloop
  endfacet
  facet normal 0 0 -1
    outer loop
      vertex 31.2358 -26.0701 7.6
      vertex 31.5815 -26.0154 7.6
      vertex 31.25 -26.25 7.6
    endloop
  endfacet
  facet normal 0 0 -1
    outer loop
      vertex 31.1246 -26.7721 7.6
      vertex 31.4365 -26.931 7.6
      vertex 31.3135 -27.1317 7.6
    endloop
  endfacet
  facet normal -0 0 -1
    outer loop
      vertex 31.5815 -26.0154 7.6
      vertex 31.2358 -26.0701 7.6
      vertex 31.5266 -25.7865 7.6
    endloop
  endfacet
  facet normal 0 0 -1
    outer loop
      vertex 31.1937 -25.8946 7.6
      vertex 31.5266 -25.7865 7.6
      vertex 31.2358 -26.0701 7.6
    endloop
  endfacet
  facet normal 0 0 -1
    outer loop
      vertex 31.5815 -26.4846 7.6
      vertex 31.2358 -26.4299 7.6
      vertex 31.25 -26.25 7.6
    endloop
  endfacet
  facet normal 0 0 -1
    outer loop
      vertex 31.5266 -26.7135 7.6
      vertex 31.1937 -26.6054 7.6
      vertex 31.2358 -26.4299 7.6
    endloop
  endfacet
  facet normal 0 0 -1
    outer loop
      vertex 31.0304 -26.9259 7.6
      vertex 31.3135 -27.1317 7.6
      vertex 31.1607 -27.3107 7.6
    endloop
  endfacet
  facet normal 0 0 -1
    outer loop
      vertex 31.4365 -26.931 7.6
      vertex 31.1246 -26.7721 7.6
      vertex 31.1937 -26.6054 7.6
    endloop
  endfacet
  facet normal 0 0 -1
    outer loop
      vertex 31.3135 -27.1317 7.6
      vertex 31.0304 -26.9259 7.6
      vertex 31.1246 -26.7721 7.6
    endloop
  endfacet
  facet normal 0 0 -1
    outer loop
      vertex 30.9132 -27.0632 7.6
      vertex 31.1607 -27.3107 7.6
      vertex 30.9817 -27.4635 7.6
    endloop
  endfacet
  facet normal 0 0 -1
    outer loop
      vertex 31.1607 -27.3107 7.6
      vertex 30.9132 -27.0632 7.6
      vertex 31.0304 -26.9259 7.6
    endloop
  endfacet
  facet normal 0 0 -1
    outer loop
      vertex 30.7759 -27.1804 7.6
      vertex 30.9817 -27.4635 7.6
      vertex 30.781 -27.5865 7.6
    endloop
  endfacet
  facet normal 0 0 -1
    outer loop
      vertex 30.9817 -27.4635 7.6
      vertex 30.7759 -27.1804 7.6
      vertex 30.9132 -27.0632 7.6
    endloop
  endfacet
  facet normal 0 0 -1
    outer loop
      vertex 30.781 -27.5865 7.6
      vertex 30.6221 -27.2746 7.6
      vertex 30.7759 -27.1804 7.6
    endloop
  endfacet
  facet normal 0 0 -1
    outer loop
      vertex 30.5635 -27.6766 7.6
      vertex 30.6221 -27.2746 7.6
      vertex 30.781 -27.5865 7.6
    endloop
  endfacet
  facet normal 0 0 -1
    outer loop
      vertex 30.5635 -27.6766 7.6
      vertex 30.4554 -27.3437 7.6
      vertex 30.6221 -27.2746 7.6
    endloop
  endfacet
  facet normal 0 0 -1
    outer loop
      vertex 30.4 -27.357 7.6
      vertex 30.5635 -27.6766 7.6
      vertex 30.4 -27.7158 7.6
    endloop
  endfacet
  facet normal 0 0 -1
    outer loop
      vertex 30.5635 -27.6766 7.6
      vertex 30.4 -27.357 7.6
      vertex 30.4554 -27.3437 7.6
    endloop
  endfacet
  facet normal -0 0 -1
    outer loop
      vertex 31.5266 -25.7865 7.6
      vertex 31.1937 -25.8946 7.6
      vertex 31.4365 -25.569 7.6
    endloop
  endfacet
  facet normal 0 0 -1
    outer loop
      vertex 31.1246 -25.7279 7.6
      vertex 31.4365 -25.569 7.6
      vertex 31.1937 -25.8946 7.6
    endloop
  endfacet
  facet normal -0 0 -1
    outer loop
      vertex 31.4365 -25.569 7.6
      vertex 31.1246 -25.7279 7.6
      vertex 31.3135 -25.3683 7.6
    endloop
  endfacet
  facet normal 0 0 -1
    outer loop
      vertex 31.0304 -25.5741 7.6
      vertex 31.3135 -25.3683 7.6
      vertex 31.1246 -25.7279 7.6
    endloop
  endfacet
  facet normal -0 0 -1
    outer loop
      vertex 31.3135 -25.3683 7.6
      vertex 31.0304 -25.5741 7.6
      vertex 31.1607 -25.1893 7.6
    endloop
  endfacet
  facet normal 0 0 -1
    outer loop
      vertex 30.9132 -25.4368 7.6
      vertex 31.1607 -25.1893 7.6
      vertex 31.0304 -25.5741 7.6
    endloop
  endfacet
  facet normal -0 0 -1
    outer loop
      vertex 31.1607 -25.1893 7.6
      vertex 30.9132 -25.4368 7.6
      vertex 31.1213 -25.15 7.6
    endloop
  endfacet
  facet normal -0 0 -1
    outer loop
      vertex 31.1213 -25.15 7.6
      vertex 30.9132 -25.4368 7.6
      vertex 30.6263 -25.15 7.6
    endloop
  endfacet
  facet normal 0 0 -1
    outer loop
      vertex 29.6365 -27.6766 7.6
      vertex 29.8 -27.357 7.6
      vertex 29.8 -27.7158 7.6
    endloop
  endfacet
  facet normal -0 0 -1
    outer loop
      vertex 29.8 -27.357 7.6
      vertex 29.6365 -27.6766 7.6
      vertex 29.7446 -27.3437 7.6
    endloop
  endfacet
  facet normal 0 0 -1
    outer loop
      vertex 29.6365 -27.6766 7.6
      vertex 29.5779 -27.2746 7.6
      vertex 29.7446 -27.3437 7.6
    endloop
  endfacet
  facet normal 0 0 -1
    outer loop
      vertex 29.419 -27.5865 7.6
      vertex 29.5779 -27.2746 7.6
      vertex 29.6365 -27.6766 7.6
    endloop
  endfacet
  facet normal -0 0 -1
    outer loop
      vertex 29.5779 -27.2746 7.6
      vertex 29.419 -27.5865 7.6
      vertex 29.4241 -27.1804 7.6
    endloop
  endfacet
  facet normal 0 0 -1
    outer loop
      vertex 29.2183 -27.4635 7.6
      vertex 29.4241 -27.1804 7.6
      vertex 29.419 -27.5865 7.6
    endloop
  endfacet
  facet normal -0 0 -1
    outer loop
      vertex 29.4241 -27.1804 7.6
      vertex 29.2183 -27.4635 7.6
      vertex 29.2868 -27.0632 7.6
    endloop
  endfacet
  facet normal 0 0 -1
    outer loop
      vertex 29.0393 -27.3107 7.6
      vertex 29.2868 -27.0632 7.6
      vertex 29.2183 -27.4635 7.6
    endloop
  endfacet
  facet normal -0 0 -1
    outer loop
      vertex 29.2868 -27.0632 7.6
      vertex 29.0393 -27.3107 7.6
      vertex 29.1696 -26.9259 7.6
    endloop
  endfacet
  facet normal 0 0 -1
    outer loop
      vertex 28.8865 -27.1317 7.6
      vertex 29.1696 -26.9259 7.6
      vertex 29.0393 -27.3107 7.6
    endloop
  endfacet
  facet normal -0 0 -1
    outer loop
      vertex 29.1696 -26.9259 7.6
      vertex 28.8865 -27.1317 7.6
      vertex 29.0754 -26.7721 7.6
    endloop
  endfacet
  facet normal 0 0 -1
    outer loop
      vertex 28.7635 -26.931 7.6
      vertex 29.0754 -26.7721 7.6
      vertex 28.8865 -27.1317 7.6
    endloop
  endfacet
  facet normal 0 0 -1
    outer loop
      vertex 28.6734 -26.7135 7.6
      vertex 29.0063 -26.6054 7.6
      vertex 28.7635 -26.931 7.6
    endloop
  endfacet
  facet normal -0 0 -1
    outer loop
      vertex 29.0754 -26.7721 7.6
      vertex 28.7635 -26.931 7.6
      vertex 29.0063 -26.6054 7.6
    endloop
  endfacet
  facet normal 0 0 -1
    outer loop
      vertex 29.2868 -25.4368 7.6
      vertex 29.0787 -25.15 7.6
      vertex 29.5737 -25.15 7.6
    endloop
  endfacet
  facet normal 0 0 -1
    outer loop
      vertex 29.0393 -25.1893 7.6
      vertex 29.2868 -25.4368 7.6
      vertex 29.1696 -25.5741 7.6
    endloop
  endfacet
  facet normal 0 0 -1
    outer loop
      vertex 28.8865 -25.3683 7.6
      vertex 29.1696 -25.5741 7.6
      vertex 29.0754 -25.7279 7.6
    endloop
  endfacet
  facet normal 0 0 -1
    outer loop
      vertex 29.2868 -25.4368 7.6
      vertex 29.0393 -25.1893 7.6
      vertex 29.0787 -25.15 7.6
    endloop
  endfacet
  facet normal 0 0 -1
    outer loop
      vertex 28.7635 -25.569 7.6
      vertex 29.0754 -25.7279 7.6
      vertex 29.0063 -25.8946 7.6
    endloop
  endfacet
  facet normal 0 0 -1
    outer loop
      vertex 28.6734 -25.7865 7.6
      vertex 29.0063 -25.8946 7.6
      vertex 28.9642 -26.0701 7.6
    endloop
  endfacet
  facet normal 0 0 -1
    outer loop
      vertex 29.1696 -25.5741 7.6
      vertex 28.8865 -25.3683 7.6
      vertex 29.0393 -25.1893 7.6
    endloop
  endfacet
  facet normal 0 0 -1
    outer loop
      vertex 28.6185 -26.0154 7.6
      vertex 28.9642 -26.0701 7.6
      vertex 28.95 -26.25 7.6
    endloop
  endfacet
  facet normal -0 0 -1
    outer loop
      vertex 29.0063 -26.6054 7.6
      vertex 28.6734 -26.7135 7.6
      vertex 28.9642 -26.4299 7.6
    endloop
  endfacet
  facet normal 0 0 -1
    outer loop
      vertex 28.6185 -26.4846 7.6
      vertex 28.9642 -26.4299 7.6
      vertex 28.6734 -26.7135 7.6
    endloop
  endfacet
  facet normal 0 0 -1
    outer loop
      vertex 29.0754 -25.7279 7.6
      vertex 28.7635 -25.569 7.6
      vertex 28.8865 -25.3683 7.6
    endloop
  endfacet
  facet normal -0 0 -1
    outer loop
      vertex 28.9642 -26.4299 7.6
      vertex 28.6185 -26.4846 7.6
      vertex 28.95 -26.25 7.6
    endloop
  endfacet
  facet normal 0 0 -1
    outer loop
      vertex 29.0063 -25.8946 7.6
      vertex 28.6734 -25.7865 7.6
      vertex 28.7635 -25.569 7.6
    endloop
  endfacet
  facet normal 0 0 -1
    outer loop
      vertex 28.6 -26.25 7.6
      vertex 28.95 -26.25 7.6
      vertex 28.6185 -26.4846 7.6
    endloop
  endfacet
  facet normal 0 0 -1
    outer loop
      vertex 28.9642 -26.0701 7.6
      vertex 28.6185 -26.0154 7.6
      vertex 28.6734 -25.7865 7.6
    endloop
  endfacet
  facet normal 0 0 -1
    outer loop
      vertex 28.95 -26.25 7.6
      vertex 28.6 -26.25 7.6
      vertex 28.6185 -26.0154 7.6
    endloop
  endfacet
  facet normal -0.852761 -0.522302 0
    outer loop
      vertex 29.1696 -26.9259 6
      vertex 29.0754 -26.7721 7.6
      vertex 29.0754 -26.7721 6
    endloop
  endfacet
  facet normal -0.852761 -0.522302 0
    outer loop
      vertex 29.0754 -26.7721 7.6
      vertex 29.1696 -26.9259 6
      vertex 29.1696 -26.9259 7.6
    endloop
  endfacet
  facet normal -0.649239 -0.760585 0
    outer loop
      vertex 29.2868 -27.0632 6
      vertex 29.4241 -27.1804 7.6
      vertex 29.2868 -27.0632 7.6
    endloop
  endfacet
  facet normal -0.649239 -0.760585 -0
    outer loop
      vertex 29.4241 -27.1804 7.6
      vertex 29.2868 -27.0632 6
      vertex 29.4241 -27.1804 6
    endloop
  endfacet
  facet normal -0.382923 -0.92378 0
    outer loop
      vertex 29.5779 -27.2746 6
      vertex 29.7446 -27.3437 7.6
      vertex 29.5779 -27.2746 7.6
    endloop
  endfacet
  facet normal -0.382923 -0.92378 -0
    outer loop
      vertex 29.7446 -27.3437 7.6
      vertex 29.5779 -27.2746 6
      vertex 29.7446 -27.3437 6
    endloop
  endfacet
  facet normal -0.233439 -0.972371 0
    outer loop
      vertex 29.7446 -27.3437 6
      vertex 29.8 -27.357 7.6
      vertex 29.7446 -27.3437 7.6
    endloop
  endfacet
  facet normal -0.233439 -0.972371 -0
    outer loop
      vertex 29.8 -27.357 7.6
      vertex 29.7446 -27.3437 6
      vertex 29.8 -27.357 6
    endloop
  endfacet
  facet normal 0.996899 -0.078688 0
    outer loop
      vertex 31.2358 -26.4299 7.6
      vertex 31.25 -26.25 6
      vertex 31.25 -26.25 7.6
    endloop
  endfacet
  facet normal 0.996899 -0.078688 0
    outer loop
      vertex 31.25 -26.25 6
      vertex 31.2358 -26.4299 7.6
      vertex 31.2358 -26.4299 6
    endloop
  endfacet
  facet normal 0.996899 0.078688 0
    outer loop
      vertex 31.25 -26.25 7.6
      vertex 31.2358 -26.0701 6
      vertex 31.2358 -26.0701 7.6
    endloop
  endfacet
  facet normal 0.996899 0.078688 0
    outer loop
      vertex 31.2358 -26.0701 6
      vertex 31.25 -26.25 7.6
      vertex 31.25 -26.25 6
    endloop
  endfacet
  facet normal 0.972412 0.233268 0
    outer loop
      vertex 31.2358 -26.0701 7.6
      vertex 31.1937 -25.8946 6
      vertex 31.1937 -25.8946 7.6
    endloop
  endfacet
  facet normal 0.972412 0.233268 0
    outer loop
      vertex 31.1937 -25.8946 6
      vertex 31.2358 -26.0701 7.6
      vertex 31.2358 -26.0701 6
    endloop
  endfacet
  facet normal 0.852761 -0.522302 0
    outer loop
      vertex 31.0304 -26.9259 7.6
      vertex 31.1246 -26.7721 6
      vertex 31.1246 -26.7721 7.6
    endloop
  endfacet
  facet normal 0.852761 -0.522302 0
    outer loop
      vertex 31.1246 -26.7721 6
      vertex 31.0304 -26.9259 7.6
      vertex 31.0304 -26.9259 6
    endloop
  endfacet
  facet normal 0.649239 -0.760585 0
    outer loop
      vertex 30.7759 -27.1804 6
      vertex 30.9132 -27.0632 7.6
      vertex 30.7759 -27.1804 7.6
    endloop
  endfacet
  facet normal 0.649239 -0.760585 0
    outer loop
      vertex 30.9132 -27.0632 7.6
      vertex 30.7759 -27.1804 6
      vertex 30.9132 -27.0632 6
    endloop
  endfacet
  facet normal 0.92378 -0.382923 0
    outer loop
      vertex 31.1246 -26.7721 7.6
      vertex 31.1937 -26.6054 6
      vertex 31.1937 -26.6054 7.6
    endloop
  endfacet
  facet normal 0.92378 -0.382923 0
    outer loop
      vertex 31.1937 -26.6054 6
      vertex 31.1246 -26.7721 7.6
      vertex 31.1246 -26.7721 6
    endloop
  endfacet
  facet normal 0.350251 -0.847509 0.398813
    outer loop
      vertex 30.4 -27.1055 8.96697
      vertex 30.4859 -27.0074 9.1
      vertex 30.4 -27.0429 9.1
    endloop
  endfacet
  facet normal 0.350312 -0.847504 0.39877
    outer loop
      vertex 30.4859 -27.0074 9.1
      vertex 30.4 -27.1055 8.96697
      vertex 30.781 -27.5865 7.61
    endloop
  endfacet
  facet normal -0.891719 0.213985 0.398808
    outer loop
      vertex 29.2916 -25.9874 9.1
      vertex 28.6185 -26.0154 7.61
      vertex 29.2605 -26.117 9.1
    endloop
  endfacet
  facet normal 0.522532 -0.85262 0
    outer loop
      vertex 30.781 -27.5865 7.6
      vertex 30.9817 -27.4635 7.61
      vertex 30.781 -27.5865 7.61
    endloop
  endfacet
  facet normal 0.522532 -0.85262 0
    outer loop
      vertex 30.9817 -27.4635 7.61
      vertex 30.781 -27.5865 7.6
      vertex 30.9817 -27.4635 7.6
    endloop
  endfacet
  facet normal 0.479184 -0.781888 0.398791
    outer loop
      vertex 30.9817 -27.4635 7.61
      vertex 30.4859 -27.0074 9.1
      vertex 30.781 -27.5865 7.61
    endloop
  endfacet
  facet normal 0.781888 -0.479184 0.398791
    outer loop
      vertex 31.4365 -26.931 7.61
      vertex 30.8574 -26.6359 9.1
      vertex 31.3135 -27.1317 7.61
    endloop
  endfacet
  facet normal 0.595926 -0.696965 0.398887
    outer loop
      vertex 30.701 -26.851 9.1
      vertex 30.5996 -26.9377 9.1
      vertex 31.1607 -27.3107 7.61
    endloop
  endfacet
  facet normal -0.847418 0.350514 0.398776
    outer loop
      vertex 29.3426 -25.8641 9.1
      vertex 28.7635 -25.569 7.61
      vertex 29.2916 -25.9874 9.1
    endloop
  endfacet
  facet normal -0.233148 -0.972441 0
    outer loop
      vertex 29.6365 -27.6766 7.6
      vertex 29.8 -27.7158 7.61
      vertex 29.6365 -27.6766 7.61
    endloop
  endfacet
  facet normal -0.233148 -0.972441 -0
    outer loop
      vertex 29.8 -27.7158 7.61
      vertex 29.6365 -27.6766 7.6
      vertex 29.8 -27.7158 7.6
    endloop
  endfacet
  facet normal 0.382714 -0.923867 0
    outer loop
      vertex 30.5635 -27.6766 7.6
      vertex 30.781 -27.5865 7.61
      vertex 30.5635 -27.6766 7.61
    endloop
  endfacet
  facet normal 0.382714 -0.923867 0
    outer loop
      vertex 30.781 -27.5865 7.61
      vertex 30.5635 -27.6766 7.6
      vertex 30.781 -27.5865 7.6
    endloop
  endfacet
  facet normal 0.350956 -0.847202 0.398847
    outer loop
      vertex 30.781 -27.5865 7.61
      vertex 30.4 -27.1733 8.82294
      vertex 30.5635 -27.6766 7.61
    endloop
  endfacet
  facet normal 0.350851 -0.847253 0.398832
    outer loop
      vertex 30.4 -27.1733 8.82294
      vertex 30.781 -27.5865 7.61
      vertex 30.4 -27.1055 8.96697
    endloop
  endfacet
  facet normal -0.350851 -0.847253 0.398832
    outer loop
      vertex 29.419 -27.5865 7.61
      vertex 29.8 -27.1733 8.82294
      vertex 29.8 -27.1055 8.96697
    endloop
  endfacet
  facet normal -0.350956 -0.847202 0.398847
    outer loop
      vertex 29.8 -27.1733 8.82294
      vertex 29.419 -27.5865 7.61
      vertex 29.6365 -27.6766 7.61
    endloop
  endfacet
  facet normal -0.89174 -0.213877 0.39882
    outer loop
      vertex 29.2916 -26.5126 9.1
      vertex 28.6185 -26.4846 7.61
      vertex 28.6734 -26.7135 7.61
    endloop
  endfacet
  facet normal 0.781888 0.479184 0.398791
    outer loop
      vertex 31.3135 -25.3683 7.61
      vertex 30.8574 -25.8641 9.1
      vertex 31.4365 -25.569 7.61
    endloop
  endfacet
  facet normal 0.706208 0.708005 0
    outer loop
      vertex 31.1607 -25.1893 7.61
      vertex 31.1213 -25.15 7.6
      vertex 31.1213 -25.15 7.61
    endloop
  endfacet
  facet normal 0.706208 0.708005 0
    outer loop
      vertex 31.1213 -25.15 7.6
      vertex 31.1607 -25.1893 7.61
      vertex 31.1607 -25.1893 7.6
    endloop
  endfacet
  facet normal 0.923867 -0.382714 0
    outer loop
      vertex 31.4365 -26.931 7.61
      vertex 31.5266 -26.7135 7.6
      vertex 31.5266 -26.7135 7.61
    endloop
  endfacet
  facet normal 0.923867 -0.382714 0
    outer loop
      vertex 31.5266 -26.7135 7.6
      vertex 31.4365 -26.931 7.61
      vertex 31.4365 -26.931 7.6
    endloop
  endfacet
  facet normal 0.648242 0.648027 0.399803
    outer loop
      vertex 30.701 -25.649 9.1
      vertex 30.4 -25.1581 8.79236
      vertex 30.4 -25.3479 9.1
    endloop
  endfacet
  facet normal 0.648161 0.648043 0.399909
    outer loop
      vertex 30.4 -25.1581 8.79236
      vertex 30.701 -25.649 9.1
      vertex 31.1607 -25.1893 7.61
    endloop
  endfacet
  facet normal -0.697472 0.595384 0.39881
    outer loop
      vertex 29.0393 -25.1893 7.61
      vertex 28.8865 -25.3683 7.61
      vertex 29.4123 -25.7504 9.1
    endloop
  endfacet
  facet normal 0.213801 -0.891747 0.398843
    outer loop
      vertex 30.4 -27.1733 8.82294
      vertex 30.4 -27.7158 7.61
      vertex 30.5635 -27.6766 7.61
    endloop
  endfacet
  facet normal -0.64925 -0.760575 0
    outer loop
      vertex 29.0393 -27.3107 7.6
      vertex 29.2183 -27.4635 7.61
      vertex 29.0393 -27.3107 7.61
    endloop
  endfacet
  facet normal -0.64925 -0.760575 -0
    outer loop
      vertex 29.2183 -27.4635 7.61
      vertex 29.0393 -27.3107 7.6
      vertex 29.2183 -27.4635 7.6
    endloop
  endfacet
  facet normal -0.350251 -0.847509 0.398813
    outer loop
      vertex 29.7141 -27.0074 9.1
      vertex 29.8 -27.1055 8.96697
      vertex 29.8 -27.0429 9.1
    endloop
  endfacet
  facet normal -0.350312 -0.847504 0.39877
    outer loop
      vertex 29.8 -27.1055 8.96697
      vertex 29.7141 -27.0074 9.1
      vertex 29.419 -27.5865 7.61
    endloop
  endfacet
  facet normal -0.595926 -0.696965 0.398887
    outer loop
      vertex 29.499 -26.851 9.1
      vertex 29.0393 -27.3107 7.61
      vertex 29.6004 -26.9377 9.1
    endloop
  endfacet
  facet normal -0.781827 -0.479273 0.398802
    outer loop
      vertex 29.3426 -26.6359 9.1
      vertex 28.8865 -27.1317 7.61
      vertex 29.4123 -26.7496 9.1
    endloop
  endfacet
  facet normal -0.697472 -0.595384 0.39881
    outer loop
      vertex 29.4123 -26.7496 9.1
      vertex 28.8865 -27.1317 7.61
      vertex 29.0393 -27.3107 7.61
    endloop
  endfacet
  facet normal -0.479184 -0.781888 0.398791
    outer loop
      vertex 29.7141 -27.0074 9.1
      vertex 29.2183 -27.4635 7.61
      vertex 29.419 -27.5865 7.61
    endloop
  endfacet
  facet normal -0.914193 -0.0720911 0.398816
    outer loop
      vertex 29.2605 -26.383 9.1
      vertex 28.6 -26.25 7.61
      vertex 28.6185 -26.4846 7.61
    endloop
  endfacet
  facet normal -0.891719 -0.213985 0.398808
    outer loop
      vertex 29.2605 -26.383 9.1
      vertex 28.6185 -26.4846 7.61
      vertex 29.2916 -26.5126 9.1
    endloop
  endfacet
  facet normal -0 0 1
    outer loop
      vertex 29.499 -25.649 9.1
      vertex 29.8 -27.0429 9.1
      vertex 29.8 -25.3479 9.1
    endloop
  endfacet
  facet normal -0 -0 1
    outer loop
      vertex 29.6004 -26.9377 9.1
      vertex 29.8 -27.0429 9.1
      vertex 29.499 -25.649 9.1
    endloop
  endfacet
  facet normal 0 0 1
    outer loop
      vertex 29.8 -27.0429 9.1
      vertex 29.6004 -26.9377 9.1
      vertex 29.7141 -27.0074 9.1
    endloop
  endfacet
  facet normal 0 0 1
    outer loop
      vertex 29.499 -25.649 9.1
      vertex 29.499 -26.851 9.1
      vertex 29.6004 -26.9377 9.1
    endloop
  endfacet
  facet normal -0 0 1
    outer loop
      vertex 29.4123 -25.7504 9.1
      vertex 29.499 -26.851 9.1
      vertex 29.499 -25.649 9.1
    endloop
  endfacet
  facet normal 0 0 1
    outer loop
      vertex 29.4123 -25.7504 9.1
      vertex 29.4123 -26.7496 9.1
      vertex 29.499 -26.851 9.1
    endloop
  endfacet
  facet normal -0 0 1
    outer loop
      vertex 29.3426 -25.8641 9.1
      vertex 29.4123 -26.7496 9.1
      vertex 29.4123 -25.7504 9.1
    endloop
  endfacet
  facet normal 0 0 1
    outer loop
      vertex 29.3426 -25.8641 9.1
      vertex 29.3426 -26.6359 9.1
      vertex 29.4123 -26.7496 9.1
    endloop
  endfacet
  facet normal -0 0 1
    outer loop
      vertex 29.2916 -25.9874 9.1
      vertex 29.3426 -26.6359 9.1
      vertex 29.3426 -25.8641 9.1
    endloop
  endfacet
  facet normal 0 0 1
    outer loop
      vertex 29.2916 -25.9874 9.1
      vertex 29.2916 -26.5126 9.1
      vertex 29.3426 -26.6359 9.1
    endloop
  endfacet
  facet normal -0 0 1
    outer loop
      vertex 29.2605 -26.117 9.1
      vertex 29.2916 -26.5126 9.1
      vertex 29.2916 -25.9874 9.1
    endloop
  endfacet
  facet normal 0 0 1
    outer loop
      vertex 29.2605 -26.117 9.1
      vertex 29.2605 -26.383 9.1
      vertex 29.2916 -26.5126 9.1
    endloop
  endfacet
  facet normal 0 -0 1
    outer loop
      vertex 29.2605 -26.383 9.1
      vertex 29.2605 -26.117 9.1
      vertex 29.25 -26.25 9.1
    endloop
  endfacet
  facet normal 0 0 1
    outer loop
      vertex 30.9395 -26.117 9.1
      vertex 30.9395 -26.383 9.1
      vertex 30.95 -26.25 9.1
    endloop
  endfacet
  facet normal 0 0 1
    outer loop
      vertex 30.9084 -25.9874 9.1
      vertex 30.9395 -26.383 9.1
      vertex 30.9395 -26.117 9.1
    endloop
  endfacet
  facet normal 0 0 1
    outer loop
      vertex 30.9084 -25.9874 9.1
      vertex 30.9084 -26.5126 9.1
      vertex 30.9395 -26.383 9.1
    endloop
  endfacet
  facet normal 0 0 1
    outer loop
      vertex 30.8574 -25.8641 9.1
      vertex 30.9084 -26.5126 9.1
      vertex 30.9084 -25.9874 9.1
    endloop
  endfacet
  facet normal 0 0 1
    outer loop
      vertex 30.8574 -25.8641 9.1
      vertex 30.8574 -26.6359 9.1
      vertex 30.9084 -26.5126 9.1
    endloop
  endfacet
  facet normal 0 0 1
    outer loop
      vertex 30.7877 -25.7504 9.1
      vertex 30.8574 -26.6359 9.1
      vertex 30.8574 -25.8641 9.1
    endloop
  endfacet
  facet normal 0 0 1
    outer loop
      vertex 30.7877 -25.7504 9.1
      vertex 30.7877 -26.7496 9.1
      vertex 30.8574 -26.6359 9.1
    endloop
  endfacet
  facet normal 0 0 1
    outer loop
      vertex 30.701 -25.649 9.1
      vertex 30.7877 -26.7496 9.1
      vertex 30.7877 -25.7504 9.1
    endloop
  endfacet
  facet normal 0 0 1
    outer loop
      vertex 30.701 -25.649 9.1
      vertex 30.701 -26.851 9.1
      vertex 30.7877 -26.7496 9.1
    endloop
  endfacet
  facet normal 0 0 1
    outer loop
      vertex 30.701 -25.649 9.1
      vertex 30.5996 -26.9377 9.1
      vertex 30.701 -26.851 9.1
    endloop
  endfacet
  facet normal 0 0 1
    outer loop
      vertex 30.4 -27.0429 9.1
      vertex 30.5996 -26.9377 9.1
      vertex 30.701 -25.649 9.1
    endloop
  endfacet
  facet normal 0 0 1
    outer loop
      vertex 30.4 -27.0429 9.1
      vertex 30.701 -25.649 9.1
      vertex 30.4 -25.3479 9.1
    endloop
  endfacet
  facet normal 0 0 1
    outer loop
      vertex 30.5996 -26.9377 9.1
      vertex 30.4 -27.0429 9.1
      vertex 30.4859 -27.0074 9.1
    endloop
  endfacet
  facet normal -0.914193 0.0720911 0.398816
    outer loop
      vertex 28.6185 -26.0154 7.61
      vertex 28.6 -26.25 7.61
      vertex 29.2605 -26.117 9.1
    endloop
  endfacet
  facet normal -0.760575 0.64925 0
    outer loop
      vertex 28.8865 -25.3683 7.6
      vertex 29.0393 -25.1893 7.61
      vertex 29.0393 -25.1893 7.6
    endloop
  endfacet
  facet normal -0.760575 0.64925 0
    outer loop
      vertex 29.0393 -25.1893 7.61
      vertex 28.8865 -25.3683 7.6
      vertex 28.8865 -25.3683 7.61
    endloop
  endfacet
  facet normal -0.64743 0.649078 0.399415
    outer loop
      vertex 29.0393 -25.1893 7.61
      vertex 29.8 -25.15 8.77919
      vertex 29.0787 -25.15 7.61
    endloop
  endfacet
  facet normal -0.647297 0.649267 0.399322
    outer loop
      vertex 29.8 -25.15 8.77919
      vertex 29.0393 -25.1893 7.61
      vertex 29.8 -25.1581 8.79236
    endloop
  endfacet
  facet normal -0.972422 0.233228 0
    outer loop
      vertex 28.6185 -26.0154 7.6
      vertex 28.6734 -25.7865 7.61
      vertex 28.6734 -25.7865 7.6
    endloop
  endfacet
  facet normal -0.972422 0.233228 0
    outer loop
      vertex 28.6734 -25.7865 7.61
      vertex 28.6185 -26.0154 7.6
      vertex 28.6185 -26.0154 7.61
    endloop
  endfacet
  facet normal -0.972422 -0.233228 0
    outer loop
      vertex 28.6734 -26.7135 7.6
      vertex 28.6185 -26.4846 7.61
      vertex 28.6185 -26.4846 7.6
    endloop
  endfacet
  facet normal -0.972422 -0.233228 0
    outer loop
      vertex 28.6185 -26.4846 7.61
      vertex 28.6734 -26.7135 7.6
      vertex 28.6734 -26.7135 7.61
    endloop
  endfacet
  facet normal 0.647297 0.649267 0.399322
    outer loop
      vertex 31.1607 -25.1893 7.61
      vertex 30.4 -25.15 8.77919
      vertex 30.4 -25.1581 8.79236
    endloop
  endfacet
  facet normal 0.64743 0.649078 0.399415
    outer loop
      vertex 30.4 -25.15 8.77919
      vertex 31.1607 -25.1893 7.61
      vertex 31.1213 -25.15 7.61
    endloop
  endfacet
  facet normal 0.760575 0.64925 0
    outer loop
      vertex 31.3135 -25.3683 7.61
      vertex 31.1607 -25.1893 7.6
      vertex 31.1607 -25.1893 7.61
    endloop
  endfacet
  facet normal 0.760575 0.64925 0
    outer loop
      vertex 31.1607 -25.1893 7.6
      vertex 31.3135 -25.3683 7.61
      vertex 31.3135 -25.3683 7.6
    endloop
  endfacet
  facet normal 0.595384 -0.697472 0.39881
    outer loop
      vertex 31.1607 -27.3107 7.61
      vertex 30.5996 -26.9377 9.1
      vertex 30.9817 -27.4635 7.61
    endloop
  endfacet
  facet normal 0.84721 0.350959 0.398827
    outer loop
      vertex 31.4365 -25.569 7.61
      vertex 30.9084 -25.9874 9.1
      vertex 31.5266 -25.7865 7.61
    endloop
  endfacet
  facet normal 0.696965 0.595926 0.398887
    outer loop
      vertex 31.1607 -25.1893 7.61
      vertex 30.701 -25.649 9.1
      vertex 30.7877 -25.7504 9.1
    endloop
  endfacet
  facet normal -0.85262 0.522532 0
    outer loop
      vertex 28.7635 -25.569 7.6
      vertex 28.8865 -25.3683 7.61
      vertex 28.8865 -25.3683 7.6
    endloop
  endfacet
  facet normal -0.85262 0.522532 0
    outer loop
      vertex 28.8865 -25.3683 7.61
      vertex 28.7635 -25.569 7.6
      vertex 28.7635 -25.569 7.61
    endloop
  endfacet
  facet normal -0.382714 -0.923867 0
    outer loop
      vertex 29.419 -27.5865 7.6
      vertex 29.6365 -27.6766 7.61
      vertex 29.419 -27.5865 7.61
    endloop
  endfacet
  facet normal -0.382714 -0.923867 -0
    outer loop
      vertex 29.6365 -27.6766 7.61
      vertex 29.419 -27.5865 7.6
      vertex 29.6365 -27.6766 7.6
    endloop
  endfacet
  facet normal -0.85262 -0.522532 0
    outer loop
      vertex 28.8865 -27.1317 7.6
      vertex 28.7635 -26.931 7.61
      vertex 28.7635 -26.931 7.6
    endloop
  endfacet
  facet normal -0.85262 -0.522532 0
    outer loop
      vertex 28.7635 -26.931 7.61
      vertex 28.8865 -27.1317 7.6
      vertex 28.8865 -27.1317 7.61
    endloop
  endfacet
  facet normal -0.781888 -0.479184 0.398791
    outer loop
      vertex 29.3426 -26.6359 9.1
      vertex 28.7635 -26.931 7.61
      vertex 28.8865 -27.1317 7.61
    endloop
  endfacet
  facet normal -0.696965 -0.595926 0.398887
    outer loop
      vertex 29.4123 -26.7496 9.1
      vertex 29.0393 -27.3107 7.61
      vertex 29.499 -26.851 9.1
    endloop
  endfacet
  facet normal -0.760575 -0.64925 0
    outer loop
      vertex 29.0393 -27.3107 7.6
      vertex 28.8865 -27.1317 7.61
      vertex 28.8865 -27.1317 7.6
    endloop
  endfacet
  facet normal -0.760575 -0.64925 0
    outer loop
      vertex 28.8865 -27.1317 7.61
      vertex 29.0393 -27.3107 7.6
      vertex 29.0393 -27.3107 7.61
    endloop
  endfacet
  facet normal -0.91419 0.0721729 0.398808
    outer loop
      vertex 29.2605 -26.117 9.1
      vertex 28.6 -26.25 7.61
      vertex 29.25 -26.25 9.1
    endloop
  endfacet
  facet normal -0.91419 -0.0721729 0.398808
    outer loop
      vertex 29.25 -26.25 9.1
      vertex 28.6 -26.25 7.61
      vertex 29.2605 -26.383 9.1
    endloop
  endfacet
  facet normal -0.84721 -0.350959 0.398827
    outer loop
      vertex 29.2916 -26.5126 9.1
      vertex 28.6734 -26.7135 7.61
      vertex 28.7635 -26.931 7.61
    endloop
  endfacet
  facet normal -0.847418 -0.350514 0.398776
    outer loop
      vertex 29.2916 -26.5126 9.1
      vertex 28.7635 -26.931 7.61
      vertex 29.3426 -26.6359 9.1
    endloop
  endfacet
  facet normal -0.84721 0.350959 0.398827
    outer loop
      vertex 28.7635 -25.569 7.61
      vertex 28.6734 -25.7865 7.61
      vertex 29.2916 -25.9874 9.1
    endloop
  endfacet
  facet normal -0.89174 0.213877 0.39882
    outer loop
      vertex 28.6734 -25.7865 7.61
      vertex 28.6185 -26.0154 7.61
      vertex 29.2916 -25.9874 9.1
    endloop
  endfacet
  facet normal -0.923867 0.382714 0
    outer loop
      vertex 28.6734 -25.7865 7.6
      vertex 28.7635 -25.569 7.61
      vertex 28.7635 -25.569 7.6
    endloop
  endfacet
  facet normal -0.923867 0.382714 0
    outer loop
      vertex 28.7635 -25.569 7.61
      vertex 28.6734 -25.7865 7.6
      vertex 28.6734 -25.7865 7.61
    endloop
  endfacet
  facet normal -0.996905 -0.0786136 0
    outer loop
      vertex 28.6185 -26.4846 7.6
      vertex 28.6 -26.25 7.61
      vertex 28.6 -26.25 7.6
    endloop
  endfacet
  facet normal -0.996905 -0.0786136 0
    outer loop
      vertex 28.6 -26.25 7.61
      vertex 28.6185 -26.4846 7.6
      vertex 28.6185 -26.4846 7.61
    endloop
  endfacet
  facet normal -0.996905 0.0786136 0
    outer loop
      vertex 28.6 -26.25 7.6
      vertex 28.6185 -26.0154 7.61
      vertex 28.6185 -26.0154 7.6
    endloop
  endfacet
  facet normal -0.996905 0.0786136 0
    outer loop
      vertex 28.6185 -26.0154 7.61
      vertex 28.6 -26.25 7.6
      vertex 28.6 -26.25 7.61
    endloop
  endfacet
  facet normal -0.923867 -0.382714 0
    outer loop
      vertex 28.7635 -26.931 7.6
      vertex 28.6734 -26.7135 7.61
      vertex 28.6734 -26.7135 7.6
    endloop
  endfacet
  facet normal -0.923867 -0.382714 0
    outer loop
      vertex 28.6734 -26.7135 7.61
      vertex 28.7635 -26.931 7.6
      vertex 28.7635 -26.931 7.61
    endloop
  endfacet
  facet normal 0.972422 -0.233228 0
    outer loop
      vertex 31.5266 -26.7135 7.61
      vertex 31.5815 -26.4846 7.6
      vertex 31.5815 -26.4846 7.61
    endloop
  endfacet
  facet normal 0.972422 -0.233228 0
    outer loop
      vertex 31.5815 -26.4846 7.6
      vertex 31.5266 -26.7135 7.61
      vertex 31.5266 -26.7135 7.6
    endloop
  endfacet
  facet normal 0.914193 -0.0720911 0.398816
    outer loop
      vertex 31.6 -26.25 7.61
      vertex 30.9395 -26.383 9.1
      vertex 31.5815 -26.4846 7.61
    endloop
  endfacet
  facet normal 0.697472 0.595384 0.39881
    outer loop
      vertex 31.1607 -25.1893 7.61
      vertex 30.7877 -25.7504 9.1
      vertex 31.3135 -25.3683 7.61
    endloop
  endfacet
  facet normal 0.891719 0.213985 0.398808
    outer loop
      vertex 31.5815 -26.0154 7.61
      vertex 30.9084 -25.9874 9.1
      vertex 30.9395 -26.117 9.1
    endloop
  endfacet
  facet normal -0.696965 0.595926 0.398887
    outer loop
      vertex 29.499 -25.649 9.1
      vertex 29.0393 -25.1893 7.61
      vertex 29.4123 -25.7504 9.1
    endloop
  endfacet
  facet normal -0.648161 0.648043 0.399909
    outer loop
      vertex 29.499 -25.649 9.1
      vertex 29.8 -25.1581 8.79236
      vertex 29.0393 -25.1893 7.61
    endloop
  endfacet
  facet normal -0.648242 0.648027 0.399803
    outer loop
      vertex 29.8 -25.1581 8.79236
      vertex 29.499 -25.649 9.1
      vertex 29.8 -25.3479 9.1
    endloop
  endfacet
  facet normal -0.706208 0.708005 0
    outer loop
      vertex 29.0393 -25.1893 7.6
      vertex 29.0787 -25.15 7.61
      vertex 29.0787 -25.15 7.6
    endloop
  endfacet
  facet normal -0.706208 0.708005 0
    outer loop
      vertex 29.0787 -25.15 7.61
      vertex 29.0393 -25.1893 7.6
      vertex 29.0393 -25.1893 7.61
    endloop
  endfacet
  facet normal -0.213801 -0.891747 0.398843
    outer loop
      vertex 29.8 -27.1733 8.82294
      vertex 29.6365 -27.6766 7.61
      vertex 29.8 -27.7158 7.61
    endloop
  endfacet
  facet normal -0.479273 -0.781827 0.398802
    outer loop
      vertex 29.6004 -26.9377 9.1
      vertex 29.2183 -27.4635 7.61
      vertex 29.7141 -27.0074 9.1
    endloop
  endfacet
  facet normal -0.595384 -0.697472 0.39881
    outer loop
      vertex 29.6004 -26.9377 9.1
      vertex 29.0393 -27.3107 7.61
      vertex 29.2183 -27.4635 7.61
    endloop
  endfacet
  facet normal -0.781827 0.479273 0.398802
    outer loop
      vertex 29.4123 -25.7504 9.1
      vertex 28.8865 -25.3683 7.61
      vertex 29.3426 -25.8641 9.1
    endloop
  endfacet
  facet normal -0.781888 0.479184 0.398791
    outer loop
      vertex 28.8865 -25.3683 7.61
      vertex 28.7635 -25.569 7.61
      vertex 29.3426 -25.8641 9.1
    endloop
  endfacet
  facet normal 0.760575 -0.64925 0
    outer loop
      vertex 31.1607 -27.3107 7.61
      vertex 31.3135 -27.1317 7.6
      vertex 31.3135 -27.1317 7.61
    endloop
  endfacet
  facet normal 0.760575 -0.64925 0
    outer loop
      vertex 31.3135 -27.1317 7.6
      vertex 31.1607 -27.3107 7.61
      vertex 31.1607 -27.3107 7.6
    endloop
  endfacet
  facet normal 0.479273 -0.781827 0.398802
    outer loop
      vertex 30.5996 -26.9377 9.1
      vertex 30.4859 -27.0074 9.1
      vertex 30.9817 -27.4635 7.61
    endloop
  endfacet
  facet normal 0.84721 -0.350959 0.398827
    outer loop
      vertex 31.5266 -26.7135 7.61
      vertex 30.9084 -26.5126 9.1
      vertex 31.4365 -26.931 7.61
    endloop
  endfacet
  facet normal 0.89174 -0.213877 0.39882
    outer loop
      vertex 31.5815 -26.4846 7.61
      vertex 30.9084 -26.5126 9.1
      vertex 31.5266 -26.7135 7.61
    endloop
  endfacet
  facet normal 0.914193 0.0720911 0.398816
    outer loop
      vertex 31.5815 -26.0154 7.61
      vertex 30.9395 -26.117 9.1
      vertex 31.6 -26.25 7.61
    endloop
  endfacet
  facet normal 0.781827 0.479273 0.398802
    outer loop
      vertex 31.3135 -25.3683 7.61
      vertex 30.7877 -25.7504 9.1
      vertex 30.8574 -25.8641 9.1
    endloop
  endfacet
  facet normal 0.847418 0.350514 0.398776
    outer loop
      vertex 31.4365 -25.569 7.61
      vertex 30.8574 -25.8641 9.1
      vertex 30.9084 -25.9874 9.1
    endloop
  endfacet
  facet normal 0.233148 -0.972441 0
    outer loop
      vertex 30.4 -27.7158 7.6
      vertex 30.5635 -27.6766 7.61
      vertex 30.4 -27.7158 7.61
    endloop
  endfacet
  facet normal 0.233148 -0.972441 0
    outer loop
      vertex 30.5635 -27.6766 7.61
      vertex 30.4 -27.7158 7.6
      vertex 30.5635 -27.6766 7.6
    endloop
  endfacet
  facet normal -0.522532 -0.85262 0
    outer loop
      vertex 29.2183 -27.4635 7.6
      vertex 29.419 -27.5865 7.61
      vertex 29.2183 -27.4635 7.61
    endloop
  endfacet
  facet normal -0.522532 -0.85262 -0
    outer loop
      vertex 29.419 -27.5865 7.61
      vertex 29.2183 -27.4635 7.6
      vertex 29.419 -27.5865 7.6
    endloop
  endfacet
  facet normal 0.64925 -0.760575 0
    outer loop
      vertex 30.9817 -27.4635 7.6
      vertex 31.1607 -27.3107 7.61
      vertex 30.9817 -27.4635 7.61
    endloop
  endfacet
  facet normal 0.64925 -0.760575 0
    outer loop
      vertex 31.1607 -27.3107 7.61
      vertex 30.9817 -27.4635 7.6
      vertex 31.1607 -27.3107 7.6
    endloop
  endfacet
  facet normal 0.781827 -0.479273 0.398802
    outer loop
      vertex 30.8574 -26.6359 9.1
      vertex 30.7877 -26.7496 9.1
      vertex 31.3135 -27.1317 7.61
    endloop
  endfacet
  facet normal 0.697472 -0.595384 0.39881
    outer loop
      vertex 31.3135 -27.1317 7.61
      vertex 30.7877 -26.7496 9.1
      vertex 31.1607 -27.3107 7.61
    endloop
  endfacet
  facet normal 0.696965 -0.595926 0.398887
    outer loop
      vertex 30.7877 -26.7496 9.1
      vertex 30.701 -26.851 9.1
      vertex 31.1607 -27.3107 7.61
    endloop
  endfacet
  facet normal 0.891719 -0.213985 0.398808
    outer loop
      vertex 30.9395 -26.383 9.1
      vertex 30.9084 -26.5126 9.1
      vertex 31.5815 -26.4846 7.61
    endloop
  endfacet
  facet normal 0.847418 -0.350514 0.398776
    outer loop
      vertex 30.9084 -26.5126 9.1
      vertex 30.8574 -26.6359 9.1
      vertex 31.4365 -26.931 7.61
    endloop
  endfacet
  facet normal 0.91419 -0.0721729 0.398808
    outer loop
      vertex 30.95 -26.25 9.1
      vertex 30.9395 -26.383 9.1
      vertex 31.6 -26.25 7.61
    endloop
  endfacet
  facet normal 0.91419 0.0721729 0.398808
    outer loop
      vertex 31.6 -26.25 7.61
      vertex 30.9395 -26.117 9.1
      vertex 30.95 -26.25 9.1
    endloop
  endfacet
  facet normal 0.996905 0.0786136 0
    outer loop
      vertex 31.6 -26.25 7.61
      vertex 31.5815 -26.0154 7.6
      vertex 31.5815 -26.0154 7.61
    endloop
  endfacet
  facet normal 0.996905 0.0786136 0
    outer loop
      vertex 31.5815 -26.0154 7.6
      vertex 31.6 -26.25 7.61
      vertex 31.6 -26.25 7.6
    endloop
  endfacet
  facet normal 0.996905 -0.0786136 0
    outer loop
      vertex 31.5815 -26.4846 7.61
      vertex 31.6 -26.25 7.6
      vertex 31.6 -26.25 7.61
    endloop
  endfacet
  facet normal 0.996905 -0.0786136 0
    outer loop
      vertex 31.6 -26.25 7.6
      vertex 31.5815 -26.4846 7.61
      vertex 31.5815 -26.4846 7.6
    endloop
  endfacet
  facet normal 0.85262 0.522532 0
    outer loop
      vertex 31.4365 -25.569 7.61
      vertex 31.3135 -25.3683 7.6
      vertex 31.3135 -25.3683 7.61
    endloop
  endfacet
  facet normal 0.85262 0.522532 0
    outer loop
      vertex 31.3135 -25.3683 7.6
      vertex 31.4365 -25.569 7.61
      vertex 31.4365 -25.569 7.6
    endloop
  endfacet
  facet normal 0.89174 0.213877 0.39882
    outer loop
      vertex 31.5266 -25.7865 7.61
      vertex 30.9084 -25.9874 9.1
      vertex 31.5815 -26.0154 7.61
    endloop
  endfacet
  facet normal 0.923867 0.382714 0
    outer loop
      vertex 31.5266 -25.7865 7.61
      vertex 31.4365 -25.569 7.6
      vertex 31.4365 -25.569 7.61
    endloop
  endfacet
  facet normal 0.923867 0.382714 0
    outer loop
      vertex 31.4365 -25.569 7.6
      vertex 31.5266 -25.7865 7.61
      vertex 31.5266 -25.7865 7.6
    endloop
  endfacet
  facet normal 0.972422 0.233228 0
    outer loop
      vertex 31.5815 -26.0154 7.61
      vertex 31.5266 -25.7865 7.6
      vertex 31.5266 -25.7865 7.61
    endloop
  endfacet
  facet normal 0.972422 0.233228 0
    outer loop
      vertex 31.5266 -25.7865 7.6
      vertex 31.5815 -26.0154 7.61
      vertex 31.5815 -26.0154 7.6
    endloop
  endfacet
  facet normal 0.85262 -0.522532 0
    outer loop
      vertex 31.3135 -27.1317 7.61
      vertex 31.4365 -26.931 7.6
      vertex 31.4365 -26.931 7.61
    endloop
  endfacet
  facet normal 0.85262 -0.522532 0
    outer loop
      vertex 31.4365 -26.931 7.6
      vertex 31.3135 -27.1317 7.61
      vertex 31.3135 -27.1317 7.6
    endloop
  endfacet
  facet normal 0.996913 0.0785092 0
    outer loop
      vertex 32.6 -26.25 6
      vertex 32.5692 -25.8589 2
      vertex 32.5692 -25.8589 6
    endloop
  endfacet
  facet normal 0.996913 0.0785092 0
    outer loop
      vertex 32.5692 -25.8589 2
      vertex 32.6 -26.25 6
      vertex 32.6 -26.25 2
    endloop
  endfacet
  facet normal -0.996913 0.0785092 0
    outer loop
      vertex 27.6 -26.25 2
      vertex 27.6308 -25.8589 6
      vertex 27.6308 -25.8589 2
    endloop
  endfacet
  facet normal -0.996913 0.0785092 0
    outer loop
      vertex 27.6308 -25.8589 6
      vertex 27.6 -26.25 2
      vertex 27.6 -26.25 6
    endloop
  endfacet
  facet normal 0.0787883 0.996891 0
    outer loop
      vertex 30.4911 -23.7808 6
      vertex 30.4 -23.7736 3
      vertex 30.4 -23.7736 6
    endloop
  endfacet
  facet normal 0.0787883 0.996891 -0
    outer loop
      vertex 30.4911 -23.7808 2
      vertex 30.4 -23.7736 3
      vertex 30.4911 -23.7808 6
    endloop
  endfacet
  facet normal 0.0785092 0.996913 -2.55919e-05
    outer loop
      vertex 30.1 -23.75 2
      vertex 30.4 -23.7736 3
      vertex 30.4911 -23.7808 2
    endloop
  endfacet
  facet normal 0.0784244 0.99692 0
    outer loop
      vertex 30.4 -23.7736 3
      vertex 30.1 -23.75 2
      vertex 30.1 -23.75 3
    endloop
  endfacet
  facet normal -0.0787883 -0.996891 0
    outer loop
      vertex 29.7089 -28.7192 6
      vertex 29.8 -28.7264 3
      vertex 29.8 -28.7264 6
    endloop
  endfacet
  facet normal -0.0787883 -0.996891 0
    outer loop
      vertex 29.7089 -28.7192 2
      vertex 29.8 -28.7264 3
      vertex 29.7089 -28.7192 6
    endloop
  endfacet
  facet normal -0.0785092 -0.996913 -2.55919e-05
    outer loop
      vertex 30.1 -28.75 2
      vertex 29.8 -28.7264 3
      vertex 29.7089 -28.7192 2
    endloop
  endfacet
  facet normal -0.0784244 -0.99692 0
    outer loop
      vertex 29.8 -28.7264 3
      vertex 30.1 -28.75 2
      vertex 30.1 -28.75 3
    endloop
  endfacet
  facet normal -0.760497 -0.649342 0
    outer loop
      vertex 28.3322 -28.0178 2
      vertex 28.0775 -27.7195 6
      vertex 28.0775 -27.7195 2
    endloop
  endfacet
  facet normal -0.760497 -0.649342 0
    outer loop
      vertex 28.0775 -27.7195 6
      vertex 28.3322 -28.0178 2
      vertex 28.3322 -28.0178 6
    endloop
  endfacet
  facet normal 0.760497 0.649342 0
    outer loop
      vertex 32.1225 -24.7805 6
      vertex 31.8678 -24.4822 2
      vertex 31.8678 -24.4822 6
    endloop
  endfacet
  facet normal 0.760497 0.649342 0
    outer loop
      vertex 31.8678 -24.4822 2
      vertex 32.1225 -24.7805 6
      vertex 32.1225 -24.7805 2
    endloop
  endfacet
  facet normal -0.649342 0.760497 0
    outer loop
      vertex 28.6305 -24.2275 2
      vertex 28.3322 -24.4822 6
      vertex 28.6305 -24.2275 6
    endloop
  endfacet
  facet normal -0.649342 0.760497 0
    outer loop
      vertex 28.3322 -24.4822 6
      vertex 28.6305 -24.2275 2
      vertex 28.3322 -24.4822 2
    endloop
  endfacet
  facet normal -0.382569 0.923927 0
    outer loop
      vertex 29.3275 -23.8724 2
      vertex 28.965 -24.0225 6
      vertex 29.3275 -23.8724 6
    endloop
  endfacet
  facet normal -0.382569 0.923927 0
    outer loop
      vertex 28.965 -24.0225 6
      vertex 29.3275 -23.8724 2
      vertex 28.965 -24.0225 2
    endloop
  endfacet
  facet normal 0.923927 0.382569 0
    outer loop
      vertex 32.4776 -25.4775 6
      vertex 32.3275 -25.115 2
      vertex 32.3275 -25.115 6
    endloop
  endfacet
  facet normal 0.923927 0.382569 0
    outer loop
      vertex 32.3275 -25.115 2
      vertex 32.4776 -25.4775 6
      vertex 32.4776 -25.4775 2
    endloop
  endfacet
  facet normal 0.97235 0.233527 0
    outer loop
      vertex 32.5692 -25.8589 6
      vertex 32.4776 -25.4775 2
      vertex 32.4776 -25.4775 6
    endloop
  endfacet
  facet normal 0.97235 0.233527 0
    outer loop
      vertex 32.4776 -25.4775 2
      vertex 32.5692 -25.8589 6
      vertex 32.5692 -25.8589 2
    endloop
  endfacet
  facet normal 0.85262 0.522532 0
    outer loop
      vertex 32.3275 -25.115 6
      vertex 32.1225 -24.7805 2
      vertex 32.1225 -24.7805 6
    endloop
  endfacet
  facet normal 0.85262 0.522532 0
    outer loop
      vertex 32.1225 -24.7805 2
      vertex 32.3275 -25.115 6
      vertex 32.3275 -25.115 2
    endloop
  endfacet
  facet normal 0.522532 0.85262 -0
    outer loop
      vertex 31.5695 -24.2275 2
      vertex 31.235 -24.0225 6
      vertex 31.5695 -24.2275 6
    endloop
  endfacet
  facet normal 0.522532 0.85262 0
    outer loop
      vertex 31.235 -24.0225 6
      vertex 31.5695 -24.2275 2
      vertex 31.235 -24.0225 2
    endloop
  endfacet
  facet normal 0.382569 0.923927 -0
    outer loop
      vertex 31.235 -24.0225 2
      vertex 30.8725 -23.8724 6
      vertex 31.235 -24.0225 6
    endloop
  endfacet
  facet normal 0.382569 0.923927 0
    outer loop
      vertex 30.8725 -23.8724 6
      vertex 31.235 -24.0225 2
      vertex 30.8725 -23.8724 2
    endloop
  endfacet
  facet normal 0.649342 0.760497 -0
    outer loop
      vertex 31.8678 -24.4822 2
      vertex 31.5695 -24.2275 6
      vertex 31.8678 -24.4822 6
    endloop
  endfacet
  facet normal 0.649342 0.760497 0
    outer loop
      vertex 31.5695 -24.2275 6
      vertex 31.8678 -24.4822 2
      vertex 31.5695 -24.2275 2
    endloop
  endfacet
  facet normal -0.85262 0.522532 0
    outer loop
      vertex 27.8725 -25.115 2
      vertex 28.0775 -24.7805 6
      vertex 28.0775 -24.7805 2
    endloop
  endfacet
  facet normal -0.85262 0.522532 0
    outer loop
      vertex 28.0775 -24.7805 6
      vertex 27.8725 -25.115 2
      vertex 27.8725 -25.115 6
    endloop
  endfacet
  facet normal -0.760497 0.649342 0
    outer loop
      vertex 28.0775 -24.7805 2
      vertex 28.3322 -24.4822 6
      vertex 28.3322 -24.4822 2
    endloop
  endfacet
  facet normal -0.760497 0.649342 0
    outer loop
      vertex 28.3322 -24.4822 6
      vertex 28.0775 -24.7805 2
      vertex 28.0775 -24.7805 6
    endloop
  endfacet
  facet normal -0.923927 0.382569 0
    outer loop
      vertex 27.7224 -25.4775 2
      vertex 27.8725 -25.115 6
      vertex 27.8725 -25.115 2
    endloop
  endfacet
  facet normal -0.923927 0.382569 0
    outer loop
      vertex 27.8725 -25.115 6
      vertex 27.7224 -25.4775 2
      vertex 27.7224 -25.4775 6
    endloop
  endfacet
  facet normal -0.522532 0.85262 0
    outer loop
      vertex 28.965 -24.0225 2
      vertex 28.6305 -24.2275 6
      vertex 28.965 -24.0225 6
    endloop
  endfacet
  facet normal -0.522532 0.85262 0
    outer loop
      vertex 28.6305 -24.2275 6
      vertex 28.965 -24.0225 2
      vertex 28.6305 -24.2275 2
    endloop
  endfacet
  facet normal -0.233527 0.97235 0
    outer loop
      vertex 29.7089 -23.7808 2
      vertex 29.3275 -23.8724 6
      vertex 29.7089 -23.7808 6
    endloop
  endfacet
  facet normal -0.233527 0.97235 0
    outer loop
      vertex 29.3275 -23.8724 6
      vertex 29.7089 -23.7808 2
      vertex 29.3275 -23.8724 2
    endloop
  endfacet
  facet normal 0.522532 -0.85262 0
    outer loop
      vertex 31.235 -28.4775 2
      vertex 31.5695 -28.2725 6
      vertex 31.235 -28.4775 6
    endloop
  endfacet
  facet normal 0.522532 -0.85262 0
    outer loop
      vertex 31.5695 -28.2725 6
      vertex 31.235 -28.4775 2
      vertex 31.5695 -28.2725 2
    endloop
  endfacet
  facet normal -0.649342 -0.760497 0
    outer loop
      vertex 28.3322 -28.0178 2
      vertex 28.6305 -28.2725 6
      vertex 28.3322 -28.0178 6
    endloop
  endfacet
  facet normal -0.649342 -0.760497 -0
    outer loop
      vertex 28.6305 -28.2725 6
      vertex 28.3322 -28.0178 2
      vertex 28.6305 -28.2725 2
    endloop
  endfacet
  facet normal -0.382569 -0.923927 0
    outer loop
      vertex 28.965 -28.4775 2
      vertex 29.3275 -28.6276 6
      vertex 28.965 -28.4775 6
    endloop
  endfacet
  facet normal -0.382569 -0.923927 -0
    outer loop
      vertex 29.3275 -28.6276 6
      vertex 28.965 -28.4775 2
      vertex 29.3275 -28.6276 2
    endloop
  endfacet
  facet normal -0.85262 -0.522532 0
    outer loop
      vertex 28.0775 -27.7195 2
      vertex 27.8725 -27.385 6
      vertex 27.8725 -27.385 2
    endloop
  endfacet
  facet normal -0.85262 -0.522532 0
    outer loop
      vertex 27.8725 -27.385 6
      vertex 28.0775 -27.7195 2
      vertex 28.0775 -27.7195 6
    endloop
  endfacet
  facet normal 0.233527 0.97235 -0
    outer loop
      vertex 30.8725 -23.8724 2
      vertex 30.4911 -23.7808 6
      vertex 30.8725 -23.8724 6
    endloop
  endfacet
  facet normal 0.233527 0.97235 0
    outer loop
      vertex 30.4911 -23.7808 6
      vertex 30.8725 -23.8724 2
      vertex 30.4911 -23.7808 2
    endloop
  endfacet
  facet normal -0.97235 0.233527 0
    outer loop
      vertex 27.6308 -25.8589 2
      vertex 27.7224 -25.4775 6
      vertex 27.7224 -25.4775 2
    endloop
  endfacet
  facet normal -0.97235 0.233527 0
    outer loop
      vertex 27.7224 -25.4775 6
      vertex 27.6308 -25.8589 2
      vertex 27.6308 -25.8589 6
    endloop
  endfacet
  facet normal -0.0784244 0.99692 0
    outer loop
      vertex 30.1 -23.75 3
      vertex 30.1 -23.75 2
      vertex 29.8 -23.7736 3
    endloop
  endfacet
  facet normal -0.0787883 0.996891 0
    outer loop
      vertex 29.8 -23.7736 3
      vertex 29.7089 -23.7808 6
      vertex 29.8 -23.7736 6
    endloop
  endfacet
  facet normal -0.0787883 0.996891 0
    outer loop
      vertex 29.8 -23.7736 3
      vertex 29.7089 -23.7808 2
      vertex 29.7089 -23.7808 6
    endloop
  endfacet
  facet normal -0.0785092 0.996913 -2.55919e-05
    outer loop
      vertex 29.7089 -23.7808 2
      vertex 29.8 -23.7736 3
      vertex 30.1 -23.75 2
    endloop
  endfacet
  facet normal 0.996913 -0.0785092 0
    outer loop
      vertex 32.5692 -26.6411 6
      vertex 32.6 -26.25 2
      vertex 32.6 -26.25 6
    endloop
  endfacet
  facet normal 0.996913 -0.0785092 0
    outer loop
      vertex 32.6 -26.25 2
      vertex 32.5692 -26.6411 6
      vertex 32.5692 -26.6411 2
    endloop
  endfacet
  facet normal 0.0784244 -0.99692 0
    outer loop
      vertex 30.1 -28.75 3
      vertex 30.1 -28.75 2
      vertex 30.4 -28.7264 3
    endloop
  endfacet
  facet normal 0.0787883 -0.996891 0
    outer loop
      vertex 30.4 -28.7264 3
      vertex 30.4911 -28.7192 6
      vertex 30.4 -28.7264 6
    endloop
  endfacet
  facet normal 0.0787883 -0.996891 0
    outer loop
      vertex 30.4 -28.7264 3
      vertex 30.4911 -28.7192 2
      vertex 30.4911 -28.7192 6
    endloop
  endfacet
  facet normal 0.0785092 -0.996913 -2.55919e-05
    outer loop
      vertex 30.4911 -28.7192 2
      vertex 30.4 -28.7264 3
      vertex 30.1 -28.75 2
    endloop
  endfacet
  facet normal 0.382569 -0.923927 0
    outer loop
      vertex 30.8725 -28.6276 2
      vertex 31.235 -28.4775 6
      vertex 30.8725 -28.6276 6
    endloop
  endfacet
  facet normal 0.382569 -0.923927 0
    outer loop
      vertex 31.235 -28.4775 6
      vertex 30.8725 -28.6276 2
      vertex 31.235 -28.4775 2
    endloop
  endfacet
  facet normal 0.649342 -0.760497 0
    outer loop
      vertex 31.5695 -28.2725 2
      vertex 31.8678 -28.0178 6
      vertex 31.5695 -28.2725 6
    endloop
  endfacet
  facet normal 0.649342 -0.760497 0
    outer loop
      vertex 31.8678 -28.0178 6
      vertex 31.5695 -28.2725 2
      vertex 31.8678 -28.0178 2
    endloop
  endfacet
  facet normal 0.923927 -0.382569 0
    outer loop
      vertex 32.3275 -27.385 6
      vertex 32.4776 -27.0225 2
      vertex 32.4776 -27.0225 6
    endloop
  endfacet
  facet normal 0.923927 -0.382569 0
    outer loop
      vertex 32.4776 -27.0225 2
      vertex 32.3275 -27.385 6
      vertex 32.3275 -27.385 2
    endloop
  endfacet
  facet normal 0.760497 -0.649342 0
    outer loop
      vertex 31.8678 -28.0178 6
      vertex 32.1225 -27.7195 2
      vertex 32.1225 -27.7195 6
    endloop
  endfacet
  facet normal 0.760497 -0.649342 0
    outer loop
      vertex 32.1225 -27.7195 2
      vertex 31.8678 -28.0178 6
      vertex 31.8678 -28.0178 2
    endloop
  endfacet
  facet normal -0.522532 -0.85262 0
    outer loop
      vertex 28.6305 -28.2725 2
      vertex 28.965 -28.4775 6
      vertex 28.6305 -28.2725 6
    endloop
  endfacet
  facet normal -0.522532 -0.85262 -0
    outer loop
      vertex 28.965 -28.4775 6
      vertex 28.6305 -28.2725 2
      vertex 28.965 -28.4775 2
    endloop
  endfacet
  facet normal -0.233527 -0.97235 0
    outer loop
      vertex 29.3275 -28.6276 2
      vertex 29.7089 -28.7192 6
      vertex 29.3275 -28.6276 6
    endloop
  endfacet
  facet normal -0.233527 -0.97235 -0
    outer loop
      vertex 29.7089 -28.7192 6
      vertex 29.3275 -28.6276 2
      vertex 29.7089 -28.7192 2
    endloop
  endfacet
  facet normal -0.923927 -0.382569 0
    outer loop
      vertex 27.8725 -27.385 2
      vertex 27.7224 -27.0225 6
      vertex 27.7224 -27.0225 2
    endloop
  endfacet
  facet normal -0.923927 -0.382569 0
    outer loop
      vertex 27.7224 -27.0225 6
      vertex 27.8725 -27.385 2
      vertex 27.8725 -27.385 6
    endloop
  endfacet
  facet normal -0.996913 -0.0785092 0
    outer loop
      vertex 27.6308 -26.6411 2
      vertex 27.6 -26.25 6
      vertex 27.6 -26.25 2
    endloop
  endfacet
  facet normal -0.996913 -0.0785092 0
    outer loop
      vertex 27.6 -26.25 6
      vertex 27.6308 -26.6411 2
      vertex 27.6308 -26.6411 6
    endloop
  endfacet
  facet normal 0.233527 -0.97235 0
    outer loop
      vertex 30.4911 -28.7192 2
      vertex 30.8725 -28.6276 6
      vertex 30.4911 -28.7192 6
    endloop
  endfacet
  facet normal 0.233527 -0.97235 0
    outer loop
      vertex 30.8725 -28.6276 6
      vertex 30.4911 -28.7192 2
      vertex 30.8725 -28.6276 2
    endloop
  endfacet
  facet normal 0.97235 -0.233527 0
    outer loop
      vertex 32.4776 -27.0225 6
      vertex 32.5692 -26.6411 2
      vertex 32.5692 -26.6411 6
    endloop
  endfacet
  facet normal 0.97235 -0.233527 0
    outer loop
      vertex 32.5692 -26.6411 2
      vertex 32.4776 -27.0225 6
      vertex 32.4776 -27.0225 2
    endloop
  endfacet
  facet normal 0.85262 -0.522532 0
    outer loop
      vertex 32.1225 -27.7195 6
      vertex 32.3275 -27.385 2
      vertex 32.3275 -27.385 6
    endloop
  endfacet
  facet normal 0.85262 -0.522532 0
    outer loop
      vertex 32.3275 -27.385 2
      vertex 32.1225 -27.7195 6
      vertex 32.1225 -27.7195 2
    endloop
  endfacet
  facet normal -0.97235 -0.233527 0
    outer loop
      vertex 27.7224 -27.0225 2
      vertex 27.6308 -26.6411 6
      vertex 27.6308 -26.6411 2
    endloop
  endfacet
  facet normal -0.97235 -0.233527 0
    outer loop
      vertex 27.6308 -26.6411 6
      vertex 27.7224 -27.0225 2
      vertex 27.7224 -27.0225 6
    endloop
  endfacet
  facet normal 1 0 0
    outer loop
      vertex 29.8 -27.1733 8.82294
      vertex 29.8 -25.15 8.77919
      vertex 29.8 -25.1581 8.79236
    endloop
  endfacet
  facet normal 1 -0 0
    outer loop
      vertex 29.8 -25.15 6
      vertex 29.8 -23.7736 3
      vertex 29.8 -23.7736 6
    endloop
  endfacet
  facet normal 1 -0 0
    outer loop
      vertex 29.8 -27.1733 8.82294
      vertex 29.8 -25.1581 8.79236
      vertex 29.8 -25.3479 9.1
    endloop
  endfacet
  facet normal 1 0 0
    outer loop
      vertex 29.8 -27.1055 8.96697
      vertex 29.8 -25.3479 9.1
      vertex 29.8 -27.0429 9.1
    endloop
  endfacet
  facet normal 1 0 0
    outer loop
      vertex 29.8 -27.1733 8.82294
      vertex 29.8 -25.3479 9.1
      vertex 29.8 -27.1055 8.96697
    endloop
  endfacet
  facet normal 1 0 0
    outer loop
      vertex 29.8 -25.15 8.77919
      vertex 29.8 -27.1733 8.82294
      vertex 29.8 -27.357 7.6
    endloop
  endfacet
  facet normal 1 0 0
    outer loop
      vertex 29.8 -25.15 8.77919
      vertex 29.8 -27.357 7.6
      vertex 29.8 -25.15 6
    endloop
  endfacet
  facet normal 1 0 0
    outer loop
      vertex 29.8 -27.357 6
      vertex 29.8 -25.15 6
      vertex 29.8 -27.357 7.6
    endloop
  endfacet
  facet normal 1 0 0
    outer loop
      vertex 29.8 -25.15 6
      vertex 29.8 -27.357 6
      vertex 29.8 -23.7736 3
    endloop
  endfacet
  facet normal 1 0 0
    outer loop
      vertex 29.8 -28.7264 3
      vertex 29.8 -27.357 6
      vertex 29.8 -28.7264 6
    endloop
  endfacet
  facet normal 1 0 0
    outer loop
      vertex 29.8 -27.357 6
      vertex 29.8 -28.7264 3
      vertex 29.8 -23.7736 3
    endloop
  endfacet
  facet normal 1 -0 0
    outer loop
      vertex 29.8 -27.7158 7.61
      vertex 29.8 -27.357 7.6
      vertex 29.8 -27.1733 8.82294
    endloop
  endfacet
  facet normal 1 0 0
    outer loop
      vertex 29.8 -27.357 7.6
      vertex 29.8 -27.7158 7.61
      vertex 29.8 -27.7158 7.6
    endloop
  endfacet
  facet normal -1 0 0
    outer loop
      vertex 30.4 -23.7736 3
      vertex 30.4 -25.15 6
      vertex 30.4 -23.7736 6
    endloop
  endfacet
  facet normal -1 0 0
    outer loop
      vertex 30.4 -27.357 7.6
      vertex 30.4 -25.15 8.77919
      vertex 30.4 -25.15 6
    endloop
  endfacet
  facet normal -1 0 -0
    outer loop
      vertex 30.4 -27.1733 8.82294
      vertex 30.4 -25.15 8.77919
      vertex 30.4 -27.357 7.6
    endloop
  endfacet
  facet normal -1 0 0
    outer loop
      vertex 30.4 -25.15 8.77919
      vertex 30.4 -27.1733 8.82294
      vertex 30.4 -25.1581 8.79236
    endloop
  endfacet
  facet normal -1 0 0
    outer loop
      vertex 30.4 -27.357 6
      vertex 30.4 -25.15 6
      vertex 30.4 -23.7736 3
    endloop
  endfacet
  facet normal -1 0 0
    outer loop
      vertex 30.4 -25.1581 8.79236
      vertex 30.4 -27.1733 8.82294
      vertex 30.4 -25.3479 9.1
    endloop
  endfacet
  facet normal -1 -0 0
    outer loop
      vertex 30.4 -25.3479 9.1
      vertex 30.4 -27.1055 8.96697
      vertex 30.4 -27.0429 9.1
    endloop
  endfacet
  facet normal -1 0 0
    outer loop
      vertex 30.4 -25.15 6
      vertex 30.4 -27.357 6
      vertex 30.4 -27.357 7.6
    endloop
  endfacet
  facet normal -1 0 0
    outer loop
      vertex 30.4 -28.7264 3
      vertex 30.4 -27.357 6
      vertex 30.4 -23.7736 3
    endloop
  endfacet
  facet normal -1 -0 0
    outer loop
      vertex 30.4 -27.357 6
      vertex 30.4 -28.7264 3
      vertex 30.4 -28.7264 6
    endloop
  endfacet
  facet normal -1 0 0
    outer loop
      vertex 30.4 -25.3479 9.1
      vertex 30.4 -27.1733 8.82294
      vertex 30.4 -27.1055 8.96697
    endloop
  endfacet
  facet normal -1 0 0
    outer loop
      vertex 30.4 -27.7158 7.61
      vertex 30.4 -27.357 7.6
      vertex 30.4 -27.7158 7.6
    endloop
  endfacet
  facet normal -1 0 0
    outer loop
      vertex 30.4 -27.357 7.6
      vertex 30.4 -27.7158 7.61
      vertex 30.4 -27.1733 8.82294
    endloop
  endfacet
  facet normal 0 0 1
    outer loop
      vertex 29.8 -23.7736 3
      vertex 30.4 -23.7736 3
      vertex 30.1 -23.75 3
    endloop
  endfacet
  facet normal 0 0 1
    outer loop
      vertex 30.4 -23.7736 3
      vertex 29.8 -23.7736 3
      vertex 30.4 -28.7264 3
    endloop
  endfacet
  facet normal 0 0 1
    outer loop
      vertex 29.8 -28.7264 3
      vertex 30.4 -28.7264 3
      vertex 29.8 -23.7736 3
    endloop
  endfacet
  facet normal 0 0 1
    outer loop
      vertex 30.4 -28.7264 3
      vertex 29.8 -28.7264 3
      vertex 30.1 -28.75 3
    endloop
  endfacet
  facet normal 0.382923 -0.92378 0
    outer loop
      vertex 30.4554 25.1563 6
      vertex 30.6221 25.2254 7.6
      vertex 30.4554 25.1563 7.6
    endloop
  endfacet
  facet normal 0.382923 -0.92378 0
    outer loop
      vertex 30.6221 25.2254 7.6
      vertex 30.4554 25.1563 6
      vertex 30.6221 25.2254 6
    endloop
  endfacet
  facet normal 0 1 0
    outer loop
      vertex 29.8 27.35 8.77919
      vertex 29.5737 27.35 7.6
      vertex 29.0787 27.35 7.61
    endloop
  endfacet
  facet normal 0 1 -0
    outer loop
      vertex 29.8 27.35 6
      vertex 29.5737 27.35 7.6
      vertex 29.8 27.35 8.77919
    endloop
  endfacet
  facet normal 0 1 0
    outer loop
      vertex 29.5737 27.35 7.6
      vertex 29.8 27.35 6
      vertex 29.5737 27.35 6
    endloop
  endfacet
  facet normal 0 1 0
    outer loop
      vertex 29.0787 27.35 7.61
      vertex 29.5737 27.35 7.6
      vertex 29.0787 27.35 7.6
    endloop
  endfacet
  facet normal 0 1 0
    outer loop
      vertex 30.6263 27.35 7.6
      vertex 31.1213 27.35 7.61
      vertex 31.1213 27.35 7.6
    endloop
  endfacet
  facet normal 0 1 0
    outer loop
      vertex 31.1213 27.35 7.61
      vertex 30.6263 27.35 7.6
      vertex 30.4 27.35 8.77919
    endloop
  endfacet
  facet normal 0 1 0
    outer loop
      vertex 30.4 27.35 6
      vertex 30.6263 27.35 7.6
      vertex 30.6263 27.35 6
    endloop
  endfacet
  facet normal 0 1 0
    outer loop
      vertex 30.6263 27.35 7.6
      vertex 30.4 27.35 6
      vertex 30.4 27.35 8.77919
    endloop
  endfacet
  facet normal 0.233439 -0.972371 0
    outer loop
      vertex 30.4 25.143 6
      vertex 30.4554 25.1563 7.6
      vertex 30.4 25.143 7.6
    endloop
  endfacet
  facet normal 0.233439 -0.972371 0
    outer loop
      vertex 30.4554 25.1563 7.6
      vertex 30.4 25.143 6
      vertex 30.4554 25.1563 6
    endloop
  endfacet
  facet normal 0.92378 0.382923 0
    outer loop
      vertex 31.1937 26.6054 7.6
      vertex 31.1246 26.7721 6
      vertex 31.1246 26.7721 7.6
    endloop
  endfacet
  facet normal 0.92378 0.382923 0
    outer loop
      vertex 31.1246 26.7721 6
      vertex 31.1937 26.6054 7.6
      vertex 31.1937 26.6054 6
    endloop
  endfacet
  facet normal -0.92378 0.382923 0
    outer loop
      vertex 29.0063 26.6054 6
      vertex 29.0754 26.7721 7.6
      vertex 29.0754 26.7721 6
    endloop
  endfacet
  facet normal -0.92378 0.382923 0
    outer loop
      vertex 29.0754 26.7721 7.6
      vertex 29.0063 26.6054 6
      vertex 29.0063 26.6054 7.6
    endloop
  endfacet
  facet normal 0.706984 0.70723 -0
    outer loop
      vertex 30.9132 27.0632 6
      vertex 30.6263 27.35 7.6
      vertex 30.9132 27.0632 7.6
    endloop
  endfacet
  facet normal 0.706984 0.70723 0
    outer loop
      vertex 30.6263 27.35 7.6
      vertex 30.9132 27.0632 6
      vertex 30.6263 27.35 6
    endloop
  endfacet
  facet normal -0.760585 0.649239 0
    outer loop
      vertex 29.1696 26.9259 6
      vertex 29.2868 27.0632 7.6
      vertex 29.2868 27.0632 6
    endloop
  endfacet
  facet normal -0.760585 0.649239 0
    outer loop
      vertex 29.2868 27.0632 7.6
      vertex 29.1696 26.9259 6
      vertex 29.1696 26.9259 7.6
    endloop
  endfacet
  facet normal -0.706984 0.70723 0
    outer loop
      vertex 29.5737 27.35 6
      vertex 29.2868 27.0632 7.6
      vertex 29.5737 27.35 7.6
    endloop
  endfacet
  facet normal -0.706984 0.70723 0
    outer loop
      vertex 29.2868 27.0632 7.6
      vertex 29.5737 27.35 6
      vertex 29.2868 27.0632 6
    endloop
  endfacet
  facet normal -0.852761 0.522302 0
    outer loop
      vertex 29.0754 26.7721 6
      vertex 29.1696 26.9259 7.6
      vertex 29.1696 26.9259 6
    endloop
  endfacet
  facet normal -0.852761 0.522302 0
    outer loop
      vertex 29.1696 26.9259 7.6
      vertex 29.0754 26.7721 6
      vertex 29.0754 26.7721 7.6
    endloop
  endfacet
  facet normal -0.996899 0.078688 0
    outer loop
      vertex 28.95 26.25 6
      vertex 28.9642 26.4299 7.6
      vertex 28.9642 26.4299 6
    endloop
  endfacet
  facet normal -0.996899 0.078688 0
    outer loop
      vertex 28.9642 26.4299 7.6
      vertex 28.95 26.25 6
      vertex 28.95 26.25 7.6
    endloop
  endfacet
  facet normal 0 0 1
    outer loop
      vertex 31.25 26.25 6
      vertex 32.6 26.25 6
      vertex 32.5692 26.6411 6
    endloop
  endfacet
  facet normal 0 0 1
    outer loop
      vertex 31.2358 26.4299 6
      vertex 32.5692 26.6411 6
      vertex 32.4776 27.0225 6
    endloop
  endfacet
  facet normal 0 0 1
    outer loop
      vertex 32.6 26.25 6
      vertex 31.25 26.25 6
      vertex 32.5692 25.8589 6
    endloop
  endfacet
  facet normal 0 0 1
    outer loop
      vertex 31.1937 26.6054 6
      vertex 32.4776 27.0225 6
      vertex 32.3275 27.385 6
    endloop
  endfacet
  facet normal -0 0 1
    outer loop
      vertex 31.2358 26.0701 6
      vertex 32.5692 25.8589 6
      vertex 31.25 26.25 6
    endloop
  endfacet
  facet normal 0 0 1
    outer loop
      vertex 31.1246 26.7721 6
      vertex 32.3275 27.385 6
      vertex 32.1225 27.7195 6
    endloop
  endfacet
  facet normal 0 0 1
    outer loop
      vertex 32.5692 25.8589 6
      vertex 31.2358 26.0701 6
      vertex 32.4776 25.4775 6
    endloop
  endfacet
  facet normal 0 0 1
    outer loop
      vertex 31.0304 26.9259 6
      vertex 32.1225 27.7195 6
      vertex 31.8678 28.0178 6
    endloop
  endfacet
  facet normal -0 0 1
    outer loop
      vertex 31.1937 25.8946 6
      vertex 32.4776 25.4775 6
      vertex 31.2358 26.0701 6
    endloop
  endfacet
  facet normal 0 0 1
    outer loop
      vertex 30.9132 27.0632 6
      vertex 31.8678 28.0178 6
      vertex 31.5695 28.2725 6
    endloop
  endfacet
  facet normal 0 0 1
    outer loop
      vertex 32.4776 25.4775 6
      vertex 31.1937 25.8946 6
      vertex 32.3275 25.115 6
    endloop
  endfacet
  facet normal -0 0 1
    outer loop
      vertex 31.1246 25.7279 6
      vertex 32.3275 25.115 6
      vertex 31.1937 25.8946 6
    endloop
  endfacet
  facet normal 0 0 1
    outer loop
      vertex 32.5692 26.6411 6
      vertex 31.2358 26.4299 6
      vertex 31.25 26.25 6
    endloop
  endfacet
  facet normal 0 0 1
    outer loop
      vertex 30.6263 27.35 6
      vertex 31.5695 28.2725 6
      vertex 31.235 28.4775 6
    endloop
  endfacet
  facet normal 0 0 1
    outer loop
      vertex 32.4776 27.0225 6
      vertex 31.1937 26.6054 6
      vertex 31.2358 26.4299 6
    endloop
  endfacet
  facet normal 0 0 1
    outer loop
      vertex 32.3275 27.385 6
      vertex 31.1246 26.7721 6
      vertex 31.1937 26.6054 6
    endloop
  endfacet
  facet normal 0 0 1
    outer loop
      vertex 32.1225 27.7195 6
      vertex 31.0304 26.9259 6
      vertex 31.1246 26.7721 6
    endloop
  endfacet
  facet normal 0 0 1
    outer loop
      vertex 31.8678 28.0178 6
      vertex 30.9132 27.0632 6
      vertex 31.0304 26.9259 6
    endloop
  endfacet
  facet normal 0 0 1
    outer loop
      vertex 30.6263 27.35 6
      vertex 31.235 28.4775 6
      vertex 30.8725 28.6276 6
    endloop
  endfacet
  facet normal 0 0 1
    outer loop
      vertex 31.5695 28.2725 6
      vertex 30.6263 27.35 6
      vertex 30.9132 27.0632 6
    endloop
  endfacet
  facet normal 0 0 1
    outer loop
      vertex 30.4911 28.7192 6
      vertex 30.6263 27.35 6
      vertex 30.8725 28.6276 6
    endloop
  endfacet
  facet normal 0 0 1
    outer loop
      vertex 30.4 27.35 6
      vertex 30.4911 28.7192 6
      vertex 30.4 28.7264 6
    endloop
  endfacet
  facet normal 0 0 1
    outer loop
      vertex 30.4911 28.7192 6
      vertex 30.4 27.35 6
      vertex 30.6263 27.35 6
    endloop
  endfacet
  facet normal 0 0 1
    outer loop
      vertex 32.3275 25.115 6
      vertex 31.1246 25.7279 6
      vertex 32.1225 24.7805 6
    endloop
  endfacet
  facet normal -0 0 1
    outer loop
      vertex 31.0304 25.5741 6
      vertex 32.1225 24.7805 6
      vertex 31.1246 25.7279 6
    endloop
  endfacet
  facet normal 0 0 1
    outer loop
      vertex 32.1225 24.7805 6
      vertex 31.0304 25.5741 6
      vertex 31.8678 24.4822 6
    endloop
  endfacet
  facet normal -0 0 1
    outer loop
      vertex 30.9132 25.4368 6
      vertex 31.8678 24.4822 6
      vertex 31.0304 25.5741 6
    endloop
  endfacet
  facet normal 0 0 1
    outer loop
      vertex 31.8678 24.4822 6
      vertex 30.9132 25.4368 6
      vertex 31.5695 24.2275 6
    endloop
  endfacet
  facet normal -0 0 1
    outer loop
      vertex 30.7759 25.3196 6
      vertex 31.5695 24.2275 6
      vertex 30.9132 25.4368 6
    endloop
  endfacet
  facet normal 0 0 1
    outer loop
      vertex 31.5695 24.2275 6
      vertex 30.7759 25.3196 6
      vertex 31.235 24.0225 6
    endloop
  endfacet
  facet normal -0 0 1
    outer loop
      vertex 30.6221 25.2254 6
      vertex 31.235 24.0225 6
      vertex 30.7759 25.3196 6
    endloop
  endfacet
  facet normal 0 0 1
    outer loop
      vertex 31.235 24.0225 6
      vertex 30.6221 25.2254 6
      vertex 30.8725 23.8724 6
    endloop
  endfacet
  facet normal -0 0 1
    outer loop
      vertex 30.4554 25.1563 6
      vertex 30.8725 23.8724 6
      vertex 30.6221 25.2254 6
    endloop
  endfacet
  facet normal -0 0 1
    outer loop
      vertex 30.4 25.143 6
      vertex 30.8725 23.8724 6
      vertex 30.4554 25.1563 6
    endloop
  endfacet
  facet normal 0 0 1
    outer loop
      vertex 30.8725 23.8724 6
      vertex 30.4 25.143 6
      vertex 30.4911 23.7808 6
    endloop
  endfacet
  facet normal 0 0 1
    outer loop
      vertex 30.4911 23.7808 6
      vertex 30.4 25.143 6
      vertex 30.4 23.7736 6
    endloop
  endfacet
  facet normal -0 0 1
    outer loop
      vertex 29.7089 28.7192 6
      vertex 29.8 27.35 6
      vertex 29.8 28.7264 6
    endloop
  endfacet
  facet normal 0 0 1
    outer loop
      vertex 29.7089 28.7192 6
      vertex 29.5737 27.35 6
      vertex 29.8 27.35 6
    endloop
  endfacet
  facet normal -0 0 1
    outer loop
      vertex 29.3275 28.6276 6
      vertex 29.5737 27.35 6
      vertex 29.7089 28.7192 6
    endloop
  endfacet
  facet normal -0 0 1
    outer loop
      vertex 28.965 28.4775 6
      vertex 29.5737 27.35 6
      vertex 29.3275 28.6276 6
    endloop
  endfacet
  facet normal -0 0 1
    outer loop
      vertex 28.6305 28.2725 6
      vertex 29.5737 27.35 6
      vertex 28.965 28.4775 6
    endloop
  endfacet
  facet normal 0 0 1
    outer loop
      vertex 29.5737 27.35 6
      vertex 28.6305 28.2725 6
      vertex 29.2868 27.0632 6
    endloop
  endfacet
  facet normal -0 0 1
    outer loop
      vertex 28.3322 28.0178 6
      vertex 29.2868 27.0632 6
      vertex 28.6305 28.2725 6
    endloop
  endfacet
  facet normal 0 0 1
    outer loop
      vertex 29.2868 27.0632 6
      vertex 28.3322 28.0178 6
      vertex 29.1696 26.9259 6
    endloop
  endfacet
  facet normal -0 0 1
    outer loop
      vertex 28.0775 27.7195 6
      vertex 29.1696 26.9259 6
      vertex 28.3322 28.0178 6
    endloop
  endfacet
  facet normal 0 0 1
    outer loop
      vertex 29.1696 26.9259 6
      vertex 28.0775 27.7195 6
      vertex 29.0754 26.7721 6
    endloop
  endfacet
  facet normal -0 0 1
    outer loop
      vertex 27.8725 27.385 6
      vertex 29.0754 26.7721 6
      vertex 28.0775 27.7195 6
    endloop
  endfacet
  facet normal 0 0 1
    outer loop
      vertex 29.3275 23.8724 6
      vertex 29.8 25.143 6
      vertex 29.7446 25.1563 6
    endloop
  endfacet
  facet normal 0 0 1
    outer loop
      vertex 29.8 25.143 6
      vertex 29.7089 23.7808 6
      vertex 29.8 23.7736 6
    endloop
  endfacet
  facet normal 0 0 1
    outer loop
      vertex 29.3275 23.8724 6
      vertex 29.7446 25.1563 6
      vertex 29.5779 25.2254 6
    endloop
  endfacet
  facet normal 0 0 1
    outer loop
      vertex 28.965 24.0225 6
      vertex 29.5779 25.2254 6
      vertex 29.4241 25.3196 6
    endloop
  endfacet
  facet normal 0 0 1
    outer loop
      vertex 29.8 25.143 6
      vertex 29.3275 23.8724 6
      vertex 29.7089 23.7808 6
    endloop
  endfacet
  facet normal 0 0 1
    outer loop
      vertex 28.6305 24.2275 6
      vertex 29.4241 25.3196 6
      vertex 29.2868 25.4368 6
    endloop
  endfacet
  facet normal 0 0 1
    outer loop
      vertex 28.3322 24.4822 6
      vertex 29.2868 25.4368 6
      vertex 29.1696 25.5741 6
    endloop
  endfacet
  facet normal 0 0 1
    outer loop
      vertex 28.0775 24.7805 6
      vertex 29.1696 25.5741 6
      vertex 29.0754 25.7279 6
    endloop
  endfacet
  facet normal 0 0 1
    outer loop
      vertex 27.8725 25.115 6
      vertex 29.0754 25.7279 6
      vertex 29.0063 25.8946 6
    endloop
  endfacet
  facet normal 0 0 1
    outer loop
      vertex 29.5779 25.2254 6
      vertex 28.965 24.0225 6
      vertex 29.3275 23.8724 6
    endloop
  endfacet
  facet normal 0 0 1
    outer loop
      vertex 27.7224 25.4775 6
      vertex 29.0063 25.8946 6
      vertex 28.9642 26.0701 6
    endloop
  endfacet
  facet normal 0 0 1
    outer loop
      vertex 27.6308 25.8589 6
      vertex 28.9642 26.0701 6
      vertex 28.95 26.25 6
    endloop
  endfacet
  facet normal 0 0 1
    outer loop
      vertex 29.0754 26.7721 6
      vertex 27.8725 27.385 6
      vertex 29.0063 26.6054 6
    endloop
  endfacet
  facet normal 0 0 1
    outer loop
      vertex 29.4241 25.3196 6
      vertex 28.6305 24.2275 6
      vertex 28.965 24.0225 6
    endloop
  endfacet
  facet normal -0 0 1
    outer loop
      vertex 27.7224 27.0225 6
      vertex 29.0063 26.6054 6
      vertex 27.8725 27.385 6
    endloop
  endfacet
  facet normal 0 0 1
    outer loop
      vertex 29.2868 25.4368 6
      vertex 28.3322 24.4822 6
      vertex 28.6305 24.2275 6
    endloop
  endfacet
  facet normal 0 0 1
    outer loop
      vertex 29.0063 26.6054 6
      vertex 27.7224 27.0225 6
      vertex 28.9642 26.4299 6
    endloop
  endfacet
  facet normal 0 0 1
    outer loop
      vertex 29.1696 25.5741 6
      vertex 28.0775 24.7805 6
      vertex 28.3322 24.4822 6
    endloop
  endfacet
  facet normal -0 0 1
    outer loop
      vertex 27.6308 26.6411 6
      vertex 28.9642 26.4299 6
      vertex 27.7224 27.0225 6
    endloop
  endfacet
  facet normal 0 0 1
    outer loop
      vertex 29.0754 25.7279 6
      vertex 27.8725 25.115 6
      vertex 28.0775 24.7805 6
    endloop
  endfacet
  facet normal 0 0 1
    outer loop
      vertex 28.9642 26.4299 6
      vertex 27.6308 26.6411 6
      vertex 28.95 26.25 6
    endloop
  endfacet
  facet normal 0 0 1
    outer loop
      vertex 29.0063 25.8946 6
      vertex 27.7224 25.4775 6
      vertex 27.8725 25.115 6
    endloop
  endfacet
  facet normal 0 0 1
    outer loop
      vertex 27.6 26.25 6
      vertex 28.95 26.25 6
      vertex 27.6308 26.6411 6
    endloop
  endfacet
  facet normal 0 0 1
    outer loop
      vertex 28.9642 26.0701 6
      vertex 27.6308 25.8589 6
      vertex 27.7224 25.4775 6
    endloop
  endfacet
  facet normal 0 0 1
    outer loop
      vertex 28.95 26.25 6
      vertex 27.6 26.25 6
      vertex 27.6308 25.8589 6
    endloop
  endfacet
  facet normal -0.996899 -0.078688 0
    outer loop
      vertex 28.9642 26.0701 6
      vertex 28.95 26.25 7.6
      vertex 28.95 26.25 6
    endloop
  endfacet
  facet normal -0.996899 -0.078688 0
    outer loop
      vertex 28.95 26.25 7.6
      vertex 28.9642 26.0701 6
      vertex 28.9642 26.0701 7.6
    endloop
  endfacet
  facet normal -0.972412 0.233268 0
    outer loop
      vertex 28.9642 26.4299 6
      vertex 29.0063 26.6054 7.6
      vertex 29.0063 26.6054 6
    endloop
  endfacet
  facet normal -0.972412 0.233268 0
    outer loop
      vertex 29.0063 26.6054 7.6
      vertex 28.9642 26.4299 6
      vertex 28.9642 26.4299 7.6
    endloop
  endfacet
  facet normal -0.92378 -0.382923 0
    outer loop
      vertex 29.0754 25.7279 6
      vertex 29.0063 25.8946 7.6
      vertex 29.0063 25.8946 6
    endloop
  endfacet
  facet normal -0.92378 -0.382923 0
    outer loop
      vertex 29.0063 25.8946 7.6
      vertex 29.0754 25.7279 6
      vertex 29.0754 25.7279 7.6
    endloop
  endfacet
  facet normal -0.760585 -0.649239 0
    outer loop
      vertex 29.2868 25.4368 6
      vertex 29.1696 25.5741 7.6
      vertex 29.1696 25.5741 6
    endloop
  endfacet
  facet normal -0.760585 -0.649239 0
    outer loop
      vertex 29.1696 25.5741 7.6
      vertex 29.2868 25.4368 6
      vertex 29.2868 25.4368 7.6
    endloop
  endfacet
  facet normal -0.522302 -0.852761 0
    outer loop
      vertex 29.4241 25.3196 6
      vertex 29.5779 25.2254 7.6
      vertex 29.4241 25.3196 7.6
    endloop
  endfacet
  facet normal -0.522302 -0.852761 -0
    outer loop
      vertex 29.5779 25.2254 7.6
      vertex 29.4241 25.3196 6
      vertex 29.5779 25.2254 6
    endloop
  endfacet
  facet normal 0.760585 0.649239 0
    outer loop
      vertex 31.0304 26.9259 7.6
      vertex 30.9132 27.0632 6
      vertex 30.9132 27.0632 7.6
    endloop
  endfacet
  facet normal 0.760585 0.649239 0
    outer loop
      vertex 30.9132 27.0632 6
      vertex 31.0304 26.9259 7.6
      vertex 31.0304 26.9259 6
    endloop
  endfacet
  facet normal 0.852761 0.522302 0
    outer loop
      vertex 31.1246 26.7721 7.6
      vertex 31.0304 26.9259 6
      vertex 31.0304 26.9259 7.6
    endloop
  endfacet
  facet normal 0.852761 0.522302 0
    outer loop
      vertex 31.0304 26.9259 6
      vertex 31.1246 26.7721 7.6
      vertex 31.1246 26.7721 6
    endloop
  endfacet
  facet normal 0.972412 -0.233268 0
    outer loop
      vertex 31.1937 25.8946 7.6
      vertex 31.2358 26.0701 6
      vertex 31.2358 26.0701 7.6
    endloop
  endfacet
  facet normal 0.972412 -0.233268 0
    outer loop
      vertex 31.2358 26.0701 6
      vertex 31.1937 25.8946 7.6
      vertex 31.1937 25.8946 6
    endloop
  endfacet
  facet normal 0.760585 -0.649239 0
    outer loop
      vertex 30.9132 25.4368 7.6
      vertex 31.0304 25.5741 6
      vertex 31.0304 25.5741 7.6
    endloop
  endfacet
  facet normal 0.760585 -0.649239 0
    outer loop
      vertex 31.0304 25.5741 6
      vertex 30.9132 25.4368 7.6
      vertex 30.9132 25.4368 6
    endloop
  endfacet
  facet normal 0.522302 -0.852761 0
    outer loop
      vertex 30.6221 25.2254 6
      vertex 30.7759 25.3196 7.6
      vertex 30.6221 25.2254 7.6
    endloop
  endfacet
  facet normal 0.522302 -0.852761 0
    outer loop
      vertex 30.7759 25.3196 7.6
      vertex 30.6221 25.2254 6
      vertex 30.7759 25.3196 6
    endloop
  endfacet
  facet normal -0.972412 -0.233268 0
    outer loop
      vertex 29.0063 25.8946 6
      vertex 28.9642 26.0701 7.6
      vertex 28.9642 26.0701 6
    endloop
  endfacet
  facet normal -0.972412 -0.233268 0
    outer loop
      vertex 28.9642 26.0701 7.6
      vertex 29.0063 25.8946 6
      vertex 29.0063 25.8946 7.6
    endloop
  endfacet
  facet normal 0 0 -1
    outer loop
      vertex 31.25 26.25 7.6
      vertex 31.6 26.25 7.6
      vertex 31.5815 26.0154 7.6
    endloop
  endfacet
  facet normal 0 0 -1
    outer loop
      vertex 31.2358 26.0701 7.6
      vertex 31.5815 26.0154 7.6
      vertex 31.5266 25.7865 7.6
    endloop
  endfacet
  facet normal 0 0 -1
    outer loop
      vertex 31.6 26.25 7.6
      vertex 31.25 26.25 7.6
      vertex 31.5815 26.4846 7.6
    endloop
  endfacet
  facet normal 0 0 -1
    outer loop
      vertex 31.1937 25.8946 7.6
      vertex 31.5266 25.7865 7.6
      vertex 31.4365 25.569 7.6
    endloop
  endfacet
  facet normal 0 0 -1
    outer loop
      vertex 31.2358 26.4299 7.6
      vertex 31.5815 26.4846 7.6
      vertex 31.25 26.25 7.6
    endloop
  endfacet
  facet normal 0 0 -1
    outer loop
      vertex 31.1246 25.7279 7.6
      vertex 31.4365 25.569 7.6
      vertex 31.3135 25.3683 7.6
    endloop
  endfacet
  facet normal -0 0 -1
    outer loop
      vertex 31.5815 26.4846 7.6
      vertex 31.2358 26.4299 7.6
      vertex 31.5266 26.7135 7.6
    endloop
  endfacet
  facet normal 0 0 -1
    outer loop
      vertex 31.1937 26.6054 7.6
      vertex 31.5266 26.7135 7.6
      vertex 31.2358 26.4299 7.6
    endloop
  endfacet
  facet normal 0 0 -1
    outer loop
      vertex 31.5815 26.0154 7.6
      vertex 31.2358 26.0701 7.6
      vertex 31.25 26.25 7.6
    endloop
  endfacet
  facet normal 0 0 -1
    outer loop
      vertex 31.5266 25.7865 7.6
      vertex 31.1937 25.8946 7.6
      vertex 31.2358 26.0701 7.6
    endloop
  endfacet
  facet normal 0 0 -1
    outer loop
      vertex 31.0304 25.5741 7.6
      vertex 31.3135 25.3683 7.6
      vertex 31.1607 25.1893 7.6
    endloop
  endfacet
  facet normal 0 0 -1
    outer loop
      vertex 31.4365 25.569 7.6
      vertex 31.1246 25.7279 7.6
      vertex 31.1937 25.8946 7.6
    endloop
  endfacet
  facet normal 0 0 -1
    outer loop
      vertex 31.3135 25.3683 7.6
      vertex 31.0304 25.5741 7.6
      vertex 31.1246 25.7279 7.6
    endloop
  endfacet
  facet normal 0 0 -1
    outer loop
      vertex 30.9132 25.4368 7.6
      vertex 31.1607 25.1893 7.6
      vertex 30.9817 25.0365 7.6
    endloop
  endfacet
  facet normal 0 0 -1
    outer loop
      vertex 31.1607 25.1893 7.6
      vertex 30.9132 25.4368 7.6
      vertex 31.0304 25.5741 7.6
    endloop
  endfacet
  facet normal 0 0 -1
    outer loop
      vertex 30.7759 25.3196 7.6
      vertex 30.9817 25.0365 7.6
      vertex 30.781 24.9135 7.6
    endloop
  endfacet
  facet normal 0 0 -1
    outer loop
      vertex 30.9817 25.0365 7.6
      vertex 30.7759 25.3196 7.6
      vertex 30.9132 25.4368 7.6
    endloop
  endfacet
  facet normal 0 0 -1
    outer loop
      vertex 30.781 24.9135 7.6
      vertex 30.6221 25.2254 7.6
      vertex 30.7759 25.3196 7.6
    endloop
  endfacet
  facet normal 0 0 -1
    outer loop
      vertex 30.5635 24.8234 7.6
      vertex 30.6221 25.2254 7.6
      vertex 30.781 24.9135 7.6
    endloop
  endfacet
  facet normal 0 0 -1
    outer loop
      vertex 30.5635 24.8234 7.6
      vertex 30.4554 25.1563 7.6
      vertex 30.6221 25.2254 7.6
    endloop
  endfacet
  facet normal 0 0 -1
    outer loop
      vertex 30.4 25.143 7.6
      vertex 30.5635 24.8234 7.6
      vertex 30.4 24.7842 7.6
    endloop
  endfacet
  facet normal 0 0 -1
    outer loop
      vertex 30.5635 24.8234 7.6
      vertex 30.4 25.143 7.6
      vertex 30.4554 25.1563 7.6
    endloop
  endfacet
  facet normal -0 0 -1
    outer loop
      vertex 31.5266 26.7135 7.6
      vertex 31.1937 26.6054 7.6
      vertex 31.4365 26.931 7.6
    endloop
  endfacet
  facet normal 0 0 -1
    outer loop
      vertex 31.1246 26.7721 7.6
      vertex 31.4365 26.931 7.6
      vertex 31.1937 26.6054 7.6
    endloop
  endfacet
  facet normal -0 0 -1
    outer loop
      vertex 31.4365 26.931 7.6
      vertex 31.1246 26.7721 7.6
      vertex 31.3135 27.1317 7.6
    endloop
  endfacet
  facet normal 0 0 -1
    outer loop
      vertex 31.0304 26.9259 7.6
      vertex 31.3135 27.1317 7.6
      vertex 31.1246 26.7721 7.6
    endloop
  endfacet
  facet normal -0 0 -1
    outer loop
      vertex 31.3135 27.1317 7.6
      vertex 31.0304 26.9259 7.6
      vertex 31.1607 27.3107 7.6
    endloop
  endfacet
  facet normal 0 0 -1
    outer loop
      vertex 30.9132 27.0632 7.6
      vertex 31.1607 27.3107 7.6
      vertex 31.0304 26.9259 7.6
    endloop
  endfacet
  facet normal -0 0 -1
    outer loop
      vertex 31.1607 27.3107 7.6
      vertex 30.9132 27.0632 7.6
      vertex 31.1213 27.35 7.6
    endloop
  endfacet
  facet normal -0 0 -1
    outer loop
      vertex 31.1213 27.35 7.6
      vertex 30.9132 27.0632 7.6
      vertex 30.6263 27.35 7.6
    endloop
  endfacet
  facet normal 0 0 -1
    outer loop
      vertex 29.6365 24.8234 7.6
      vertex 29.8 25.143 7.6
      vertex 29.8 24.7842 7.6
    endloop
  endfacet
  facet normal -0 0 -1
    outer loop
      vertex 29.8 25.143 7.6
      vertex 29.6365 24.8234 7.6
      vertex 29.7446 25.1563 7.6
    endloop
  endfacet
  facet normal 0 0 -1
    outer loop
      vertex 29.6365 24.8234 7.6
      vertex 29.5779 25.2254 7.6
      vertex 29.7446 25.1563 7.6
    endloop
  endfacet
  facet normal 0 0 -1
    outer loop
      vertex 29.419 24.9135 7.6
      vertex 29.5779 25.2254 7.6
      vertex 29.6365 24.8234 7.6
    endloop
  endfacet
  facet normal -0 0 -1
    outer loop
      vertex 29.5779 25.2254 7.6
      vertex 29.419 24.9135 7.6
      vertex 29.4241 25.3196 7.6
    endloop
  endfacet
  facet normal 0 0 -1
    outer loop
      vertex 29.2183 25.0365 7.6
      vertex 29.4241 25.3196 7.6
      vertex 29.419 24.9135 7.6
    endloop
  endfacet
  facet normal -0 0 -1
    outer loop
      vertex 29.4241 25.3196 7.6
      vertex 29.2183 25.0365 7.6
      vertex 29.2868 25.4368 7.6
    endloop
  endfacet
  facet normal 0 0 -1
    outer loop
      vertex 29.0393 25.1893 7.6
      vertex 29.2868 25.4368 7.6
      vertex 29.2183 25.0365 7.6
    endloop
  endfacet
  facet normal -0 0 -1
    outer loop
      vertex 29.2868 25.4368 7.6
      vertex 29.0393 25.1893 7.6
      vertex 29.1696 25.5741 7.6
    endloop
  endfacet
  facet normal 0 0 -1
    outer loop
      vertex 28.8865 25.3683 7.6
      vertex 29.1696 25.5741 7.6
      vertex 29.0393 25.1893 7.6
    endloop
  endfacet
  facet normal -0 0 -1
    outer loop
      vertex 29.1696 25.5741 7.6
      vertex 28.8865 25.3683 7.6
      vertex 29.0754 25.7279 7.6
    endloop
  endfacet
  facet normal 0 0 -1
    outer loop
      vertex 28.7635 25.569 7.6
      vertex 29.0754 25.7279 7.6
      vertex 28.8865 25.3683 7.6
    endloop
  endfacet
  facet normal 0 0 -1
    outer loop
      vertex 28.6734 25.7865 7.6
      vertex 29.0063 25.8946 7.6
      vertex 28.7635 25.569 7.6
    endloop
  endfacet
  facet normal -0 0 -1
    outer loop
      vertex 29.0754 25.7279 7.6
      vertex 28.7635 25.569 7.6
      vertex 29.0063 25.8946 7.6
    endloop
  endfacet
  facet normal 0 0 -1
    outer loop
      vertex 29.2868 27.0632 7.6
      vertex 29.0787 27.35 7.6
      vertex 29.5737 27.35 7.6
    endloop
  endfacet
  facet normal 0 0 -1
    outer loop
      vertex 29.0393 27.3107 7.6
      vertex 29.2868 27.0632 7.6
      vertex 29.1696 26.9259 7.6
    endloop
  endfacet
  facet normal 0 0 -1
    outer loop
      vertex 28.8865 27.1317 7.6
      vertex 29.1696 26.9259 7.6
      vertex 29.0754 26.7721 7.6
    endloop
  endfacet
  facet normal 0 0 -1
    outer loop
      vertex 29.2868 27.0632 7.6
      vertex 29.0393 27.3107 7.6
      vertex 29.0787 27.35 7.6
    endloop
  endfacet
  facet normal 0 0 -1
    outer loop
      vertex 28.7635 26.931 7.6
      vertex 29.0754 26.7721 7.6
      vertex 29.0063 26.6054 7.6
    endloop
  endfacet
  facet normal 0 0 -1
    outer loop
      vertex 28.6734 26.7135 7.6
      vertex 29.0063 26.6054 7.6
      vertex 28.9642 26.4299 7.6
    endloop
  endfacet
  facet normal 0 0 -1
    outer loop
      vertex 29.1696 26.9259 7.6
      vertex 28.8865 27.1317 7.6
      vertex 29.0393 27.3107 7.6
    endloop
  endfacet
  facet normal 0 0 -1
    outer loop
      vertex 28.6185 26.4846 7.6
      vertex 28.9642 26.4299 7.6
      vertex 28.95 26.25 7.6
    endloop
  endfacet
  facet normal -0 0 -1
    outer loop
      vertex 29.0063 25.8946 7.6
      vertex 28.6734 25.7865 7.6
      vertex 28.9642 26.0701 7.6
    endloop
  endfacet
  facet normal 0 0 -1
    outer loop
      vertex 28.6185 26.0154 7.6
      vertex 28.9642 26.0701 7.6
      vertex 28.6734 25.7865 7.6
    endloop
  endfacet
  facet normal 0 0 -1
    outer loop
      vertex 29.0754 26.7721 7.6
      vertex 28.7635 26.931 7.6
      vertex 28.8865 27.1317 7.6
    endloop
  endfacet
  facet normal -0 0 -1
    outer loop
      vertex 28.9642 26.0701 7.6
      vertex 28.6185 26.0154 7.6
      vertex 28.95 26.25 7.6
    endloop
  endfacet
  facet normal 0 0 -1
    outer loop
      vertex 29.0063 26.6054 7.6
      vertex 28.6734 26.7135 7.6
      vertex 28.7635 26.931 7.6
    endloop
  endfacet
  facet normal 0 0 -1
    outer loop
      vertex 28.6 26.25 7.6
      vertex 28.95 26.25 7.6
      vertex 28.6185 26.0154 7.6
    endloop
  endfacet
  facet normal 0 0 -1
    outer loop
      vertex 28.9642 26.4299 7.6
      vertex 28.6185 26.4846 7.6
      vertex 28.6734 26.7135 7.6
    endloop
  endfacet
  facet normal 0 0 -1
    outer loop
      vertex 28.95 26.25 7.6
      vertex 28.6 26.25 7.6
      vertex 28.6185 26.4846 7.6
    endloop
  endfacet
  facet normal -0.852761 -0.522302 0
    outer loop
      vertex 29.1696 25.5741 6
      vertex 29.0754 25.7279 7.6
      vertex 29.0754 25.7279 6
    endloop
  endfacet
  facet normal -0.852761 -0.522302 0
    outer loop
      vertex 29.0754 25.7279 7.6
      vertex 29.1696 25.5741 6
      vertex 29.1696 25.5741 7.6
    endloop
  endfacet
  facet normal -0.649239 -0.760585 0
    outer loop
      vertex 29.2868 25.4368 6
      vertex 29.4241 25.3196 7.6
      vertex 29.2868 25.4368 7.6
    endloop
  endfacet
  facet normal -0.649239 -0.760585 -0
    outer loop
      vertex 29.4241 25.3196 7.6
      vertex 29.2868 25.4368 6
      vertex 29.4241 25.3196 6
    endloop
  endfacet
  facet normal -0.382923 -0.92378 0
    outer loop
      vertex 29.5779 25.2254 6
      vertex 29.7446 25.1563 7.6
      vertex 29.5779 25.2254 7.6
    endloop
  endfacet
  facet normal -0.382923 -0.92378 -0
    outer loop
      vertex 29.7446 25.1563 7.6
      vertex 29.5779 25.2254 6
      vertex 29.7446 25.1563 6
    endloop
  endfacet
  facet normal -0.233439 -0.972371 0
    outer loop
      vertex 29.7446 25.1563 6
      vertex 29.8 25.143 7.6
      vertex 29.7446 25.1563 7.6
    endloop
  endfacet
  facet normal -0.233439 -0.972371 -0
    outer loop
      vertex 29.8 25.143 7.6
      vertex 29.7446 25.1563 6
      vertex 29.8 25.143 6
    endloop
  endfacet
  facet normal 0.996899 -0.078688 0
    outer loop
      vertex 31.2358 26.0701 7.6
      vertex 31.25 26.25 6
      vertex 31.25 26.25 7.6
    endloop
  endfacet
  facet normal 0.996899 -0.078688 0
    outer loop
      vertex 31.25 26.25 6
      vertex 31.2358 26.0701 7.6
      vertex 31.2358 26.0701 6
    endloop
  endfacet
  facet normal 0.996899 0.078688 0
    outer loop
      vertex 31.25 26.25 7.6
      vertex 31.2358 26.4299 6
      vertex 31.2358 26.4299 7.6
    endloop
  endfacet
  facet normal 0.996899 0.078688 0
    outer loop
      vertex 31.2358 26.4299 6
      vertex 31.25 26.25 7.6
      vertex 31.25 26.25 6
    endloop
  endfacet
  facet normal 0.972412 0.233268 0
    outer loop
      vertex 31.2358 26.4299 7.6
      vertex 31.1937 26.6054 6
      vertex 31.1937 26.6054 7.6
    endloop
  endfacet
  facet normal 0.972412 0.233268 0
    outer loop
      vertex 31.1937 26.6054 6
      vertex 31.2358 26.4299 7.6
      vertex 31.2358 26.4299 6
    endloop
  endfacet
  facet normal 0.852761 -0.522302 0
    outer loop
      vertex 31.0304 25.5741 7.6
      vertex 31.1246 25.7279 6
      vertex 31.1246 25.7279 7.6
    endloop
  endfacet
  facet normal 0.852761 -0.522302 0
    outer loop
      vertex 31.1246 25.7279 6
      vertex 31.0304 25.5741 7.6
      vertex 31.0304 25.5741 6
    endloop
  endfacet
  facet normal 0.649239 -0.760585 0
    outer loop
      vertex 30.7759 25.3196 6
      vertex 30.9132 25.4368 7.6
      vertex 30.7759 25.3196 7.6
    endloop
  endfacet
  facet normal 0.649239 -0.760585 0
    outer loop
      vertex 30.9132 25.4368 7.6
      vertex 30.7759 25.3196 6
      vertex 30.9132 25.4368 6
    endloop
  endfacet
  facet normal 0.92378 -0.382923 0
    outer loop
      vertex 31.1246 25.7279 7.6
      vertex 31.1937 25.8946 6
      vertex 31.1937 25.8946 7.6
    endloop
  endfacet
  facet normal 0.92378 -0.382923 0
    outer loop
      vertex 31.1937 25.8946 6
      vertex 31.1246 25.7279 7.6
      vertex 31.1246 25.7279 6
    endloop
  endfacet
  facet normal 0.350251 -0.847509 0.398813
    outer loop
      vertex 30.4 25.3945 8.96697
      vertex 30.4859 25.4926 9.1
      vertex 30.4 25.4571 9.1
    endloop
  endfacet
  facet normal 0.350312 -0.847504 0.39877
    outer loop
      vertex 30.4859 25.4926 9.1
      vertex 30.4 25.3945 8.96697
      vertex 30.781 24.9135 7.61
    endloop
  endfacet
  facet normal -0.891719 0.213985 0.398808
    outer loop
      vertex 29.2916 26.5126 9.1
      vertex 28.6185 26.4846 7.61
      vertex 29.2605 26.383 9.1
    endloop
  endfacet
  facet normal 0.522532 -0.85262 0
    outer loop
      vertex 30.781 24.9135 7.6
      vertex 30.9817 25.0365 7.61
      vertex 30.781 24.9135 7.61
    endloop
  endfacet
  facet normal 0.522532 -0.85262 0
    outer loop
      vertex 30.9817 25.0365 7.61
      vertex 30.781 24.9135 7.6
      vertex 30.9817 25.0365 7.6
    endloop
  endfacet
  facet normal 0.479184 -0.781888 0.398791
    outer loop
      vertex 30.9817 25.0365 7.61
      vertex 30.4859 25.4926 9.1
      vertex 30.781 24.9135 7.61
    endloop
  endfacet
  facet normal 0.781888 -0.479184 0.398791
    outer loop
      vertex 31.4365 25.569 7.61
      vertex 30.8574 25.8641 9.1
      vertex 31.3135 25.3683 7.61
    endloop
  endfacet
  facet normal 0.595926 -0.696965 0.398887
    outer loop
      vertex 30.701 25.649 9.1
      vertex 30.5996 25.5623 9.1
      vertex 31.1607 25.1893 7.61
    endloop
  endfacet
  facet normal -0.847418 0.350514 0.398776
    outer loop
      vertex 29.3426 26.6359 9.1
      vertex 28.7635 26.931 7.61
      vertex 29.2916 26.5126 9.1
    endloop
  endfacet
  facet normal -0.233148 -0.972441 0
    outer loop
      vertex 29.6365 24.8234 7.6
      vertex 29.8 24.7842 7.61
      vertex 29.6365 24.8234 7.61
    endloop
  endfacet
  facet normal -0.233148 -0.972441 -0
    outer loop
      vertex 29.8 24.7842 7.61
      vertex 29.6365 24.8234 7.6
      vertex 29.8 24.7842 7.6
    endloop
  endfacet
  facet normal 0.382714 -0.923867 0
    outer loop
      vertex 30.5635 24.8234 7.6
      vertex 30.781 24.9135 7.61
      vertex 30.5635 24.8234 7.61
    endloop
  endfacet
  facet normal 0.382714 -0.923867 0
    outer loop
      vertex 30.781 24.9135 7.61
      vertex 30.5635 24.8234 7.6
      vertex 30.781 24.9135 7.6
    endloop
  endfacet
  facet normal 0.350956 -0.847202 0.398847
    outer loop
      vertex 30.781 24.9135 7.61
      vertex 30.4 25.3267 8.82294
      vertex 30.5635 24.8234 7.61
    endloop
  endfacet
  facet normal 0.350851 -0.847253 0.398832
    outer loop
      vertex 30.4 25.3267 8.82294
      vertex 30.781 24.9135 7.61
      vertex 30.4 25.3945 8.96697
    endloop
  endfacet
  facet normal -0.350851 -0.847253 0.398832
    outer loop
      vertex 29.419 24.9135 7.61
      vertex 29.8 25.3267 8.82294
      vertex 29.8 25.3945 8.96697
    endloop
  endfacet
  facet normal -0.350956 -0.847202 0.398847
    outer loop
      vertex 29.8 25.3267 8.82294
      vertex 29.419 24.9135 7.61
      vertex 29.6365 24.8234 7.61
    endloop
  endfacet
  facet normal -0.89174 -0.213877 0.39882
    outer loop
      vertex 29.2916 25.9874 9.1
      vertex 28.6185 26.0154 7.61
      vertex 28.6734 25.7865 7.61
    endloop
  endfacet
  facet normal 0.781888 0.479184 0.398791
    outer loop
      vertex 31.3135 27.1317 7.61
      vertex 30.8574 26.6359 9.1
      vertex 31.4365 26.931 7.61
    endloop
  endfacet
  facet normal 0.706208 0.708005 0
    outer loop
      vertex 31.1607 27.3107 7.61
      vertex 31.1213 27.35 7.6
      vertex 31.1213 27.35 7.61
    endloop
  endfacet
  facet normal 0.706208 0.708005 0
    outer loop
      vertex 31.1213 27.35 7.6
      vertex 31.1607 27.3107 7.61
      vertex 31.1607 27.3107 7.6
    endloop
  endfacet
  facet normal 0.923867 -0.382714 0
    outer loop
      vertex 31.4365 25.569 7.61
      vertex 31.5266 25.7865 7.6
      vertex 31.5266 25.7865 7.61
    endloop
  endfacet
  facet normal 0.923867 -0.382714 0
    outer loop
      vertex 31.5266 25.7865 7.6
      vertex 31.4365 25.569 7.61
      vertex 31.4365 25.569 7.6
    endloop
  endfacet
  facet normal 0.648242 0.648027 0.399803
    outer loop
      vertex 30.701 26.851 9.1
      vertex 30.4 27.3419 8.79236
      vertex 30.4 27.1521 9.1
    endloop
  endfacet
  facet normal 0.648161 0.648043 0.399909
    outer loop
      vertex 30.4 27.3419 8.79236
      vertex 30.701 26.851 9.1
      vertex 31.1607 27.3107 7.61
    endloop
  endfacet
  facet normal -0.697472 0.595384 0.39881
    outer loop
      vertex 29.0393 27.3107 7.61
      vertex 28.8865 27.1317 7.61
      vertex 29.4123 26.7496 9.1
    endloop
  endfacet
  facet normal 0.213801 -0.891747 0.398843
    outer loop
      vertex 30.4 25.3267 8.82294
      vertex 30.4 24.7842 7.61
      vertex 30.5635 24.8234 7.61
    endloop
  endfacet
  facet normal -0.64925 -0.760575 0
    outer loop
      vertex 29.0393 25.1893 7.6
      vertex 29.2183 25.0365 7.61
      vertex 29.0393 25.1893 7.61
    endloop
  endfacet
  facet normal -0.64925 -0.760575 -0
    outer loop
      vertex 29.2183 25.0365 7.61
      vertex 29.0393 25.1893 7.6
      vertex 29.2183 25.0365 7.6
    endloop
  endfacet
  facet normal -0.350251 -0.847509 0.398813
    outer loop
      vertex 29.7141 25.4926 9.1
      vertex 29.8 25.3945 8.96697
      vertex 29.8 25.4571 9.1
    endloop
  endfacet
  facet normal -0.350312 -0.847504 0.39877
    outer loop
      vertex 29.8 25.3945 8.96697
      vertex 29.7141 25.4926 9.1
      vertex 29.419 24.9135 7.61
    endloop
  endfacet
  facet normal -0.595926 -0.696965 0.398887
    outer loop
      vertex 29.499 25.649 9.1
      vertex 29.0393 25.1893 7.61
      vertex 29.6004 25.5623 9.1
    endloop
  endfacet
  facet normal -0.781827 -0.479273 0.398802
    outer loop
      vertex 29.3426 25.8641 9.1
      vertex 28.8865 25.3683 7.61
      vertex 29.4123 25.7504 9.1
    endloop
  endfacet
  facet normal -0.697472 -0.595384 0.39881
    outer loop
      vertex 29.4123 25.7504 9.1
      vertex 28.8865 25.3683 7.61
      vertex 29.0393 25.1893 7.61
    endloop
  endfacet
  facet normal -0.479184 -0.781888 0.398791
    outer loop
      vertex 29.7141 25.4926 9.1
      vertex 29.2183 25.0365 7.61
      vertex 29.419 24.9135 7.61
    endloop
  endfacet
  facet normal -0.914193 -0.0720911 0.398816
    outer loop
      vertex 29.2605 26.117 9.1
      vertex 28.6 26.25 7.61
      vertex 28.6185 26.0154 7.61
    endloop
  endfacet
  facet normal -0.891719 -0.213985 0.398808
    outer loop
      vertex 29.2605 26.117 9.1
      vertex 28.6185 26.0154 7.61
      vertex 29.2916 25.9874 9.1
    endloop
  endfacet
  facet normal -0 0 1
    outer loop
      vertex 29.499 26.851 9.1
      vertex 29.8 25.4571 9.1
      vertex 29.8 27.1521 9.1
    endloop
  endfacet
  facet normal -0 -0 1
    outer loop
      vertex 29.6004 25.5623 9.1
      vertex 29.8 25.4571 9.1
      vertex 29.499 26.851 9.1
    endloop
  endfacet
  facet normal 0 0 1
    outer loop
      vertex 29.8 25.4571 9.1
      vertex 29.6004 25.5623 9.1
      vertex 29.7141 25.4926 9.1
    endloop
  endfacet
  facet normal 0 0 1
    outer loop
      vertex 29.499 26.851 9.1
      vertex 29.499 25.649 9.1
      vertex 29.6004 25.5623 9.1
    endloop
  endfacet
  facet normal -0 0 1
    outer loop
      vertex 29.4123 26.7496 9.1
      vertex 29.499 25.649 9.1
      vertex 29.499 26.851 9.1
    endloop
  endfacet
  facet normal 0 0 1
    outer loop
      vertex 29.4123 26.7496 9.1
      vertex 29.4123 25.7504 9.1
      vertex 29.499 25.649 9.1
    endloop
  endfacet
  facet normal -0 0 1
    outer loop
      vertex 29.3426 26.6359 9.1
      vertex 29.4123 25.7504 9.1
      vertex 29.4123 26.7496 9.1
    endloop
  endfacet
  facet normal 0 0 1
    outer loop
      vertex 29.3426 26.6359 9.1
      vertex 29.3426 25.8641 9.1
      vertex 29.4123 25.7504 9.1
    endloop
  endfacet
  facet normal -0 0 1
    outer loop
      vertex 29.2916 26.5126 9.1
      vertex 29.3426 25.8641 9.1
      vertex 29.3426 26.6359 9.1
    endloop
  endfacet
  facet normal 0 0 1
    outer loop
      vertex 29.2916 26.5126 9.1
      vertex 29.2916 25.9874 9.1
      vertex 29.3426 25.8641 9.1
    endloop
  endfacet
  facet normal -0 0 1
    outer loop
      vertex 29.2605 26.383 9.1
      vertex 29.2916 25.9874 9.1
      vertex 29.2916 26.5126 9.1
    endloop
  endfacet
  facet normal 0 0 1
    outer loop
      vertex 29.2605 26.383 9.1
      vertex 29.2605 26.117 9.1
      vertex 29.2916 25.9874 9.1
    endloop
  endfacet
  facet normal 0 -0 1
    outer loop
      vertex 29.2605 26.117 9.1
      vertex 29.2605 26.383 9.1
      vertex 29.25 26.25 9.1
    endloop
  endfacet
  facet normal 0 0 1
    outer loop
      vertex 30.9395 26.383 9.1
      vertex 30.9395 26.117 9.1
      vertex 30.95 26.25 9.1
    endloop
  endfacet
  facet normal 0 0 1
    outer loop
      vertex 30.9084 26.5126 9.1
      vertex 30.9395 26.117 9.1
      vertex 30.9395 26.383 9.1
    endloop
  endfacet
  facet normal 0 0 1
    outer loop
      vertex 30.9084 26.5126 9.1
      vertex 30.9084 25.9874 9.1
      vertex 30.9395 26.117 9.1
    endloop
  endfacet
  facet normal 0 0 1
    outer loop
      vertex 30.8574 26.6359 9.1
      vertex 30.9084 25.9874 9.1
      vertex 30.9084 26.5126 9.1
    endloop
  endfacet
  facet normal 0 0 1
    outer loop
      vertex 30.8574 26.6359 9.1
      vertex 30.8574 25.8641 9.1
      vertex 30.9084 25.9874 9.1
    endloop
  endfacet
  facet normal 0 0 1
    outer loop
      vertex 30.7877 26.7496 9.1
      vertex 30.8574 25.8641 9.1
      vertex 30.8574 26.6359 9.1
    endloop
  endfacet
  facet normal 0 0 1
    outer loop
      vertex 30.7877 26.7496 9.1
      vertex 30.7877 25.7504 9.1
      vertex 30.8574 25.8641 9.1
    endloop
  endfacet
  facet normal 0 0 1
    outer loop
      vertex 30.701 26.851 9.1
      vertex 30.7877 25.7504 9.1
      vertex 30.7877 26.7496 9.1
    endloop
  endfacet
  facet normal 0 0 1
    outer loop
      vertex 30.701 26.851 9.1
      vertex 30.701 25.649 9.1
      vertex 30.7877 25.7504 9.1
    endloop
  endfacet
  facet normal 0 0 1
    outer loop
      vertex 30.701 26.851 9.1
      vertex 30.5996 25.5623 9.1
      vertex 30.701 25.649 9.1
    endloop
  endfacet
  facet normal 0 0 1
    outer loop
      vertex 30.4 25.4571 9.1
      vertex 30.5996 25.5623 9.1
      vertex 30.701 26.851 9.1
    endloop
  endfacet
  facet normal 0 0 1
    outer loop
      vertex 30.4 25.4571 9.1
      vertex 30.701 26.851 9.1
      vertex 30.4 27.1521 9.1
    endloop
  endfacet
  facet normal 0 0 1
    outer loop
      vertex 30.5996 25.5623 9.1
      vertex 30.4 25.4571 9.1
      vertex 30.4859 25.4926 9.1
    endloop
  endfacet
  facet normal -0.914193 0.0720911 0.398816
    outer loop
      vertex 28.6185 26.4846 7.61
      vertex 28.6 26.25 7.61
      vertex 29.2605 26.383 9.1
    endloop
  endfacet
  facet normal -0.760575 0.64925 0
    outer loop
      vertex 28.8865 27.1317 7.6
      vertex 29.0393 27.3107 7.61
      vertex 29.0393 27.3107 7.6
    endloop
  endfacet
  facet normal -0.760575 0.64925 0
    outer loop
      vertex 29.0393 27.3107 7.61
      vertex 28.8865 27.1317 7.6
      vertex 28.8865 27.1317 7.61
    endloop
  endfacet
  facet normal -0.64743 0.649078 0.399415
    outer loop
      vertex 29.0393 27.3107 7.61
      vertex 29.8 27.35 8.77919
      vertex 29.0787 27.35 7.61
    endloop
  endfacet
  facet normal -0.647297 0.649267 0.399322
    outer loop
      vertex 29.8 27.35 8.77919
      vertex 29.0393 27.3107 7.61
      vertex 29.8 27.3419 8.79236
    endloop
  endfacet
  facet normal -0.972422 0.233228 0
    outer loop
      vertex 28.6185 26.4846 7.6
      vertex 28.6734 26.7135 7.61
      vertex 28.6734 26.7135 7.6
    endloop
  endfacet
  facet normal -0.972422 0.233228 0
    outer loop
      vertex 28.6734 26.7135 7.61
      vertex 28.6185 26.4846 7.6
      vertex 28.6185 26.4846 7.61
    endloop
  endfacet
  facet normal -0.972422 -0.233228 0
    outer loop
      vertex 28.6734 25.7865 7.6
      vertex 28.6185 26.0154 7.61
      vertex 28.6185 26.0154 7.6
    endloop
  endfacet
  facet normal -0.972422 -0.233228 0
    outer loop
      vertex 28.6185 26.0154 7.61
      vertex 28.6734 25.7865 7.6
      vertex 28.6734 25.7865 7.61
    endloop
  endfacet
  facet normal 0.647297 0.649267 0.399322
    outer loop
      vertex 31.1607 27.3107 7.61
      vertex 30.4 27.35 8.77919
      vertex 30.4 27.3419 8.79236
    endloop
  endfacet
  facet normal 0.64743 0.649078 0.399415
    outer loop
      vertex 30.4 27.35 8.77919
      vertex 31.1607 27.3107 7.61
      vertex 31.1213 27.35 7.61
    endloop
  endfacet
  facet normal 0.760575 0.64925 0
    outer loop
      vertex 31.3135 27.1317 7.61
      vertex 31.1607 27.3107 7.6
      vertex 31.1607 27.3107 7.61
    endloop
  endfacet
  facet normal 0.760575 0.64925 0
    outer loop
      vertex 31.1607 27.3107 7.6
      vertex 31.3135 27.1317 7.61
      vertex 31.3135 27.1317 7.6
    endloop
  endfacet
  facet normal 0.595384 -0.697472 0.39881
    outer loop
      vertex 31.1607 25.1893 7.61
      vertex 30.5996 25.5623 9.1
      vertex 30.9817 25.0365 7.61
    endloop
  endfacet
  facet normal 0.84721 0.350959 0.398827
    outer loop
      vertex 31.4365 26.931 7.61
      vertex 30.9084 26.5126 9.1
      vertex 31.5266 26.7135 7.61
    endloop
  endfacet
  facet normal 0.696965 0.595926 0.398887
    outer loop
      vertex 31.1607 27.3107 7.61
      vertex 30.701 26.851 9.1
      vertex 30.7877 26.7496 9.1
    endloop
  endfacet
  facet normal -0.85262 0.522532 0
    outer loop
      vertex 28.7635 26.931 7.6
      vertex 28.8865 27.1317 7.61
      vertex 28.8865 27.1317 7.6
    endloop
  endfacet
  facet normal -0.85262 0.522532 0
    outer loop
      vertex 28.8865 27.1317 7.61
      vertex 28.7635 26.931 7.6
      vertex 28.7635 26.931 7.61
    endloop
  endfacet
  facet normal -0.382714 -0.923867 0
    outer loop
      vertex 29.419 24.9135 7.6
      vertex 29.6365 24.8234 7.61
      vertex 29.419 24.9135 7.61
    endloop
  endfacet
  facet normal -0.382714 -0.923867 -0
    outer loop
      vertex 29.6365 24.8234 7.61
      vertex 29.419 24.9135 7.6
      vertex 29.6365 24.8234 7.6
    endloop
  endfacet
  facet normal -0.85262 -0.522532 0
    outer loop
      vertex 28.8865 25.3683 7.6
      vertex 28.7635 25.569 7.61
      vertex 28.7635 25.569 7.6
    endloop
  endfacet
  facet normal -0.85262 -0.522532 0
    outer loop
      vertex 28.7635 25.569 7.61
      vertex 28.8865 25.3683 7.6
      vertex 28.8865 25.3683 7.61
    endloop
  endfacet
  facet normal -0.781888 -0.479184 0.398791
    outer loop
      vertex 29.3426 25.8641 9.1
      vertex 28.7635 25.569 7.61
      vertex 28.8865 25.3683 7.61
    endloop
  endfacet
  facet normal -0.696965 -0.595926 0.398887
    outer loop
      vertex 29.4123 25.7504 9.1
      vertex 29.0393 25.1893 7.61
      vertex 29.499 25.649 9.1
    endloop
  endfacet
  facet normal -0.760575 -0.64925 0
    outer loop
      vertex 29.0393 25.1893 7.6
      vertex 28.8865 25.3683 7.61
      vertex 28.8865 25.3683 7.6
    endloop
  endfacet
  facet normal -0.760575 -0.64925 0
    outer loop
      vertex 28.8865 25.3683 7.61
      vertex 29.0393 25.1893 7.6
      vertex 29.0393 25.1893 7.61
    endloop
  endfacet
  facet normal -0.91419 0.0721729 0.398808
    outer loop
      vertex 29.2605 26.383 9.1
      vertex 28.6 26.25 7.61
      vertex 29.25 26.25 9.1
    endloop
  endfacet
  facet normal -0.91419 -0.0721729 0.398808
    outer loop
      vertex 29.25 26.25 9.1
      vertex 28.6 26.25 7.61
      vertex 29.2605 26.117 9.1
    endloop
  endfacet
  facet normal -0.84721 -0.350959 0.398827
    outer loop
      vertex 29.2916 25.9874 9.1
      vertex 28.6734 25.7865 7.61
      vertex 28.7635 25.569 7.61
    endloop
  endfacet
  facet normal -0.847418 -0.350514 0.398776
    outer loop
      vertex 29.2916 25.9874 9.1
      vertex 28.7635 25.569 7.61
      vertex 29.3426 25.8641 9.1
    endloop
  endfacet
  facet normal -0.84721 0.350959 0.398827
    outer loop
      vertex 28.7635 26.931 7.61
      vertex 28.6734 26.7135 7.61
      vertex 29.2916 26.5126 9.1
    endloop
  endfacet
  facet normal -0.89174 0.213877 0.39882
    outer loop
      vertex 28.6734 26.7135 7.61
      vertex 28.6185 26.4846 7.61
      vertex 29.2916 26.5126 9.1
    endloop
  endfacet
  facet normal -0.923867 0.382714 0
    outer loop
      vertex 28.6734 26.7135 7.6
      vertex 28.7635 26.931 7.61
      vertex 28.7635 26.931 7.6
    endloop
  endfacet
  facet normal -0.923867 0.382714 0
    outer loop
      vertex 28.7635 26.931 7.61
      vertex 28.6734 26.7135 7.6
      vertex 28.6734 26.7135 7.61
    endloop
  endfacet
  facet normal -0.996905 -0.0786136 0
    outer loop
      vertex 28.6185 26.0154 7.6
      vertex 28.6 26.25 7.61
      vertex 28.6 26.25 7.6
    endloop
  endfacet
  facet normal -0.996905 -0.0786136 0
    outer loop
      vertex 28.6 26.25 7.61
      vertex 28.6185 26.0154 7.6
      vertex 28.6185 26.0154 7.61
    endloop
  endfacet
  facet normal -0.996905 0.0786136 0
    outer loop
      vertex 28.6 26.25 7.6
      vertex 28.6185 26.4846 7.61
      vertex 28.6185 26.4846 7.6
    endloop
  endfacet
  facet normal -0.996905 0.0786136 0
    outer loop
      vertex 28.6185 26.4846 7.61
      vertex 28.6 26.25 7.6
      vertex 28.6 26.25 7.61
    endloop
  endfacet
  facet normal -0.923867 -0.382714 0
    outer loop
      vertex 28.7635 25.569 7.6
      vertex 28.6734 25.7865 7.61
      vertex 28.6734 25.7865 7.6
    endloop
  endfacet
  facet normal -0.923867 -0.382714 0
    outer loop
      vertex 28.6734 25.7865 7.61
      vertex 28.7635 25.569 7.6
      vertex 28.7635 25.569 7.61
    endloop
  endfacet
  facet normal 0.972422 -0.233228 0
    outer loop
      vertex 31.5266 25.7865 7.61
      vertex 31.5815 26.0154 7.6
      vertex 31.5815 26.0154 7.61
    endloop
  endfacet
  facet normal 0.972422 -0.233228 0
    outer loop
      vertex 31.5815 26.0154 7.6
      vertex 31.5266 25.7865 7.61
      vertex 31.5266 25.7865 7.6
    endloop
  endfacet
  facet normal 0.914193 -0.0720911 0.398816
    outer loop
      vertex 31.6 26.25 7.61
      vertex 30.9395 26.117 9.1
      vertex 31.5815 26.0154 7.61
    endloop
  endfacet
  facet normal 0.697472 0.595384 0.39881
    outer loop
      vertex 31.1607 27.3107 7.61
      vertex 30.7877 26.7496 9.1
      vertex 31.3135 27.1317 7.61
    endloop
  endfacet
  facet normal 0.891719 0.213985 0.398808
    outer loop
      vertex 31.5815 26.4846 7.61
      vertex 30.9084 26.5126 9.1
      vertex 30.9395 26.383 9.1
    endloop
  endfacet
  facet normal -0.696965 0.595926 0.398887
    outer loop
      vertex 29.499 26.851 9.1
      vertex 29.0393 27.3107 7.61
      vertex 29.4123 26.7496 9.1
    endloop
  endfacet
  facet normal -0.648161 0.648043 0.399909
    outer loop
      vertex 29.499 26.851 9.1
      vertex 29.8 27.3419 8.79236
      vertex 29.0393 27.3107 7.61
    endloop
  endfacet
  facet normal -0.648242 0.648027 0.399803
    outer loop
      vertex 29.8 27.3419 8.79236
      vertex 29.499 26.851 9.1
      vertex 29.8 27.1521 9.1
    endloop
  endfacet
  facet normal -0.706208 0.708005 0
    outer loop
      vertex 29.0393 27.3107 7.6
      vertex 29.0787 27.35 7.61
      vertex 29.0787 27.35 7.6
    endloop
  endfacet
  facet normal -0.706208 0.708005 0
    outer loop
      vertex 29.0787 27.35 7.61
      vertex 29.0393 27.3107 7.6
      vertex 29.0393 27.3107 7.61
    endloop
  endfacet
  facet normal -0.213801 -0.891747 0.398843
    outer loop
      vertex 29.8 25.3267 8.82294
      vertex 29.6365 24.8234 7.61
      vertex 29.8 24.7842 7.61
    endloop
  endfacet
  facet normal -0.479273 -0.781827 0.398802
    outer loop
      vertex 29.6004 25.5623 9.1
      vertex 29.2183 25.0365 7.61
      vertex 29.7141 25.4926 9.1
    endloop
  endfacet
  facet normal -0.595384 -0.697472 0.39881
    outer loop
      vertex 29.6004 25.5623 9.1
      vertex 29.0393 25.1893 7.61
      vertex 29.2183 25.0365 7.61
    endloop
  endfacet
  facet normal -0.781827 0.479273 0.398802
    outer loop
      vertex 29.4123 26.7496 9.1
      vertex 28.8865 27.1317 7.61
      vertex 29.3426 26.6359 9.1
    endloop
  endfacet
  facet normal -0.781888 0.479184 0.398791
    outer loop
      vertex 28.8865 27.1317 7.61
      vertex 28.7635 26.931 7.61
      vertex 29.3426 26.6359 9.1
    endloop
  endfacet
  facet normal 0.760575 -0.64925 0
    outer loop
      vertex 31.1607 25.1893 7.61
      vertex 31.3135 25.3683 7.6
      vertex 31.3135 25.3683 7.61
    endloop
  endfacet
  facet normal 0.760575 -0.64925 0
    outer loop
      vertex 31.3135 25.3683 7.6
      vertex 31.1607 25.1893 7.61
      vertex 31.1607 25.1893 7.6
    endloop
  endfacet
  facet normal 0.479273 -0.781827 0.398802
    outer loop
      vertex 30.5996 25.5623 9.1
      vertex 30.4859 25.4926 9.1
      vertex 30.9817 25.0365 7.61
    endloop
  endfacet
  facet normal 0.84721 -0.350959 0.398827
    outer loop
      vertex 31.5266 25.7865 7.61
      vertex 30.9084 25.9874 9.1
      vertex 31.4365 25.569 7.61
    endloop
  endfacet
  facet normal 0.89174 -0.213877 0.39882
    outer loop
      vertex 31.5815 26.0154 7.61
      vertex 30.9084 25.9874 9.1
      vertex 31.5266 25.7865 7.61
    endloop
  endfacet
  facet normal 0.914193 0.0720911 0.398816
    outer loop
      vertex 31.5815 26.4846 7.61
      vertex 30.9395 26.383 9.1
      vertex 31.6 26.25 7.61
    endloop
  endfacet
  facet normal 0.781827 0.479273 0.398802
    outer loop
      vertex 31.3135 27.1317 7.61
      vertex 30.7877 26.7496 9.1
      vertex 30.8574 26.6359 9.1
    endloop
  endfacet
  facet normal 0.847418 0.350514 0.398776
    outer loop
      vertex 31.4365 26.931 7.61
      vertex 30.8574 26.6359 9.1
      vertex 30.9084 26.5126 9.1
    endloop
  endfacet
  facet normal 0.233148 -0.972441 0
    outer loop
      vertex 30.4 24.7842 7.6
      vertex 30.5635 24.8234 7.61
      vertex 30.4 24.7842 7.61
    endloop
  endfacet
  facet normal 0.233148 -0.972441 0
    outer loop
      vertex 30.5635 24.8234 7.61
      vertex 30.4 24.7842 7.6
      vertex 30.5635 24.8234 7.6
    endloop
  endfacet
  facet normal -0.522532 -0.85262 0
    outer loop
      vertex 29.2183 25.0365 7.6
      vertex 29.419 24.9135 7.61
      vertex 29.2183 25.0365 7.61
    endloop
  endfacet
  facet normal -0.522532 -0.85262 -0
    outer loop
      vertex 29.419 24.9135 7.61
      vertex 29.2183 25.0365 7.6
      vertex 29.419 24.9135 7.6
    endloop
  endfacet
  facet normal 0.64925 -0.760575 0
    outer loop
      vertex 30.9817 25.0365 7.6
      vertex 31.1607 25.1893 7.61
      vertex 30.9817 25.0365 7.61
    endloop
  endfacet
  facet normal 0.64925 -0.760575 0
    outer loop
      vertex 31.1607 25.1893 7.61
      vertex 30.9817 25.0365 7.6
      vertex 31.1607 25.1893 7.6
    endloop
  endfacet
  facet normal 0.781827 -0.479273 0.398802
    outer loop
      vertex 30.8574 25.8641 9.1
      vertex 30.7877 25.7504 9.1
      vertex 31.3135 25.3683 7.61
    endloop
  endfacet
  facet normal 0.697472 -0.595384 0.39881
    outer loop
      vertex 31.3135 25.3683 7.61
      vertex 30.7877 25.7504 9.1
      vertex 31.1607 25.1893 7.61
    endloop
  endfacet
  facet normal 0.696965 -0.595926 0.398887
    outer loop
      vertex 30.7877 25.7504 9.1
      vertex 30.701 25.649 9.1
      vertex 31.1607 25.1893 7.61
    endloop
  endfacet
  facet normal 0.891719 -0.213985 0.398808
    outer loop
      vertex 30.9395 26.117 9.1
      vertex 30.9084 25.9874 9.1
      vertex 31.5815 26.0154 7.61
    endloop
  endfacet
  facet normal 0.847418 -0.350514 0.398776
    outer loop
      vertex 30.9084 25.9874 9.1
      vertex 30.8574 25.8641 9.1
      vertex 31.4365 25.569 7.61
    endloop
  endfacet
  facet normal 0.91419 -0.0721729 0.398808
    outer loop
      vertex 30.95 26.25 9.1
      vertex 30.9395 26.117 9.1
      vertex 31.6 26.25 7.61
    endloop
  endfacet
  facet normal 0.91419 0.0721729 0.398808
    outer loop
      vertex 31.6 26.25 7.61
      vertex 30.9395 26.383 9.1
      vertex 30.95 26.25 9.1
    endloop
  endfacet
  facet normal 0.996905 0.0786136 0
    outer loop
      vertex 31.6 26.25 7.61
      vertex 31.5815 26.4846 7.6
      vertex 31.5815 26.4846 7.61
    endloop
  endfacet
  facet normal 0.996905 0.0786136 0
    outer loop
      vertex 31.5815 26.4846 7.6
      vertex 31.6 26.25 7.61
      vertex 31.6 26.25 7.6
    endloop
  endfacet
  facet normal 0.996905 -0.0786136 0
    outer loop
      vertex 31.5815 26.0154 7.61
      vertex 31.6 26.25 7.6
      vertex 31.6 26.25 7.61
    endloop
  endfacet
  facet normal 0.996905 -0.0786136 0
    outer loop
      vertex 31.6 26.25 7.6
      vertex 31.5815 26.0154 7.61
      vertex 31.5815 26.0154 7.6
    endloop
  endfacet
  facet normal 0.85262 0.522532 0
    outer loop
      vertex 31.4365 26.931 7.61
      vertex 31.3135 27.1317 7.6
      vertex 31.3135 27.1317 7.61
    endloop
  endfacet
  facet normal 0.85262 0.522532 0
    outer loop
      vertex 31.3135 27.1317 7.6
      vertex 31.4365 26.931 7.61
      vertex 31.4365 26.931 7.6
    endloop
  endfacet
  facet normal 0.89174 0.213877 0.39882
    outer loop
      vertex 31.5266 26.7135 7.61
      vertex 30.9084 26.5126 9.1
      vertex 31.5815 26.4846 7.61
    endloop
  endfacet
  facet normal 0.923867 0.382714 0
    outer loop
      vertex 31.5266 26.7135 7.61
      vertex 31.4365 26.931 7.6
      vertex 31.4365 26.931 7.61
    endloop
  endfacet
  facet normal 0.923867 0.382714 0
    outer loop
      vertex 31.4365 26.931 7.6
      vertex 31.5266 26.7135 7.61
      vertex 31.5266 26.7135 7.6
    endloop
  endfacet
  facet normal 0.972422 0.233228 0
    outer loop
      vertex 31.5815 26.4846 7.61
      vertex 31.5266 26.7135 7.6
      vertex 31.5266 26.7135 7.61
    endloop
  endfacet
  facet normal 0.972422 0.233228 0
    outer loop
      vertex 31.5266 26.7135 7.6
      vertex 31.5815 26.4846 7.61
      vertex 31.5815 26.4846 7.6
    endloop
  endfacet
  facet normal 0.85262 -0.522532 0
    outer loop
      vertex 31.3135 25.3683 7.61
      vertex 31.4365 25.569 7.6
      vertex 31.4365 25.569 7.61
    endloop
  endfacet
  facet normal 0.85262 -0.522532 0
    outer loop
      vertex 31.4365 25.569 7.6
      vertex 31.3135 25.3683 7.61
      vertex 31.3135 25.3683 7.6
    endloop
  endfacet
  facet normal 0.996913 0.0785092 0
    outer loop
      vertex 32.6 26.25 6
      vertex 32.5692 26.6411 2
      vertex 32.5692 26.6411 6
    endloop
  endfacet
  facet normal 0.996913 0.0785092 0
    outer loop
      vertex 32.5692 26.6411 2
      vertex 32.6 26.25 6
      vertex 32.6 26.25 2
    endloop
  endfacet
  facet normal -0.996913 0.0785092 0
    outer loop
      vertex 27.6 26.25 2
      vertex 27.6308 26.6411 6
      vertex 27.6308 26.6411 2
    endloop
  endfacet
  facet normal -0.996913 0.0785092 0
    outer loop
      vertex 27.6308 26.6411 6
      vertex 27.6 26.25 2
      vertex 27.6 26.25 6
    endloop
  endfacet
  facet normal 0.0787883 0.996891 0
    outer loop
      vertex 30.4911 28.7192 6
      vertex 30.4 28.7264 3
      vertex 30.4 28.7264 6
    endloop
  endfacet
  facet normal 0.0787883 0.996891 -0
    outer loop
      vertex 30.4911 28.7192 2
      vertex 30.4 28.7264 3
      vertex 30.4911 28.7192 6
    endloop
  endfacet
  facet normal 0.0785092 0.996913 -2.55919e-05
    outer loop
      vertex 30.1 28.75 2
      vertex 30.4 28.7264 3
      vertex 30.4911 28.7192 2
    endloop
  endfacet
  facet normal 0.0784244 0.99692 0
    outer loop
      vertex 30.4 28.7264 3
      vertex 30.1 28.75 2
      vertex 30.1 28.75 3
    endloop
  endfacet
  facet normal -0.0787883 -0.996891 0
    outer loop
      vertex 29.7089 23.7808 6
      vertex 29.8 23.7736 3
      vertex 29.8 23.7736 6
    endloop
  endfacet
  facet normal -0.0787883 -0.996891 0
    outer loop
      vertex 29.7089 23.7808 2
      vertex 29.8 23.7736 3
      vertex 29.7089 23.7808 6
    endloop
  endfacet
  facet normal -0.0785092 -0.996913 -2.55919e-05
    outer loop
      vertex 30.1 23.75 2
      vertex 29.8 23.7736 3
      vertex 29.7089 23.7808 2
    endloop
  endfacet
  facet normal -0.0784244 -0.99692 0
    outer loop
      vertex 29.8 23.7736 3
      vertex 30.1 23.75 2
      vertex 30.1 23.75 3
    endloop
  endfacet
  facet normal -0.760497 -0.649342 0
    outer loop
      vertex 28.3322 24.4822 2
      vertex 28.0775 24.7805 6
      vertex 28.0775 24.7805 2
    endloop
  endfacet
  facet normal -0.760497 -0.649342 0
    outer loop
      vertex 28.0775 24.7805 6
      vertex 28.3322 24.4822 2
      vertex 28.3322 24.4822 6
    endloop
  endfacet
  facet normal 0.760497 0.649342 0
    outer loop
      vertex 32.1225 27.7195 6
      vertex 31.8678 28.0178 2
      vertex 31.8678 28.0178 6
    endloop
  endfacet
  facet normal 0.760497 0.649342 0
    outer loop
      vertex 31.8678 28.0178 2
      vertex 32.1225 27.7195 6
      vertex 32.1225 27.7195 2
    endloop
  endfacet
  facet normal -0.649342 0.760497 0
    outer loop
      vertex 28.6305 28.2725 2
      vertex 28.3322 28.0178 6
      vertex 28.6305 28.2725 6
    endloop
  endfacet
  facet normal -0.649342 0.760497 0
    outer loop
      vertex 28.3322 28.0178 6
      vertex 28.6305 28.2725 2
      vertex 28.3322 28.0178 2
    endloop
  endfacet
  facet normal -0.382569 0.923927 0
    outer loop
      vertex 29.3275 28.6276 2
      vertex 28.965 28.4775 6
      vertex 29.3275 28.6276 6
    endloop
  endfacet
  facet normal -0.382569 0.923927 0
    outer loop
      vertex 28.965 28.4775 6
      vertex 29.3275 28.6276 2
      vertex 28.965 28.4775 2
    endloop
  endfacet
  facet normal 0.923927 0.382569 0
    outer loop
      vertex 32.4776 27.0225 6
      vertex 32.3275 27.385 2
      vertex 32.3275 27.385 6
    endloop
  endfacet
  facet normal 0.923927 0.382569 0
    outer loop
      vertex 32.3275 27.385 2
      vertex 32.4776 27.0225 6
      vertex 32.4776 27.0225 2
    endloop
  endfacet
  facet normal 0.97235 0.233527 0
    outer loop
      vertex 32.5692 26.6411 6
      vertex 32.4776 27.0225 2
      vertex 32.4776 27.0225 6
    endloop
  endfacet
  facet normal 0.97235 0.233527 0
    outer loop
      vertex 32.4776 27.0225 2
      vertex 32.5692 26.6411 6
      vertex 32.5692 26.6411 2
    endloop
  endfacet
  facet normal 0.85262 0.522532 0
    outer loop
      vertex 32.3275 27.385 6
      vertex 32.1225 27.7195 2
      vertex 32.1225 27.7195 6
    endloop
  endfacet
  facet normal 0.85262 0.522532 0
    outer loop
      vertex 32.1225 27.7195 2
      vertex 32.3275 27.385 6
      vertex 32.3275 27.385 2
    endloop
  endfacet
  facet normal 0.522532 0.85262 -0
    outer loop
      vertex 31.5695 28.2725 2
      vertex 31.235 28.4775 6
      vertex 31.5695 28.2725 6
    endloop
  endfacet
  facet normal 0.522532 0.85262 0
    outer loop
      vertex 31.235 28.4775 6
      vertex 31.5695 28.2725 2
      vertex 31.235 28.4775 2
    endloop
  endfacet
  facet normal 0.382569 0.923927 -0
    outer loop
      vertex 31.235 28.4775 2
      vertex 30.8725 28.6276 6
      vertex 31.235 28.4775 6
    endloop
  endfacet
  facet normal 0.382569 0.923927 0
    outer loop
      vertex 30.8725 28.6276 6
      vertex 31.235 28.4775 2
      vertex 30.8725 28.6276 2
    endloop
  endfacet
  facet normal 0.649342 0.760497 -0
    outer loop
      vertex 31.8678 28.0178 2
      vertex 31.5695 28.2725 6
      vertex 31.8678 28.0178 6
    endloop
  endfacet
  facet normal 0.649342 0.760497 0
    outer loop
      vertex 31.5695 28.2725 6
      vertex 31.8678 28.0178 2
      vertex 31.5695 28.2725 2
    endloop
  endfacet
  facet normal -0.85262 0.522532 0
    outer loop
      vertex 27.8725 27.385 2
      vertex 28.0775 27.7195 6
      vertex 28.0775 27.7195 2
    endloop
  endfacet
  facet normal -0.85262 0.522532 0
    outer loop
      vertex 28.0775 27.7195 6
      vertex 27.8725 27.385 2
      vertex 27.8725 27.385 6
    endloop
  endfacet
  facet normal -0.760497 0.649342 0
    outer loop
      vertex 28.0775 27.7195 2
      vertex 28.3322 28.0178 6
      vertex 28.3322 28.0178 2
    endloop
  endfacet
  facet normal -0.760497 0.649342 0
    outer loop
      vertex 28.3322 28.0178 6
      vertex 28.0775 27.7195 2
      vertex 28.0775 27.7195 6
    endloop
  endfacet
  facet normal -0.923927 0.382569 0
    outer loop
      vertex 27.7224 27.0225 2
      vertex 27.8725 27.385 6
      vertex 27.8725 27.385 2
    endloop
  endfacet
  facet normal -0.923927 0.382569 0
    outer loop
      vertex 27.8725 27.385 6
      vertex 27.7224 27.0225 2
      vertex 27.7224 27.0225 6
    endloop
  endfacet
  facet normal -0.522532 0.85262 0
    outer loop
      vertex 28.965 28.4775 2
      vertex 28.6305 28.2725 6
      vertex 28.965 28.4775 6
    endloop
  endfacet
  facet normal -0.522532 0.85262 0
    outer loop
      vertex 28.6305 28.2725 6
      vertex 28.965 28.4775 2
      vertex 28.6305 28.2725 2
    endloop
  endfacet
  facet normal -0.233527 0.97235 0
    outer loop
      vertex 29.7089 28.7192 2
      vertex 29.3275 28.6276 6
      vertex 29.7089 28.7192 6
    endloop
  endfacet
  facet normal -0.233527 0.97235 0
    outer loop
      vertex 29.3275 28.6276 6
      vertex 29.7089 28.7192 2
      vertex 29.3275 28.6276 2
    endloop
  endfacet
  facet normal 0.522532 -0.85262 0
    outer loop
      vertex 31.235 24.0225 2
      vertex 31.5695 24.2275 6
      vertex 31.235 24.0225 6
    endloop
  endfacet
  facet normal 0.522532 -0.85262 0
    outer loop
      vertex 31.5695 24.2275 6
      vertex 31.235 24.0225 2
      vertex 31.5695 24.2275 2
    endloop
  endfacet
  facet normal -0.649342 -0.760497 0
    outer loop
      vertex 28.3322 24.4822 2
      vertex 28.6305 24.2275 6
      vertex 28.3322 24.4822 6
    endloop
  endfacet
  facet normal -0.649342 -0.760497 -0
    outer loop
      vertex 28.6305 24.2275 6
      vertex 28.3322 24.4822 2
      vertex 28.6305 24.2275 2
    endloop
  endfacet
  facet normal -0.382569 -0.923927 0
    outer loop
      vertex 28.965 24.0225 2
      vertex 29.3275 23.8724 6
      vertex 28.965 24.0225 6
    endloop
  endfacet
  facet normal -0.382569 -0.923927 -0
    outer loop
      vertex 29.3275 23.8724 6
      vertex 28.965 24.0225 2
      vertex 29.3275 23.8724 2
    endloop
  endfacet
  facet normal -0.85262 -0.522532 0
    outer loop
      vertex 28.0775 24.7805 2
      vertex 27.8725 25.115 6
      vertex 27.8725 25.115 2
    endloop
  endfacet
  facet normal -0.85262 -0.522532 0
    outer loop
      vertex 27.8725 25.115 6
      vertex 28.0775 24.7805 2
      vertex 28.0775 24.7805 6
    endloop
  endfacet
  facet normal 0.233527 0.97235 -0
    outer loop
      vertex 30.8725 28.6276 2
      vertex 30.4911 28.7192 6
      vertex 30.8725 28.6276 6
    endloop
  endfacet
  facet normal 0.233527 0.97235 0
    outer loop
      vertex 30.4911 28.7192 6
      vertex 30.8725 28.6276 2
      vertex 30.4911 28.7192 2
    endloop
  endfacet
  facet normal -0.97235 0.233527 0
    outer loop
      vertex 27.6308 26.6411 2
      vertex 27.7224 27.0225 6
      vertex 27.7224 27.0225 2
    endloop
  endfacet
  facet normal -0.97235 0.233527 0
    outer loop
      vertex 27.7224 27.0225 6
      vertex 27.6308 26.6411 2
      vertex 27.6308 26.6411 6
    endloop
  endfacet
  facet normal -0.0784244 0.99692 0
    outer loop
      vertex 30.1 28.75 3
      vertex 30.1 28.75 2
      vertex 29.8 28.7264 3
    endloop
  endfacet
  facet normal -0.0787883 0.996891 0
    outer loop
      vertex 29.8 28.7264 3
      vertex 29.7089 28.7192 6
      vertex 29.8 28.7264 6
    endloop
  endfacet
  facet normal -0.0787883 0.996891 0
    outer loop
      vertex 29.8 28.7264 3
      vertex 29.7089 28.7192 2
      vertex 29.7089 28.7192 6
    endloop
  endfacet
  facet normal -0.0785092 0.996913 -2.55919e-05
    outer loop
      vertex 29.7089 28.7192 2
      vertex 29.8 28.7264 3
      vertex 30.1 28.75 2
    endloop
  endfacet
  facet normal 0.996913 -0.0785092 0
    outer loop
      vertex 32.5692 25.8589 6
      vertex 32.6 26.25 2
      vertex 32.6 26.25 6
    endloop
  endfacet
  facet normal 0.996913 -0.0785092 0
    outer loop
      vertex 32.6 26.25 2
      vertex 32.5692 25.8589 6
      vertex 32.5692 25.8589 2
    endloop
  endfacet
  facet normal 0.0784244 -0.99692 0
    outer loop
      vertex 30.1 23.75 3
      vertex 30.1 23.75 2
      vertex 30.4 23.7736 3
    endloop
  endfacet
  facet normal 0.0787883 -0.996891 0
    outer loop
      vertex 30.4 23.7736 3
      vertex 30.4911 23.7808 6
      vertex 30.4 23.7736 6
    endloop
  endfacet
  facet normal 0.0787883 -0.996891 0
    outer loop
      vertex 30.4 23.7736 3
      vertex 30.4911 23.7808 2
      vertex 30.4911 23.7808 6
    endloop
  endfacet
  facet normal 0.0785092 -0.996913 -2.55919e-05
    outer loop
      vertex 30.4911 23.7808 2
      vertex 30.4 23.7736 3
      vertex 30.1 23.75 2
    endloop
  endfacet
  facet normal 0.382569 -0.923927 0
    outer loop
      vertex 30.8725 23.8724 2
      vertex 31.235 24.0225 6
      vertex 30.8725 23.8724 6
    endloop
  endfacet
  facet normal 0.382569 -0.923927 0
    outer loop
      vertex 31.235 24.0225 6
      vertex 30.8725 23.8724 2
      vertex 31.235 24.0225 2
    endloop
  endfacet
  facet normal 0.649342 -0.760497 0
    outer loop
      vertex 31.5695 24.2275 2
      vertex 31.8678 24.4822 6
      vertex 31.5695 24.2275 6
    endloop
  endfacet
  facet normal 0.649342 -0.760497 0
    outer loop
      vertex 31.8678 24.4822 6
      vertex 31.5695 24.2275 2
      vertex 31.8678 24.4822 2
    endloop
  endfacet
  facet normal 0.923927 -0.382569 0
    outer loop
      vertex 32.3275 25.115 6
      vertex 32.4776 25.4775 2
      vertex 32.4776 25.4775 6
    endloop
  endfacet
  facet normal 0.923927 -0.382569 0
    outer loop
      vertex 32.4776 25.4775 2
      vertex 32.3275 25.115 6
      vertex 32.3275 25.115 2
    endloop
  endfacet
  facet normal 0.760497 -0.649342 0
    outer loop
      vertex 31.8678 24.4822 6
      vertex 32.1225 24.7805 2
      vertex 32.1225 24.7805 6
    endloop
  endfacet
  facet normal 0.760497 -0.649342 0
    outer loop
      vertex 32.1225 24.7805 2
      vertex 31.8678 24.4822 6
      vertex 31.8678 24.4822 2
    endloop
  endfacet
  facet normal -0.522532 -0.85262 0
    outer loop
      vertex 28.6305 24.2275 2
      vertex 28.965 24.0225 6
      vertex 28.6305 24.2275 6
    endloop
  endfacet
  facet normal -0.522532 -0.85262 -0
    outer loop
      vertex 28.965 24.0225 6
      vertex 28.6305 24.2275 2
      vertex 28.965 24.0225 2
    endloop
  endfacet
  facet normal -0.233527 -0.97235 0
    outer loop
      vertex 29.3275 23.8724 2
      vertex 29.7089 23.7808 6
      vertex 29.3275 23.8724 6
    endloop
  endfacet
  facet normal -0.233527 -0.97235 -0
    outer loop
      vertex 29.7089 23.7808 6
      vertex 29.3275 23.8724 2
      vertex 29.7089 23.7808 2
    endloop
  endfacet
  facet normal -0.923927 -0.382569 0
    outer loop
      vertex 27.8725 25.115 2
      vertex 27.7224 25.4775 6
      vertex 27.7224 25.4775 2
    endloop
  endfacet
  facet normal -0.923927 -0.382569 0
    outer loop
      vertex 27.7224 25.4775 6
      vertex 27.8725 25.115 2
      vertex 27.8725 25.115 6
    endloop
  endfacet
  facet normal -0.996913 -0.0785092 0
    outer loop
      vertex 27.6308 25.8589 2
      vertex 27.6 26.25 6
      vertex 27.6 26.25 2
    endloop
  endfacet
  facet normal -0.996913 -0.0785092 0
    outer loop
      vertex 27.6 26.25 6
      vertex 27.6308 25.8589 2
      vertex 27.6308 25.8589 6
    endloop
  endfacet
  facet normal 0.233527 -0.97235 0
    outer loop
      vertex 30.4911 23.7808 2
      vertex 30.8725 23.8724 6
      vertex 30.4911 23.7808 6
    endloop
  endfacet
  facet normal 0.233527 -0.97235 0
    outer loop
      vertex 30.8725 23.8724 6
      vertex 30.4911 23.7808 2
      vertex 30.8725 23.8724 2
    endloop
  endfacet
  facet normal 0.97235 -0.233527 0
    outer loop
      vertex 32.4776 25.4775 6
      vertex 32.5692 25.8589 2
      vertex 32.5692 25.8589 6
    endloop
  endfacet
  facet normal 0.97235 -0.233527 0
    outer loop
      vertex 32.5692 25.8589 2
      vertex 32.4776 25.4775 6
      vertex 32.4776 25.4775 2
    endloop
  endfacet
  facet normal 0.85262 -0.522532 0
    outer loop
      vertex 32.1225 24.7805 6
      vertex 32.3275 25.115 2
      vertex 32.3275 25.115 6
    endloop
  endfacet
  facet normal 0.85262 -0.522532 0
    outer loop
      vertex 32.3275 25.115 2
      vertex 32.1225 24.7805 6
      vertex 32.1225 24.7805 2
    endloop
  endfacet
  facet normal -0.97235 -0.233527 0
    outer loop
      vertex 27.7224 25.4775 2
      vertex 27.6308 25.8589 6
      vertex 27.6308 25.8589 2
    endloop
  endfacet
  facet normal -0.97235 -0.233527 0
    outer loop
      vertex 27.6308 25.8589 6
      vertex 27.7224 25.4775 2
      vertex 27.7224 25.4775 6
    endloop
  endfacet
  facet normal 1 0 0
    outer loop
      vertex 29.8 25.3267 8.82294
      vertex 29.8 27.35 8.77919
      vertex 29.8 27.3419 8.79236
    endloop
  endfacet
  facet normal 1 -0 0
    outer loop
      vertex 29.8 27.35 6
      vertex 29.8 28.7264 3
      vertex 29.8 28.7264 6
    endloop
  endfacet
  facet normal 1 -0 0
    outer loop
      vertex 29.8 25.3267 8.82294
      vertex 29.8 27.3419 8.79236
      vertex 29.8 27.1521 9.1
    endloop
  endfacet
  facet normal 1 0 0
    outer loop
      vertex 29.8 25.3945 8.96697
      vertex 29.8 27.1521 9.1
      vertex 29.8 25.4571 9.1
    endloop
  endfacet
  facet normal 1 0 0
    outer loop
      vertex 29.8 25.3267 8.82294
      vertex 29.8 27.1521 9.1
      vertex 29.8 25.3945 8.96697
    endloop
  endfacet
  facet normal 1 0 0
    outer loop
      vertex 29.8 27.35 8.77919
      vertex 29.8 25.3267 8.82294
      vertex 29.8 25.143 7.6
    endloop
  endfacet
  facet normal 1 0 0
    outer loop
      vertex 29.8 27.35 8.77919
      vertex 29.8 25.143 7.6
      vertex 29.8 27.35 6
    endloop
  endfacet
  facet normal 1 0 0
    outer loop
      vertex 29.8 25.143 6
      vertex 29.8 27.35 6
      vertex 29.8 25.143 7.6
    endloop
  endfacet
  facet normal 1 0 0
    outer loop
      vertex 29.8 27.35 6
      vertex 29.8 25.143 6
      vertex 29.8 28.7264 3
    endloop
  endfacet
  facet normal 1 0 0
    outer loop
      vertex 29.8 23.7736 3
      vertex 29.8 25.143 6
      vertex 29.8 23.7736 6
    endloop
  endfacet
  facet normal 1 0 0
    outer loop
      vertex 29.8 25.143 6
      vertex 29.8 23.7736 3
      vertex 29.8 28.7264 3
    endloop
  endfacet
  facet normal 1 -0 0
    outer loop
      vertex 29.8 24.7842 7.61
      vertex 29.8 25.143 7.6
      vertex 29.8 25.3267 8.82294
    endloop
  endfacet
  facet normal 1 0 0
    outer loop
      vertex 29.8 25.143 7.6
      vertex 29.8 24.7842 7.61
      vertex 29.8 24.7842 7.6
    endloop
  endfacet
  facet normal -1 0 0
    outer loop
      vertex 30.4 28.7264 3
      vertex 30.4 27.35 6
      vertex 30.4 28.7264 6
    endloop
  endfacet
  facet normal -1 0 0
    outer loop
      vertex 30.4 25.143 7.6
      vertex 30.4 27.35 8.77919
      vertex 30.4 27.35 6
    endloop
  endfacet
  facet normal -1 0 -0
    outer loop
      vertex 30.4 25.3267 8.82294
      vertex 30.4 27.35 8.77919
      vertex 30.4 25.143 7.6
    endloop
  endfacet
  facet normal -1 0 0
    outer loop
      vertex 30.4 27.35 8.77919
      vertex 30.4 25.3267 8.82294
      vertex 30.4 27.3419 8.79236
    endloop
  endfacet
  facet normal -1 0 0
    outer loop
      vertex 30.4 25.143 6
      vertex 30.4 27.35 6
      vertex 30.4 28.7264 3
    endloop
  endfacet
  facet normal -1 0 0
    outer loop
      vertex 30.4 27.3419 8.79236
      vertex 30.4 25.3267 8.82294
      vertex 30.4 27.1521 9.1
    endloop
  endfacet
  facet normal -1 -0 0
    outer loop
      vertex 30.4 27.1521 9.1
      vertex 30.4 25.3945 8.96697
      vertex 30.4 25.4571 9.1
    endloop
  endfacet
  facet normal -1 0 0
    outer loop
      vertex 30.4 27.35 6
      vertex 30.4 25.143 6
      vertex 30.4 25.143 7.6
    endloop
  endfacet
  facet normal -1 0 0
    outer loop
      vertex 30.4 23.7736 3
      vertex 30.4 25.143 6
      vertex 30.4 28.7264 3
    endloop
  endfacet
  facet normal -1 -0 0
    outer loop
      vertex 30.4 25.143 6
      vertex 30.4 23.7736 3
      vertex 30.4 23.7736 6
    endloop
  endfacet
  facet normal -1 0 0
    outer loop
      vertex 30.4 27.1521 9.1
      vertex 30.4 25.3267 8.82294
      vertex 30.4 25.3945 8.96697
    endloop
  endfacet
  facet normal -1 0 0
    outer loop
      vertex 30.4 24.7842 7.61
      vertex 30.4 25.143 7.6
      vertex 30.4 24.7842 7.6
    endloop
  endfacet
  facet normal -1 0 0
    outer loop
      vertex 30.4 25.143 7.6
      vertex 30.4 24.7842 7.61
      vertex 30.4 25.3267 8.82294
    endloop
  endfacet
  facet normal 0 0 1
    outer loop
      vertex 29.8 28.7264 3
      vertex 30.4 28.7264 3
      vertex 30.1 28.75 3
    endloop
  endfacet
  facet normal 0 0 1
    outer loop
      vertex 30.4 28.7264 3
      vertex 29.8 28.7264 3
      vertex 30.4 23.7736 3
    endloop
  endfacet
  facet normal 0 0 1
    outer loop
      vertex 29.8 23.7736 3
      vertex 30.4 23.7736 3
      vertex 29.8 28.7264 3
    endloop
  endfacet
  facet normal 0 0 1
    outer loop
      vertex 30.4 23.7736 3
      vertex 29.8 23.7736 3
      vertex 30.1 23.75 3
    endloop
  endfacet
endsolid OpenSCAD_Model
